/* changes/281-strchriw/foldsets.c: GENERATED by probes/gentable3.c. Do not edit by hand.
 *
 * shlwapi!StrChrIW's match relation for every needle with eight or fewer partners, taken from the
 * live export by enumerating each needle's whole match set.
 *
 * The relation is symmetric but not transitive, U+D7B0 matches U+D7A2 and U+D7B1 matches
 * U+D7A2, but U+D7B0 does not match U+D7B1, so it has NO CLASSES and everything is indexed by
 * NEEDLE. A needle absent from this table and from foldbig.c matches only itself.
 *
 * Rows are (needle, count, partners...).
 */
const unsigned short wia_sci_sets[] = {
0x0020,2,0x0020,0x205F,
0x0022,2,0x0022,0x204D,
0x0023,3,0x0023,0x061E,0x2057,
0x0024,2,0x0024,0x2052,
0x0025,2,0x0025,0x204F,
0x0026,2,0x0026,0x204B,
0x002B,3,0x002B,0xFB29,0xFE62,
0x002D,2,0x002D,0xFE63,
0x002E,2,0x002E,0x2024,
0x0030,2,0x0030,0x24FF,
0x0031,2,0x0031,0x2780,
0x0032,3,0x0032,0x01BB,0x2781,
0x0033,2,0x0033,0x2782,
0x0034,2,0x0034,0x2783,
0x0035,4,0x0035,0x01BC,0x01BD,0x2784,
0x0036,2,0x0036,0x2785,
0x0037,2,0x0037,0x2786,
0x0038,2,0x0038,0x2787,
0x0039,2,0x0039,0x2788,
0x003B,2,0x003B,0x037E,
0x003C,2,0x003C,0xFE64,
0x003D,2,0x003D,0xFE66,
0x003E,2,0x003E,0xFE65,
0x0041,4,0x0041,0x0061,0x1D2C,0x1D43,
0x0042,4,0x0042,0x0062,0x1D2E,0x1D47,
0x0043,3,0x0043,0x0063,0x1D9C,
0x0044,4,0x0044,0x0064,0x1D30,0x1D48,
0x0045,4,0x0045,0x0065,0x1D31,0x1D49,
0x0046,3,0x0046,0x0066,0x1DA0,
0x0047,4,0x0047,0x0067,0x1D33,0x1D4D,
0x0048,4,0x0048,0x0068,0x02B0,0x1D34,
0x0049,3,0x0049,0x0069,0x1D35,
0x004A,4,0x004A,0x006A,0x02B2,0x1D36,
0x004B,5,0x004B,0x006B,0x1D37,0x1D4F,0x212A,
0x004C,4,0x004C,0x006C,0x02E1,0x1D38,
0x004D,4,0x004D,0x006D,0x1D39,0x1D50,
0x004E,3,0x004E,0x006E,0x1D3A,
0x004F,4,0x004F,0x006F,0x1D3C,0x1D52,
0x0050,4,0x0050,0x0070,0x1D3E,0x1D56,
0x0051,2,0x0051,0x0071,
0x0052,4,0x0052,0x0072,0x02B3,0x1D3F,
0x0053,3,0x0053,0x0073,0x02E2,
0x0054,4,0x0054,0x0074,0x1D40,0x1D57,
0x0055,4,0x0055,0x0075,0x1D41,0x1D58,
0x0056,4,0x0056,0x0076,0x1D5B,0x2C7D,
0x0057,4,0x0057,0x0077,0x02B7,0x1D42,
0x0058,3,0x0058,0x0078,0x02E3,
0x0059,3,0x0059,0x0079,0x02B8,
0x005A,3,0x005A,0x007A,0x1DBB,
0x005E,2,0x005E,0x02C6,
0x0060,3,0x0060,0x02CB,0x1FEF,
0x0061,4,0x0041,0x0061,0x1D2C,0x1D43,
0x0062,4,0x0042,0x0062,0x1D2E,0x1D47,
0x0063,3,0x0043,0x0063,0x1D9C,
0x0064,4,0x0044,0x0064,0x1D30,0x1D48,
0x0065,4,0x0045,0x0065,0x1D31,0x1D49,
0x0066,3,0x0046,0x0066,0x1DA0,
0x0067,4,0x0047,0x0067,0x1D33,0x1D4D,
0x0068,4,0x0048,0x0068,0x02B0,0x1D34,
0x0069,3,0x0049,0x0069,0x1D35,
0x006A,4,0x004A,0x006A,0x02B2,0x1D36,
0x006B,5,0x004B,0x006B,0x1D37,0x1D4F,0x212A,
0x006C,4,0x004C,0x006C,0x02E1,0x1D38,
0x006D,4,0x004D,0x006D,0x1D39,0x1D50,
0x006E,3,0x004E,0x006E,0x1D3A,
0x006F,4,0x004F,0x006F,0x1D3C,0x1D52,
0x0070,4,0x0050,0x0070,0x1D3E,0x1D56,
0x0071,2,0x0051,0x0071,
0x0072,4,0x0052,0x0072,0x02B3,0x1D3F,
0x0073,3,0x0053,0x0073,0x02E2,
0x0074,4,0x0054,0x0074,0x1D40,0x1D57,
0x0075,4,0x0055,0x0075,0x1D41,0x1D58,
0x0076,4,0x0056,0x0076,0x1D5B,0x2C7D,
0x0077,4,0x0057,0x0077,0x02B7,0x1D42,
0x0078,3,0x0058,0x0078,0x02E3,
0x0079,3,0x0059,0x0079,0x02B8,
0x007A,3,0x005A,0x007A,0x1DBB,
0x0080,2,0x0080,0x27C7,
0x0081,2,0x0081,0x27C8,
0x0082,2,0x0082,0x27C9,
0x0083,2,0x0083,0x27CA,
0x00A2,2,0x00A2,0x300A,
0x00A3,2,0x00A3,0xFE3D,
0x00A4,2,0x00A4,0x300B,
0x00A5,2,0x00A5,0xFE3E,
0x00B2,3,0x00B2,0x2461,0x278B,
0x00B3,3,0x00B3,0x2462,0x278C,
0x00B4,2,0x00B4,0x1FFD,
0x00B7,2,0x00B7,0x0387,
0x00B9,3,0x00B9,0x2460,0x278A,
0x00C0,2,0x00C0,0x00E0,
0x00C1,2,0x00C1,0x00E1,
0x00C2,2,0x00C2,0x00E2,
0x00C3,2,0x00C3,0x00E3,
0x00C4,2,0x00C4,0x00E4,
0x00C5,3,0x00C5,0x00E5,0x212B,
0x00C6,6,0x00C6,0x00E6,0x1D01,0x1D02,0x1D2D,0x1D46,
0x00C7,2,0x00C7,0x00E7,
0x00C8,2,0x00C8,0x00E8,
0x00C9,2,0x00C9,0x00E9,
0x00CA,2,0x00CA,0x00EA,
0x00CB,2,0x00CB,0x00EB,
0x00CC,2,0x00CC,0x00EC,
0x00CD,2,0x00CD,0x00ED,
0x00CE,2,0x00CE,0x00EE,
0x00CF,2,0x00CF,0x00EF,
0x00D0,3,0x00D0,0x00F0,0x1D9E,
0x00D1,2,0x00D1,0x00F1,
0x00D2,2,0x00D2,0x00F2,
0x00D3,2,0x00D3,0x00F3,
0x00D4,2,0x00D4,0x00F4,
0x00D5,2,0x00D5,0x00F5,
0x00D6,2,0x00D6,0x00F6,
0x00D8,2,0x00D8,0x00F8,
0x00D9,2,0x00D9,0x00F9,
0x00DA,2,0x00DA,0x00FA,
0x00DB,2,0x00DB,0x00FB,
0x00DC,2,0x00DC,0x00FC,
0x00DD,2,0x00DD,0x00FD,
0x00DE,6,0x00DE,0x00FE,0xA764,0xA765,0xA766,0xA767,
0x00DF,2,0x00DF,0x1E9E,
0x00E0,2,0x00C0,0x00E0,
0x00E1,2,0x00C1,0x00E1,
0x00E2,2,0x00C2,0x00E2,
0x00E3,2,0x00C3,0x00E3,
0x00E4,2,0x00C4,0x00E4,
0x00E5,3,0x00C5,0x00E5,0x212B,
0x00E6,6,0x00C6,0x00E6,0x1D01,0x1D02,0x1D2D,0x1D46,
0x00E7,2,0x00C7,0x00E7,
0x00E8,2,0x00C8,0x00E8,
0x00E9,2,0x00C9,0x00E9,
0x00EA,2,0x00CA,0x00EA,
0x00EB,2,0x00CB,0x00EB,
0x00EC,2,0x00CC,0x00EC,
0x00ED,2,0x00CD,0x00ED,
0x00EE,2,0x00CE,0x00EE,
0x00EF,2,0x00CF,0x00EF,
0x00F0,3,0x00D0,0x00F0,0x1D9E,
0x00F1,2,0x00D1,0x00F1,
0x00F2,2,0x00D2,0x00F2,
0x00F3,2,0x00D3,0x00F3,
0x00F4,2,0x00D4,0x00F4,
0x00F5,2,0x00D5,0x00F5,
0x00F6,2,0x00D6,0x00F6,
0x00F8,2,0x00D8,0x00F8,
0x00F9,2,0x00D9,0x00F9,
0x00FA,2,0x00DA,0x00FA,
0x00FB,2,0x00DB,0x00FB,
0x00FC,2,0x00DC,0x00FC,
0x00FD,2,0x00DD,0x00FD,
0x00FE,6,0x00DE,0x00FE,0xA764,0xA765,0xA766,0xA767,
0x00FF,2,0x00FF,0x0178,
0x0100,2,0x0100,0x0101,
0x0101,2,0x0100,0x0101,
0x0102,2,0x0102,0x0103,
0x0103,2,0x0102,0x0103,
0x0104,2,0x0104,0x0105,
0x0105,2,0x0104,0x0105,
0x0106,2,0x0106,0x0107,
0x0107,2,0x0106,0x0107,
0x0108,2,0x0108,0x0109,
0x0109,2,0x0108,0x0109,
0x010A,2,0x010A,0x010B,
0x010B,2,0x010A,0x010B,
0x010C,2,0x010C,0x010D,
0x010D,2,0x010C,0x010D,
0x010E,2,0x010E,0x010F,
0x010F,2,0x010E,0x010F,
0x0110,2,0x0110,0x0111,
0x0111,2,0x0110,0x0111,
0x0112,2,0x0112,0x0113,
0x0113,2,0x0112,0x0113,
0x0114,2,0x0114,0x0115,
0x0115,2,0x0114,0x0115,
0x0116,2,0x0116,0x0117,
0x0117,2,0x0116,0x0117,
0x0118,2,0x0118,0x0119,
0x0119,2,0x0118,0x0119,
0x011A,2,0x011A,0x011B,
0x011B,2,0x011A,0x011B,
0x011C,2,0x011C,0x011D,
0x011D,2,0x011C,0x011D,
0x011E,2,0x011E,0x011F,
0x011F,2,0x011E,0x011F,
0x0120,2,0x0120,0x0121,
0x0121,2,0x0120,0x0121,
0x0122,2,0x0122,0x0123,
0x0123,2,0x0122,0x0123,
0x0124,2,0x0124,0x0125,
0x0125,2,0x0124,0x0125,
0x0126,2,0x0126,0x0127,
0x0127,2,0x0126,0x0127,
0x0128,2,0x0128,0x0129,
0x0129,2,0x0128,0x0129,
0x012A,2,0x012A,0x012B,
0x012B,2,0x012A,0x012B,
0x012C,2,0x012C,0x012D,
0x012D,2,0x012C,0x012D,
0x012E,2,0x012E,0x012F,
0x012F,2,0x012E,0x012F,
0x0132,2,0x0132,0x0133,
0x0133,2,0x0132,0x0133,
0x0134,2,0x0134,0x0135,
0x0135,2,0x0134,0x0135,
0x0136,2,0x0136,0x0137,
0x0137,2,0x0136,0x0137,
0x0139,2,0x0139,0x013A,
0x013A,2,0x0139,0x013A,
0x013B,2,0x013B,0x013C,
0x013C,2,0x013B,0x013C,
0x013D,2,0x013D,0x013E,
0x013E,2,0x013D,0x013E,
0x013F,2,0x013F,0x0140,
0x0140,2,0x013F,0x0140,
0x0141,2,0x0141,0x0142,
0x0142,2,0x0141,0x0142,
0x0143,2,0x0143,0x0144,
0x0144,2,0x0143,0x0144,
0x0145,2,0x0145,0x0146,
0x0146,2,0x0145,0x0146,
0x0147,2,0x0147,0x0148,
0x0148,2,0x0147,0x0148,
0x014A,3,0x014A,0x014B,0x1D51,
0x014B,3,0x014A,0x014B,0x1D51,
0x014C,2,0x014C,0x014D,
0x014D,2,0x014C,0x014D,
0x014E,2,0x014E,0x014F,
0x014F,2,0x014E,0x014F,
0x0150,2,0x0150,0x0151,
0x0151,2,0x0150,0x0151,
0x0152,2,0x0152,0x0153,
0x0153,2,0x0152,0x0153,
0x0154,2,0x0154,0x0155,
0x0155,2,0x0154,0x0155,
0x0156,2,0x0156,0x0157,
0x0157,2,0x0156,0x0157,
0x0158,2,0x0158,0x0159,
0x0159,2,0x0158,0x0159,
0x015A,2,0x015A,0x015B,
0x015B,2,0x015A,0x015B,
0x015C,2,0x015C,0x015D,
0x015D,2,0x015C,0x015D,
0x015E,4,0x015E,0x015F,0x1E64,0x1E65,
0x015F,4,0x015E,0x015F,0x1E64,0x1E65,
0x0160,2,0x0160,0x0161,
0x0161,2,0x0160,0x0161,
0x0162,2,0x0162,0x0163,
0x0163,2,0x0162,0x0163,
0x0164,2,0x0164,0x0165,
0x0165,2,0x0164,0x0165,
0x0166,2,0x0166,0x0167,
0x0167,2,0x0166,0x0167,
0x0168,2,0x0168,0x0169,
0x0169,2,0x0168,0x0169,
0x016A,2,0x016A,0x016B,
0x016B,2,0x016A,0x016B,
0x016C,2,0x016C,0x016D,
0x016D,2,0x016C,0x016D,
0x016E,2,0x016E,0x016F,
0x016F,2,0x016E,0x016F,
0x0170,2,0x0170,0x0171,
0x0171,2,0x0170,0x0171,
0x0172,2,0x0172,0x0173,
0x0173,2,0x0172,0x0173,
0x0174,2,0x0174,0x0175,
0x0175,2,0x0174,0x0175,
0x0176,2,0x0176,0x0177,
0x0177,2,0x0176,0x0177,
0x0178,2,0x00FF,0x0178,
0x0179,2,0x0179,0x017A,
0x017A,2,0x0179,0x017A,
0x017B,2,0x017B,0x017C,
0x017C,2,0x017B,0x017C,
0x017D,2,0x017D,0x017E,
0x017E,2,0x017D,0x017E,
0x0180,3,0x0180,0x0243,0x1D2F,
0x0181,2,0x0181,0x0253,
0x0182,2,0x0182,0x0183,
0x0183,2,0x0182,0x0183,
0x0184,2,0x0184,0x0185,
0x0185,2,0x0184,0x0185,
0x0186,3,0x0186,0x0254,0x1D53,
0x0187,2,0x0187,0x0188,
0x0188,2,0x0187,0x0188,
0x0189,2,0x0189,0x0256,
0x018A,2,0x018A,0x0257,
0x018B,2,0x018B,0x018C,
0x018C,2,0x018B,0x018C,
0x018E,3,0x018E,0x01DD,0x1D32,
0x018F,3,0x018F,0x0259,0x1D4A,
0x0190,3,0x0190,0x025B,0x1D4B,
0x0191,2,0x0191,0x0192,
0x0192,2,0x0191,0x0192,
0x0193,2,0x0193,0x0260,
0x0194,3,0x0194,0x0263,0x02E0,
0x0195,2,0x0195,0x01F6,
0x0196,3,0x0196,0x0269,0x1DA5,
0x0197,3,0x0197,0x0268,0x1DA4,
0x0198,2,0x0198,0x0199,
0x0199,2,0x0198,0x0199,
0x019A,2,0x019A,0x023D,
0x019C,3,0x019C,0x026F,0x1D5A,
0x019D,3,0x019D,0x0272,0x1DAE,
0x019E,2,0x019E,0x0220,
0x019F,3,0x019F,0x0275,0x1DB1,
0x01A0,2,0x01A0,0x01A1,
0x01A1,2,0x01A0,0x01A1,
0x01A2,2,0x01A2,0x01A3,
0x01A3,2,0x01A2,0x01A3,
0x01A4,2,0x01A4,0x01A5,
0x01A5,2,0x01A4,0x01A5,
0x01A6,2,0x01A6,0x0280,
0x01A7,2,0x01A7,0x01A8,
0x01A8,2,0x01A7,0x01A8,
0x01A9,3,0x01A9,0x0283,0x1DB4,
0x01AB,2,0x01AB,0x1DB5,
0x01AC,2,0x01AC,0x01AD,
0x01AD,2,0x01AC,0x01AD,
0x01AE,2,0x01AE,0x0288,
0x01AF,2,0x01AF,0x01B0,
0x01B0,2,0x01AF,0x01B0,
0x01B1,3,0x01B1,0x028A,0x1DB7,
0x01B2,3,0x01B2,0x028B,0x1DB9,
0x01B3,2,0x01B3,0x01B4,
0x01B4,2,0x01B3,0x01B4,
0x01B5,2,0x01B5,0x01B6,
0x01B6,2,0x01B5,0x01B6,
0x01B7,3,0x01B7,0x0292,0x1DBE,
0x01B8,2,0x01B8,0x01B9,
0x01B9,2,0x01B8,0x01B9,
0x01BB,3,0x0032,0x01BB,0x2781,
0x01BC,4,0x0035,0x01BC,0x01BD,0x2784,
0x01BD,4,0x0035,0x01BC,0x01BD,0x2784,
0x01BF,2,0x01BF,0x01F7,
0x01C2,2,0x01C2,0x2AFB,
0x01C4,3,0x01C4,0x01C5,0x01C6,
0x01C5,3,0x01C4,0x01C5,0x01C6,
0x01C6,3,0x01C4,0x01C5,0x01C6,
0x01C7,3,0x01C7,0x01C8,0x01C9,
0x01C8,3,0x01C7,0x01C8,0x01C9,
0x01C9,3,0x01C7,0x01C8,0x01C9,
0x01CA,3,0x01CA,0x01CB,0x01CC,
0x01CB,3,0x01CA,0x01CB,0x01CC,
0x01CC,3,0x01CA,0x01CB,0x01CC,
0x01CD,2,0x01CD,0x01CE,
0x01CE,2,0x01CD,0x01CE,
0x01CF,2,0x01CF,0x01D0,
0x01D0,2,0x01CF,0x01D0,
0x01D1,2,0x01D1,0x01D2,
0x01D2,2,0x01D1,0x01D2,
0x01D3,2,0x01D3,0x01D4,
0x01D4,2,0x01D3,0x01D4,
0x01D5,4,0x01D5,0x01D6,0x1E7A,0x1E7B,
0x01D6,4,0x01D5,0x01D6,0x1E7A,0x1E7B,
0x01D7,2,0x01D7,0x01D8,
0x01D8,2,0x01D7,0x01D8,
0x01D9,4,0x01D9,0x01DA,0x1E78,0x1E79,
0x01DA,4,0x01D9,0x01DA,0x1E78,0x1E79,
0x01DB,2,0x01DB,0x01DC,
0x01DC,2,0x01DB,0x01DC,
0x01DD,3,0x018E,0x01DD,0x1D32,
0x01DE,2,0x01DE,0x01DF,
0x01DF,2,0x01DE,0x01DF,
0x01E0,2,0x01E0,0x01E1,
0x01E1,2,0x01E0,0x01E1,
0x01E2,2,0x01E2,0x01E3,
0x01E3,2,0x01E2,0x01E3,
0x01E4,2,0x01E4,0x01E5,
0x01E5,2,0x01E4,0x01E5,
0x01E6,2,0x01E6,0x01E7,
0x01E7,2,0x01E6,0x01E7,
0x01E8,2,0x01E8,0x01E9,
0x01E9,2,0x01E8,0x01E9,
0x01EA,2,0x01EA,0x01EB,
0x01EB,2,0x01EA,0x01EB,
0x01EC,2,0x01EC,0x01ED,
0x01ED,2,0x01EC,0x01ED,
0x01EE,2,0x01EE,0x01EF,
0x01EF,2,0x01EE,0x01EF,
0x01F1,3,0x01F1,0x01F2,0x01F3,
0x01F2,3,0x01F1,0x01F2,0x01F3,
0x01F3,3,0x01F1,0x01F2,0x01F3,
0x01F4,2,0x01F4,0x01F5,
0x01F5,2,0x01F4,0x01F5,
0x01F6,2,0x0195,0x01F6,
0x01F7,2,0x01BF,0x01F7,
0x01F8,2,0x01F8,0x01F9,
0x01F9,2,0x01F8,0x01F9,
0x01FA,2,0x01FA,0x01FB,
0x01FB,2,0x01FA,0x01FB,
0x01FC,2,0x01FC,0x01FD,
0x01FD,2,0x01FC,0x01FD,
0x01FE,2,0x01FE,0x01FF,
0x01FF,2,0x01FE,0x01FF,
0x0200,2,0x0200,0x0201,
0x0201,2,0x0200,0x0201,
0x0202,2,0x0202,0x0203,
0x0203,2,0x0202,0x0203,
0x0204,2,0x0204,0x0205,
0x0205,2,0x0204,0x0205,
0x0206,2,0x0206,0x0207,
0x0207,2,0x0206,0x0207,
0x0208,2,0x0208,0x0209,
0x0209,2,0x0208,0x0209,
0x020A,2,0x020A,0x020B,
0x020B,2,0x020A,0x020B,
0x020C,2,0x020C,0x020D,
0x020D,2,0x020C,0x020D,
0x020E,2,0x020E,0x020F,
0x020F,2,0x020E,0x020F,
0x0210,2,0x0210,0x0211,
0x0211,2,0x0210,0x0211,
0x0212,2,0x0212,0x0213,
0x0213,2,0x0212,0x0213,
0x0214,2,0x0214,0x0215,
0x0215,2,0x0214,0x0215,
0x0216,2,0x0216,0x0217,
0x0217,2,0x0216,0x0217,
0x0218,2,0x0218,0x0219,
0x0219,2,0x0218,0x0219,
0x021A,2,0x021A,0x021B,
0x021B,2,0x021A,0x021B,
0x021C,2,0x021C,0x021D,
0x021D,2,0x021C,0x021D,
0x021E,2,0x021E,0x021F,
0x021F,2,0x021E,0x021F,
0x0220,2,0x019E,0x0220,
0x0222,3,0x0222,0x0223,0x1D3D,
0x0223,3,0x0222,0x0223,0x1D3D,
0x0224,2,0x0224,0x0225,
0x0225,2,0x0224,0x0225,
0x0226,2,0x0226,0x0227,
0x0227,2,0x0226,0x0227,
0x0228,2,0x0228,0x0229,
0x0229,2,0x0228,0x0229,
0x022A,2,0x022A,0x022B,
0x022B,2,0x022A,0x022B,
0x022C,2,0x022C,0x022D,
0x022D,2,0x022C,0x022D,
0x022E,2,0x022E,0x022F,
0x022F,2,0x022E,0x022F,
0x0230,4,0x0230,0x0231,0x1E4C,0x1E4D,
0x0231,4,0x0230,0x0231,0x1E4C,0x1E4D,
0x0232,2,0x0232,0x0233,
0x0233,2,0x0232,0x0233,
0x0238,2,0x0238,0x33C8,
0x023A,2,0x023A,0x2C65,
0x023B,2,0x023B,0x023C,
0x023C,2,0x023B,0x023C,
0x023D,2,0x019A,0x023D,
0x023E,2,0x023E,0x2C66,
0x023F,2,0x023F,0x2C7E,
0x0240,2,0x0240,0x2C7F,
0x0241,3,0x0241,0x0242,0x0294,
0x0242,3,0x0241,0x0242,0x0294,
0x0243,3,0x0180,0x0243,0x1D2F,
0x0244,3,0x0244,0x0289,0x1DB6,
0x0245,3,0x0245,0x028C,0x1DBA,
0x0246,2,0x0246,0x0247,
0x0247,2,0x0246,0x0247,
0x0248,2,0x0248,0x0249,
0x0249,2,0x0248,0x0249,
0x024A,2,0x024A,0x024B,
0x024B,2,0x024A,0x024B,
0x024C,2,0x024C,0x024D,
0x024D,2,0x024C,0x024D,
0x024E,2,0x024E,0x024F,
0x024F,2,0x024E,0x024F,
0x0250,2,0x0250,0x2C6F,
0x0251,2,0x0251,0x2C6D,
0x0252,2,0x0252,0x1D9B,
0x0253,2,0x0181,0x0253,
0x0254,3,0x0186,0x0254,0x1D53,
0x0255,2,0x0255,0x1D9D,
0x0256,2,0x0189,0x0256,
0x0257,2,0x018A,0x0257,
0x0259,3,0x018F,0x0259,0x1D4A,
0x025B,3,0x0190,0x025B,0x1D4B,
0x025C,2,0x025C,0x1D9F,
0x025F,2,0x025F,0x1DA1,
0x0260,2,0x0193,0x0260,
0x0261,2,0x0261,0x1DA2,
0x0263,3,0x0194,0x0263,0x02E0,
0x0265,2,0x0265,0x1DA3,
0x0266,2,0x0266,0x02B1,
0x0268,3,0x0197,0x0268,0x1DA4,
0x0269,3,0x0196,0x0269,0x1DA5,
0x026A,3,0x026A,0x1DA6,0x2071,
0x026B,2,0x026B,0x2C62,
0x026D,2,0x026D,0x1DA9,
0x026F,3,0x019C,0x026F,0x1D5A,
0x0270,2,0x0270,0x1DAD,
0x0271,3,0x0271,0x1DAC,0x2C6E,
0x0272,3,0x019D,0x0272,0x1DAE,
0x0273,2,0x0273,0x1DAF,
0x0274,3,0x0274,0x1DB0,0x207F,
0x0275,3,0x019F,0x0275,0x1DB1,
0x0278,2,0x0278,0x1DB2,
0x0279,2,0x0279,0x02B4,
0x027B,2,0x027B,0x02B5,
0x027D,2,0x027D,0x2C64,
0x0280,2,0x01A6,0x0280,
0x0281,2,0x0281,0x02B6,
0x0282,2,0x0282,0x1DB3,
0x0283,3,0x01A9,0x0283,0x1DB4,
0x0288,2,0x01AE,0x0288,
0x0289,3,0x0244,0x0289,0x1DB6,
0x028A,3,0x01B1,0x028A,0x1DB7,
0x028B,3,0x01B2,0x028B,0x1DB9,
0x028C,3,0x0245,0x028C,0x1DBA,
0x0290,2,0x0290,0x1DBC,
0x0291,2,0x0291,0x1DBD,
0x0292,3,0x01B7,0x0292,0x1DBE,
0x0294,3,0x0241,0x0242,0x0294,
0x029D,2,0x029D,0x1DA8,
0x029F,2,0x029F,0x1DAB,
0x02B0,4,0x0048,0x0068,0x02B0,0x1D34,
0x02B1,2,0x0266,0x02B1,
0x02B2,4,0x004A,0x006A,0x02B2,0x1D36,
0x02B3,4,0x0052,0x0072,0x02B3,0x1D3F,
0x02B4,2,0x0279,0x02B4,
0x02B5,2,0x027B,0x02B5,
0x02B6,2,0x0281,0x02B6,
0x02B7,4,0x0057,0x0077,0x02B7,0x1D42,
0x02B8,3,0x0059,0x0079,0x02B8,
0x02B9,8,0x02B9,0x0301,0x0341,0x0374,0x0599,0x07ED,0x0952,0x1A7F,
0x02BA,5,0x02BA,0x0328,0x05A6,0x0F8A,0xFE25,
0x02BB,2,0x02BB,0x0312,
0x02BC,3,0x02BC,0x0313,0x0343,
0x02BD,2,0x02BD,0x0314,
0x02C0,2,0x02C0,0x0309,
0x02C2,2,0x02C2,0x1DC0,
0x02C3,2,0x02C3,0x1DC1,
0x02C4,2,0x02C4,0x1DC2,
0x02C5,2,0x02C5,0x1DC3,
0x02C6,2,0x005E,0x02C6,
0x02CB,3,0x0060,0x02CB,0x1FEF,
0x02CC,3,0x02CC,0x0329,0x0356,
0x02CD,2,0x02CD,0x0331,
0x02CE,2,0x02CE,0x20EB,
0x02D0,2,0x02D0,0x2E13,
0x02D4,2,0x02D4,0x031D,
0x02D5,4,0x02D5,0x031E,0x135F,0xA6F0,
0x02D6,4,0x02D6,0x031F,0x135E,0xA6F1,
0x02D7,3,0x02D7,0x0320,0x135D,
0x02DF,2,0x02DF,0x05C2,
0x02E0,3,0x0194,0x0263,0x02E0,
0x02E1,4,0x004C,0x006C,0x02E1,0x1D38,
0x02E2,3,0x0053,0x0073,0x02E2,
0x02E3,3,0x0058,0x0078,0x02E3,
0x02EA,2,0x02EA,0x05C5,
0x02F2,2,0x02F2,0x10FC,
0x02F3,2,0x02F3,0x20E2,
0x02F4,2,0x02F4,0x20E3,
0x02F5,2,0x02F5,0x20E4,
0x02F6,2,0x02F6,0x20E5,
0x02F7,2,0x02F7,0x20E6,
0x02F8,2,0x02F8,0x20E7,
0x02F9,2,0x02F9,0x20E8,
0x02FA,2,0x02FA,0x20E9,
0x02FB,2,0x02FB,0x20EA,
0x02FD,2,0x02FD,0x02FE,
0x02FE,2,0x02FD,0x02FE,
0x0300,6,0x0300,0x0340,0x059A,0x07EE,0x0C55,0x0F71,
0x0301,8,0x02B9,0x0301,0x0341,0x0374,0x0599,0x07ED,0x0952,0x1A7F,
0x0302,4,0x0302,0x059D,0x07F1,0x0954,
0x0303,8,0x0303,0x0360,0x05A4,0x0F89,0xFE20,0xFE21,0xFE22,0xFE23,
0x0304,5,0x0304,0x035E,0x035F,0x05A1,0x0F88,
0x0306,4,0x0306,0x05A0,0x07F3,0x0F85,
0x0307,6,0x0307,0x059B,0x07EF,0x0953,0x0A70,0x0C56,
0x0308,4,0x0308,0x059E,0x07F2,0x0F7F,
0x0309,2,0x02C0,0x0309,
0x030A,3,0x030A,0x05A5,0xFE24,
0x030B,3,0x030B,0x05A8,0x0F8B,
0x030C,2,0x030C,0x059F,
0x0311,2,0x0311,0x0361,
0x0312,2,0x02BB,0x0312,
0x0313,3,0x02BC,0x0313,0x0343,
0x0314,2,0x02BD,0x0314,
0x031D,2,0x02D4,0x031D,
0x031E,4,0x02D5,0x031E,0x135F,0xA6F0,
0x031F,4,0x02D6,0x031F,0x135E,0xA6F1,
0x0320,3,0x02D7,0x0320,0x135D,
0x0321,2,0x0321,0x0350,
0x0322,3,0x0322,0x0351,0x081C,
0x0323,3,0x0323,0x0352,0x081D,
0x0324,3,0x0324,0x0353,0x081E,
0x0325,3,0x0325,0x0354,0x081F,
0x0326,3,0x0326,0x0355,0x0820,
0x0327,3,0x0327,0x05A7,0xFE26,
0x0328,5,0x02BA,0x0328,0x05A6,0x0F8A,0xFE25,
0x0329,3,0x02CC,0x0329,0x0356,
0x032A,2,0x032A,0x0357,
0x032B,2,0x032B,0x0349,
0x032C,2,0x032C,0x034A,
0x032D,2,0x032D,0x034B,
0x032E,2,0x032E,0x034C,
0x032F,2,0x032F,0x034D,
0x0330,2,0x0330,0x034E,
0x0331,2,0x02CD,0x0331,
0x0333,2,0x0333,0x0821,
0x0334,2,0x0334,0x0822,
0x0335,4,0x0335,0x0336,0x05A9,0x0F8D,
0x0336,4,0x0335,0x0336,0x05A9,0x0F8D,
0x0337,4,0x0337,0x0344,0x05AA,0x0F8E,
0x0338,4,0x0338,0x0358,0x05AB,0x0F8C,
0x0339,2,0x0339,0x0823,
0x033A,2,0x033A,0x0824,
0x033B,2,0x033B,0x0825,
0x033C,2,0x033C,0x0826,
0x033D,2,0x033D,0x0827,
0x033E,2,0x033E,0x0828,
0x033F,2,0x033F,0x0829,
0x0340,6,0x0300,0x0340,0x059A,0x07EE,0x0C55,0x0F71,
0x0341,8,0x02B9,0x0301,0x0341,0x0374,0x0599,0x07ED,0x0952,0x1A7F,
0x0342,3,0x0342,0x0740,0x20EE,
0x0343,3,0x02BC,0x0313,0x0343,
0x0344,4,0x0337,0x0344,0x05AA,0x0F8E,
0x0345,2,0x0345,0x0747,
0x0349,2,0x032B,0x0349,
0x034A,2,0x032C,0x034A,
0x034B,2,0x032D,0x034B,
0x034C,2,0x032E,0x034C,
0x034D,2,0x032F,0x034D,
0x034E,2,0x0330,0x034E,
0x0350,2,0x0321,0x0350,
0x0351,3,0x0322,0x0351,0x081C,
0x0352,3,0x0323,0x0352,0x081D,
0x0353,3,0x0324,0x0353,0x081E,
0x0354,3,0x0325,0x0354,0x081F,
0x0355,3,0x0326,0x0355,0x0820,
0x0356,3,0x02CC,0x0329,0x0356,
0x0357,2,0x032A,0x0357,
0x0358,4,0x0338,0x0358,0x05AB,0x0F8C,
0x0359,3,0x0359,0x05AC,0x0F8F,
0x035A,2,0x035A,0x05AD,
0x035B,5,0x035B,0x05AE,0x05C4,0x1DC4,0x1DC7,
0x035C,3,0x035C,0x05B5,0x1DCD,
0x035E,5,0x0304,0x035E,0x035F,0x05A1,0x0F88,
0x035F,5,0x0304,0x035E,0x035F,0x05A1,0x0F88,
0x0360,8,0x0303,0x0360,0x05A4,0x0F89,0xFE20,0xFE21,0xFE22,0xFE23,
0x0361,2,0x0311,0x0361,
0x0362,4,0x0362,0x05B4,0x1DCB,0x1DCC,
0x0363,2,0x0363,0x1D44,
0x0370,2,0x0370,0x0371,
0x0371,2,0x0370,0x0371,
0x0372,2,0x0372,0x0373,
0x0373,2,0x0372,0x0373,
0x0374,8,0x02B9,0x0301,0x0341,0x0374,0x0599,0x07ED,0x0952,0x1A7F,
0x0376,3,0x0376,0x0377,0x03F3,
0x0377,3,0x0376,0x0377,0x03F3,
0x037B,2,0x037B,0x03FD,
0x037C,2,0x037C,0x03FE,
0x037D,2,0x037D,0x03FF,
0x037E,2,0x003B,0x037E,
0x0385,2,0x0385,0x1FEE,
0x0386,4,0x0386,0x03AC,0x1F71,0x1FBB,
0x0387,2,0x00B7,0x0387,
0x0388,4,0x0388,0x03AD,0x1F73,0x1FC9,
0x0389,4,0x0389,0x03AE,0x1F75,0x1FCB,
0x038A,4,0x038A,0x03AF,0x1F77,0x1FDB,
0x038C,4,0x038C,0x03CC,0x1F79,0x1FF9,
0x038E,4,0x038E,0x03CD,0x1F7B,0x1FEB,
0x038F,4,0x038F,0x03CE,0x1F7D,0x1FFB,
0x0390,2,0x0390,0x1FD3,
0x0391,3,0x0391,0x03B1,0x1D45,
0x0392,3,0x0392,0x03B2,0x1D5D,
0x0393,2,0x0393,0x03B3,
0x0394,3,0x0394,0x03B4,0x1D5F,
0x0395,3,0x0395,0x03B5,0x03F5,
0x0396,2,0x0396,0x03B6,
0x0397,2,0x0397,0x03B7,
0x0398,2,0x0398,0x03B8,
0x0399,3,0x0399,0x03B9,0x1FBE,
0x039A,2,0x039A,0x03BA,
0x039B,2,0x039B,0x03BB,
0x039C,2,0x039C,0x03BC,
0x039D,2,0x039D,0x03BD,
0x039E,2,0x039E,0x03BE,
0x039F,2,0x039F,0x03BF,
0x03A0,3,0x03A0,0x03C0,0x213C,
0x03A1,2,0x03A1,0x03C1,
0x03A3,3,0x03A3,0x03C2,0x03C3,
0x03A4,2,0x03A4,0x03C4,
0x03A5,2,0x03A5,0x03C5,
0x03A6,3,0x03A6,0x03C6,0x1D60,
0x03A7,3,0x03A7,0x03C7,0x1D61,
0x03A8,2,0x03A8,0x03C8,
0x03A9,3,0x03A9,0x03C9,0x2126,
0x03AA,2,0x03AA,0x03CA,
0x03AB,2,0x03AB,0x03CB,
0x03AC,4,0x0386,0x03AC,0x1F71,0x1FBB,
0x03AD,4,0x0388,0x03AD,0x1F73,0x1FC9,
0x03AE,4,0x0389,0x03AE,0x1F75,0x1FCB,
0x03AF,4,0x038A,0x03AF,0x1F77,0x1FDB,
0x03B0,2,0x03B0,0x1FE3,
0x03B1,3,0x0391,0x03B1,0x1D45,
0x03B2,3,0x0392,0x03B2,0x1D5D,
0x03B3,2,0x0393,0x03B3,
0x03B4,3,0x0394,0x03B4,0x1D5F,
0x03B5,3,0x0395,0x03B5,0x03F5,
0x03B6,2,0x0396,0x03B6,
0x03B7,2,0x0397,0x03B7,
0x03B8,2,0x0398,0x03B8,
0x03B9,3,0x0399,0x03B9,0x1FBE,
0x03BA,2,0x039A,0x03BA,
0x03BB,2,0x039B,0x03BB,
0x03BC,2,0x039C,0x03BC,
0x03BD,2,0x039D,0x03BD,
0x03BE,2,0x039E,0x03BE,
0x03BF,2,0x039F,0x03BF,
0x03C0,3,0x03A0,0x03C0,0x213C,
0x03C1,2,0x03A1,0x03C1,
0x03C2,3,0x03A3,0x03C2,0x03C3,
0x03C3,3,0x03A3,0x03C2,0x03C3,
0x03C4,2,0x03A4,0x03C4,
0x03C5,2,0x03A5,0x03C5,
0x03C6,3,0x03A6,0x03C6,0x1D60,
0x03C7,3,0x03A7,0x03C7,0x1D61,
0x03C8,2,0x03A8,0x03C8,
0x03C9,3,0x03A9,0x03C9,0x2126,
0x03CA,2,0x03AA,0x03CA,
0x03CB,2,0x03AB,0x03CB,
0x03CC,4,0x038C,0x03CC,0x1F79,0x1FF9,
0x03CD,4,0x038E,0x03CD,0x1F7B,0x1FEB,
0x03CE,4,0x038F,0x03CE,0x1F7D,0x1FFB,
0x03CF,2,0x03CF,0x03D7,
0x03D1,2,0x03D1,0x03F4,
0x03D7,2,0x03CF,0x03D7,
0x03D8,2,0x03D8,0x03D9,
0x03D9,2,0x03D8,0x03D9,
0x03DA,2,0x03DA,0x03DB,
0x03DB,2,0x03DA,0x03DB,
0x03DC,2,0x03DC,0x03DD,
0x03DD,2,0x03DC,0x03DD,
0x03DE,2,0x03DE,0x03DF,
0x03DF,2,0x03DE,0x03DF,
0x03E0,2,0x03E0,0x03E1,
0x03E1,2,0x03E0,0x03E1,
0x03E2,2,0x03E2,0x03E3,
0x03E3,2,0x03E2,0x03E3,
0x03E4,2,0x03E4,0x03E5,
0x03E5,2,0x03E4,0x03E5,
0x03E6,2,0x03E6,0x03E7,
0x03E7,2,0x03E6,0x03E7,
0x03E8,2,0x03E8,0x03E9,
0x03E9,2,0x03E8,0x03E9,
0x03EA,2,0x03EA,0x03EB,
0x03EB,2,0x03EA,0x03EB,
0x03EC,2,0x03EC,0x03ED,
0x03ED,2,0x03EC,0x03ED,
0x03EE,2,0x03EE,0x03EF,
0x03EF,2,0x03EE,0x03EF,
0x03F2,2,0x03F2,0x03F9,
0x03F3,3,0x0376,0x0377,0x03F3,
0x03F4,2,0x03D1,0x03F4,
0x03F5,3,0x0395,0x03B5,0x03F5,
0x03F7,2,0x03F7,0x03F8,
0x03F8,2,0x03F7,0x03F8,
0x03F9,2,0x03F2,0x03F9,
0x03FA,2,0x03FA,0x03FB,
0x03FB,2,0x03FA,0x03FB,
0x03FD,2,0x037B,0x03FD,
0x03FE,2,0x037C,0x03FE,
0x03FF,2,0x037D,0x03FF,
0x0400,2,0x0400,0x0450,
0x0401,2,0x0401,0x0451,
0x0402,2,0x0402,0x0452,
0x0403,2,0x0403,0x0453,
0x0404,2,0x0404,0x0454,
0x0405,2,0x0405,0x0455,
0x0406,2,0x0406,0x0456,
0x0407,2,0x0407,0x0457,
0x0408,2,0x0408,0x0458,
0x0409,2,0x0409,0x0459,
0x040A,2,0x040A,0x045A,
0x040B,2,0x040B,0x045B,
0x040C,2,0x040C,0x045C,
0x040D,2,0x040D,0x045D,
0x040E,2,0x040E,0x045E,
0x040F,2,0x040F,0x045F,
0x0410,2,0x0410,0x0430,
0x0411,2,0x0411,0x0431,
0x0412,2,0x0412,0x0432,
0x0413,2,0x0413,0x0433,
0x0414,2,0x0414,0x0434,
0x0415,2,0x0415,0x0435,
0x0416,2,0x0416,0x0436,
0x0417,2,0x0417,0x0437,
0x0418,2,0x0418,0x0438,
0x0419,2,0x0419,0x0439,
0x041A,2,0x041A,0x043A,
0x041B,2,0x041B,0x043B,
0x041C,2,0x041C,0x043C,
0x041D,3,0x041D,0x043D,0x1D78,
0x041E,2,0x041E,0x043E,
0x041F,2,0x041F,0x043F,
0x0420,2,0x0420,0x0440,
0x0421,2,0x0421,0x0441,
0x0422,2,0x0422,0x0442,
0x0423,2,0x0423,0x0443,
0x0424,2,0x0424,0x0444,
0x0425,2,0x0425,0x0445,
0x0426,2,0x0426,0x0446,
0x0427,2,0x0427,0x0447,
0x0428,2,0x0428,0x0448,
0x0429,2,0x0429,0x0449,
0x042A,2,0x042A,0x044A,
0x042B,2,0x042B,0x044B,
0x042C,2,0x042C,0x044C,
0x042D,2,0x042D,0x044D,
0x042E,2,0x042E,0x044E,
0x042F,2,0x042F,0x044F,
0x0430,2,0x0410,0x0430,
0x0431,2,0x0411,0x0431,
0x0432,2,0x0412,0x0432,
0x0433,2,0x0413,0x0433,
0x0434,2,0x0414,0x0434,
0x0435,2,0x0415,0x0435,
0x0436,2,0x0416,0x0436,
0x0437,2,0x0417,0x0437,
0x0438,2,0x0418,0x0438,
0x0439,2,0x0419,0x0439,
0x043A,2,0x041A,0x043A,
0x043B,2,0x041B,0x043B,
0x043C,2,0x041C,0x043C,
0x043D,3,0x041D,0x043D,0x1D78,
0x043E,2,0x041E,0x043E,
0x043F,2,0x041F,0x043F,
0x0440,2,0x0420,0x0440,
0x0441,2,0x0421,0x0441,
0x0442,2,0x0422,0x0442,
0x0443,2,0x0423,0x0443,
0x0444,2,0x0424,0x0444,
0x0445,2,0x0425,0x0445,
0x0446,2,0x0426,0x0446,
0x0447,2,0x0427,0x0447,
0x0448,2,0x0428,0x0448,
0x0449,2,0x0429,0x0449,
0x044A,2,0x042A,0x044A,
0x044B,2,0x042B,0x044B,
0x044C,2,0x042C,0x044C,
0x044D,2,0x042D,0x044D,
0x044E,2,0x042E,0x044E,
0x044F,2,0x042F,0x044F,
0x0450,2,0x0400,0x0450,
0x0451,2,0x0401,0x0451,
0x0452,2,0x0402,0x0452,
0x0453,2,0x0403,0x0453,
0x0454,2,0x0404,0x0454,
0x0455,2,0x0405,0x0455,
0x0456,2,0x0406,0x0456,
0x0457,2,0x0407,0x0457,
0x0458,2,0x0408,0x0458,
0x0459,2,0x0409,0x0459,
0x045A,2,0x040A,0x045A,
0x045B,2,0x040B,0x045B,
0x045C,2,0x040C,0x045C,
0x045D,2,0x040D,0x045D,
0x045E,2,0x040E,0x045E,
0x045F,2,0x040F,0x045F,
0x0460,2,0x0460,0x0461,
0x0461,2,0x0460,0x0461,
0x0462,2,0x0462,0x0463,
0x0463,2,0x0462,0x0463,
0x0464,2,0x0464,0x0465,
0x0465,2,0x0464,0x0465,
0x0466,2,0x0466,0x0467,
0x0467,2,0x0466,0x0467,
0x0468,2,0x0468,0x0469,
0x0469,2,0x0468,0x0469,
0x046A,2,0x046A,0x046B,
0x046B,2,0x046A,0x046B,
0x046C,2,0x046C,0x046D,
0x046D,2,0x046C,0x046D,
0x046E,2,0x046E,0x046F,
0x046F,2,0x046E,0x046F,
0x0470,2,0x0470,0x0471,
0x0471,2,0x0470,0x0471,
0x0472,2,0x0472,0x0473,
0x0473,2,0x0472,0x0473,
0x0474,2,0x0474,0x0475,
0x0475,2,0x0474,0x0475,
0x0476,2,0x0476,0x0477,
0x0477,2,0x0476,0x0477,
0x0478,2,0x0478,0x0479,
0x0479,2,0x0478,0x0479,
0x047A,2,0x047A,0x047B,
0x047B,2,0x047A,0x047B,
0x047C,2,0x047C,0x047D,
0x047D,2,0x047C,0x047D,
0x047E,2,0x047E,0x047F,
0x047F,2,0x047E,0x047F,
0x0480,2,0x0480,0x0481,
0x0481,2,0x0480,0x0481,
0x0483,2,0x0483,0x0732,
0x0484,2,0x0484,0x0735,
0x0485,3,0x0485,0x0738,0x2CF0,
0x0486,3,0x0486,0x0739,0x2CF1,
0x0487,3,0x0487,0x0559,0x073C,
0x048A,2,0x048A,0x048B,
0x048B,2,0x048A,0x048B,
0x048C,2,0x048C,0x048D,
0x048D,2,0x048C,0x048D,
0x048E,2,0x048E,0x048F,
0x048F,2,0x048E,0x048F,
0x0490,2,0x0490,0x0491,
0x0491,2,0x0490,0x0491,
0x0492,2,0x0492,0x0493,
0x0493,2,0x0492,0x0493,
0x0494,2,0x0494,0x0495,
0x0495,2,0x0494,0x0495,
0x0496,2,0x0496,0x0497,
0x0497,2,0x0496,0x0497,
0x0498,2,0x0498,0x0499,
0x0499,2,0x0498,0x0499,
0x049A,2,0x049A,0x049B,
0x049B,2,0x049A,0x049B,
0x049C,2,0x049C,0x049D,
0x049D,2,0x049C,0x049D,
0x049E,2,0x049E,0x049F,
0x049F,2,0x049E,0x049F,
0x04A0,2,0x04A0,0x04A1,
0x04A1,2,0x04A0,0x04A1,
0x04A2,2,0x04A2,0x04A3,
0x04A3,2,0x04A2,0x04A3,
0x04A4,2,0x04A4,0x04A5,
0x04A5,2,0x04A4,0x04A5,
0x04A6,2,0x04A6,0x04A7,
0x04A7,2,0x04A6,0x04A7,
0x04A8,2,0x04A8,0x04A9,
0x04A9,2,0x04A8,0x04A9,
0x04AA,2,0x04AA,0x04AB,
0x04AB,2,0x04AA,0x04AB,
0x04AC,2,0x04AC,0x04AD,
0x04AD,2,0x04AC,0x04AD,
0x04AE,2,0x04AE,0x04AF,
0x04AF,2,0x04AE,0x04AF,
0x04B0,2,0x04B0,0x04B1,
0x04B1,2,0x04B0,0x04B1,
0x04B2,2,0x04B2,0x04B3,
0x04B3,2,0x04B2,0x04B3,
0x04B4,2,0x04B4,0x04B5,
0x04B5,2,0x04B4,0x04B5,
0x04B6,2,0x04B6,0x04B7,
0x04B7,2,0x04B6,0x04B7,
0x04B8,2,0x04B8,0x04B9,
0x04B9,2,0x04B8,0x04B9,
0x04BA,2,0x04BA,0x04BB,
0x04BB,2,0x04BA,0x04BB,
0x04BC,2,0x04BC,0x04BD,
0x04BD,2,0x04BC,0x04BD,
0x04BE,2,0x04BE,0x04BF,
0x04BF,2,0x04BE,0x04BF,
0x04C0,2,0x04C0,0x04CF,
0x04C1,2,0x04C1,0x04C2,
0x04C2,2,0x04C1,0x04C2,
0x04C3,2,0x04C3,0x04C4,
0x04C4,2,0x04C3,0x04C4,
0x04C5,2,0x04C5,0x04C6,
0x04C6,2,0x04C5,0x04C6,
0x04C7,2,0x04C7,0x04C8,
0x04C8,2,0x04C7,0x04C8,
0x04C9,2,0x04C9,0x04CA,
0x04CA,2,0x04C9,0x04CA,
0x04CB,2,0x04CB,0x04CC,
0x04CC,2,0x04CB,0x04CC,
0x04CD,2,0x04CD,0x04CE,
0x04CE,2,0x04CD,0x04CE,
0x04CF,2,0x04C0,0x04CF,
0x04D0,2,0x04D0,0x04D1,
0x04D1,2,0x04D0,0x04D1,
0x04D2,2,0x04D2,0x04D3,
0x04D3,2,0x04D2,0x04D3,
0x04D4,2,0x04D4,0x04D5,
0x04D5,2,0x04D4,0x04D5,
0x04D6,2,0x04D6,0x04D7,
0x04D7,2,0x04D6,0x04D7,
0x04D8,2,0x04D8,0x04D9,
0x04D9,2,0x04D8,0x04D9,
0x04DA,2,0x04DA,0x04DB,
0x04DB,2,0x04DA,0x04DB,
0x04DC,2,0x04DC,0x04DD,
0x04DD,2,0x04DC,0x04DD,
0x04DE,2,0x04DE,0x04DF,
0x04DF,2,0x04DE,0x04DF,
0x04E0,2,0x04E0,0x04E1,
0x04E1,2,0x04E0,0x04E1,
0x04E2,2,0x04E2,0x04E3,
0x04E3,2,0x04E2,0x04E3,
0x04E4,2,0x04E4,0x04E5,
0x04E5,2,0x04E4,0x04E5,
0x04E6,2,0x04E6,0x04E7,
0x04E7,2,0x04E6,0x04E7,
0x04E8,2,0x04E8,0x04E9,
0x04E9,2,0x04E8,0x04E9,
0x04EA,2,0x04EA,0x04EB,
0x04EB,2,0x04EA,0x04EB,
0x04EC,2,0x04EC,0x04ED,
0x04ED,2,0x04EC,0x04ED,
0x04EE,2,0x04EE,0x04EF,
0x04EF,2,0x04EE,0x04EF,
0x04F0,2,0x04F0,0x04F1,
0x04F1,2,0x04F0,0x04F1,
0x04F2,2,0x04F2,0x04F3,
0x04F3,2,0x04F2,0x04F3,
0x04F4,2,0x04F4,0x04F5,
0x04F5,2,0x04F4,0x04F5,
0x04F6,2,0x04F6,0x04F7,
0x04F7,2,0x04F6,0x04F7,
0x04F8,2,0x04F8,0x04F9,
0x04F9,2,0x04F8,0x04F9,
0x04FA,2,0x04FA,0x04FB,
0x04FB,2,0x04FA,0x04FB,
0x04FC,2,0x04FC,0x04FD,
0x04FD,2,0x04FC,0x04FD,
0x04FE,2,0x04FE,0x04FF,
0x04FF,2,0x04FE,0x04FF,
0x0500,2,0x0500,0x0501,
0x0501,2,0x0500,0x0501,
0x0502,2,0x0502,0x0503,
0x0503,2,0x0502,0x0503,
0x0504,2,0x0504,0x0505,
0x0505,2,0x0504,0x0505,
0x0506,2,0x0506,0x0507,
0x0507,2,0x0506,0x0507,
0x0508,2,0x0508,0x0509,
0x0509,2,0x0508,0x0509,
0x050A,2,0x050A,0x050B,
0x050B,2,0x050A,0x050B,
0x050C,2,0x050C,0x050D,
0x050D,2,0x050C,0x050D,
0x050E,2,0x050E,0x050F,
0x050F,2,0x050E,0x050F,
0x0510,2,0x0510,0x0511,
0x0511,2,0x0510,0x0511,
0x0512,2,0x0512,0x0513,
0x0513,2,0x0512,0x0513,
0x0514,2,0x0514,0x0515,
0x0515,2,0x0514,0x0515,
0x0516,2,0x0516,0x0517,
0x0517,2,0x0516,0x0517,
0x0518,2,0x0518,0x0519,
0x0519,2,0x0518,0x0519,
0x051A,2,0x051A,0x051B,
0x051B,2,0x051A,0x051B,
0x051C,2,0x051C,0x051D,
0x051D,2,0x051C,0x051D,
0x051E,2,0x051E,0x051F,
0x051F,2,0x051E,0x051F,
0x0520,2,0x0520,0x0521,
0x0521,2,0x0520,0x0521,
0x0522,2,0x0522,0x0523,
0x0523,2,0x0522,0x0523,
0x0526,2,0x0526,0x0527,
0x0527,2,0x0526,0x0527,
0x0531,2,0x0531,0x0561,
0x0532,2,0x0532,0x0562,
0x0533,2,0x0533,0x0563,
0x0534,2,0x0534,0x0564,
0x0535,2,0x0535,0x0565,
0x0536,2,0x0536,0x0566,
0x0537,2,0x0537,0x0567,
0x0538,2,0x0538,0x0568,
0x0539,2,0x0539,0x0569,
0x053A,2,0x053A,0x056A,
0x053B,2,0x053B,0x056B,
0x053C,2,0x053C,0x056C,
0x053D,2,0x053D,0x056D,
0x053E,2,0x053E,0x056E,
0x053F,2,0x053F,0x056F,
0x0540,2,0x0540,0x0570,
0x0541,2,0x0541,0x0571,
0x0542,2,0x0542,0x0572,
0x0543,2,0x0543,0x0573,
0x0544,2,0x0544,0x0574,
0x0545,2,0x0545,0x0575,
0x0546,2,0x0546,0x0576,
0x0547,2,0x0547,0x0577,
0x0548,2,0x0548,0x0578,
0x0549,2,0x0549,0x0579,
0x054A,2,0x054A,0x057A,
0x054B,2,0x054B,0x057B,
0x054C,2,0x054C,0x057C,
0x054D,2,0x054D,0x057D,
0x054E,2,0x054E,0x057E,
0x054F,2,0x054F,0x057F,
0x0550,2,0x0550,0x0580,
0x0551,2,0x0551,0x0581,
0x0552,2,0x0552,0x0582,
0x0553,2,0x0553,0x0583,
0x0554,2,0x0554,0x0584,
0x0555,2,0x0555,0x0585,
0x0556,2,0x0556,0x0586,
0x0559,3,0x0487,0x0559,0x073C,
0x055A,3,0x055A,0x073F,0xA66F,
0x055C,2,0x055C,0x23B4,
0x055E,2,0x055E,0x23B5,
0x0561,2,0x0531,0x0561,
0x0562,2,0x0532,0x0562,
0x0563,2,0x0533,0x0563,
0x0564,2,0x0534,0x0564,
0x0565,2,0x0535,0x0565,
0x0566,2,0x0536,0x0566,
0x0567,2,0x0537,0x0567,
0x0568,2,0x0538,0x0568,
0x0569,2,0x0539,0x0569,
0x056A,2,0x053A,0x056A,
0x056B,2,0x053B,0x056B,
0x056C,2,0x053C,0x056C,
0x056D,2,0x053D,0x056D,
0x056E,2,0x053E,0x056E,
0x056F,2,0x053F,0x056F,
0x0570,2,0x0540,0x0570,
0x0571,2,0x0541,0x0571,
0x0572,2,0x0542,0x0572,
0x0573,2,0x0543,0x0573,
0x0574,2,0x0544,0x0574,
0x0575,2,0x0545,0x0575,
0x0576,2,0x0546,0x0576,
0x0577,2,0x0547,0x0577,
0x0578,2,0x0548,0x0578,
0x0579,2,0x0549,0x0579,
0x057A,2,0x054A,0x057A,
0x057B,2,0x054B,0x057B,
0x057C,2,0x054C,0x057C,
0x057D,2,0x054D,0x057D,
0x057E,2,0x054E,0x057E,
0x057F,2,0x054F,0x057F,
0x0580,2,0x0550,0x0580,
0x0581,2,0x0551,0x0581,
0x0582,2,0x0552,0x0582,
0x0583,2,0x0553,0x0583,
0x0584,2,0x0554,0x0584,
0x0585,2,0x0555,0x0585,
0x0586,2,0x0556,0x0586,
0x0592,5,0x0592,0x0CD6,0x0E4A,0x1A76,0xA92D,
0x0593,5,0x0593,0x093C,0x0A71,0x0E4B,0x1A77,
0x0594,6,0x0594,0x0971,0x0E4D,0x1A78,0x302A,0x302E,
0x0595,5,0x0595,0x0E47,0x1A79,0x302B,0x302F,
0x0596,4,0x0596,0x0E4C,0x1A7A,0x302C,
0x0597,6,0x0597,0x07EB,0x0951,0x0A01,0x0A02,0x1A7B,
0x0598,7,0x0598,0x07EC,0x0ABC,0x0F84,0x1A7C,0x2D7F,0x302D,
0x0599,8,0x02B9,0x0301,0x0341,0x0374,0x0599,0x07ED,0x0952,0x1A7F,
0x059A,6,0x0300,0x0340,0x059A,0x07EE,0x0C55,0x0F71,
0x059B,6,0x0307,0x059B,0x07EF,0x0953,0x0A70,0x0C56,
0x059C,3,0x059C,0x07F0,0x0F39,
0x059D,4,0x0302,0x059D,0x07F1,0x0954,
0x059E,4,0x0308,0x059E,0x07F2,0x0F7F,
0x059F,2,0x030C,0x059F,
0x05A0,4,0x0306,0x05A0,0x07F3,0x0F85,
0x05A1,5,0x0304,0x035E,0x035F,0x05A1,0x0F88,
0x05A4,8,0x0303,0x0360,0x05A4,0x0F89,0xFE20,0xFE21,0xFE22,0xFE23,
0x05A5,3,0x030A,0x05A5,0xFE24,
0x05A6,5,0x02BA,0x0328,0x05A6,0x0F8A,0xFE25,
0x05A7,3,0x0327,0x05A7,0xFE26,
0x05A8,3,0x030B,0x05A8,0x0F8B,
0x05A9,4,0x0335,0x0336,0x05A9,0x0F8D,
0x05AA,4,0x0337,0x0344,0x05AA,0x0F8E,
0x05AB,4,0x0338,0x0358,0x05AB,0x0F8C,
0x05AC,3,0x0359,0x05AC,0x0F8F,
0x05AD,2,0x035A,0x05AD,
0x05AE,5,0x035B,0x05AE,0x05C4,0x1DC4,0x1DC7,
0x05AF,3,0x05AF,0x1DC5,0x1DC6,
0x05B2,2,0x05B2,0x1DC9,
0x05B3,2,0x05B3,0x1DC8,
0x05B4,4,0x0362,0x05B4,0x1DCB,0x1DCC,
0x05B5,3,0x035C,0x05B5,0x1DCD,
0x05B6,2,0x05B6,0x1DCE,
0x05B7,2,0x05B7,0x1DCF,
0x05B8,5,0x05B8,0x05C7,0x1DD0,0x1DFC,0x1DFD,
0x05B9,2,0x05B9,0x05BA,
0x05BA,2,0x05B9,0x05BA,
0x05C0,2,0x05C0,0xFB1E,
0x05C2,2,0x02DF,0x05C2,
0x05C4,5,0x035B,0x05AE,0x05C4,0x1DC4,0x1DC7,
0x05C5,2,0x02EA,0x05C5,
0x05C6,2,0x05C6,0xFE4D,
0x05C7,5,0x05B8,0x05C7,0x1DD0,0x1DFC,0x1DFD,
0x05DA,2,0x05DA,0x05DB,
0x05DB,2,0x05DA,0x05DB,
0x05DD,2,0x05DD,0x05DE,
0x05DE,2,0x05DD,0x05DE,
0x05DF,2,0x05DF,0x05E0,
0x05E0,2,0x05DF,0x05E0,
0x05E3,2,0x05E3,0x05E4,
0x05E4,2,0x05E3,0x05E4,
0x05E5,2,0x05E5,0x05E6,
0x05E6,2,0x05E5,0x05E6,
0x060B,2,0x060B,0x301A,
0x0610,2,0x0610,0x1B73,
0x0611,2,0x0611,0x1B6B,
0x0612,2,0x0612,0x1B6C,
0x0613,2,0x0613,0x1B6D,
0x0614,3,0x0614,0x1B6E,0xFC5E,
0x0616,2,0x0616,0x20DD,
0x0617,2,0x0617,0x20DE,
0x0618,2,0x0618,0x20DF,
0x0619,2,0x0619,0x20E0,
0x061A,2,0x061A,0x20E1,
0x061E,3,0x0023,0x061E,0x2057,
0x0621,2,0x0621,0xFE80,
0x0622,3,0x0622,0xFE81,0xFE82,
0x0623,3,0x0623,0xFE83,0xFE84,
0x0624,3,0x0624,0xFE85,0xFE86,
0x0625,3,0x0625,0xFE87,0xFE88,
0x0626,5,0x0626,0xFE89,0xFE8A,0xFE8B,0xFE8C,
0x0627,3,0x0627,0xFE8D,0xFE8E,
0x0628,5,0x0628,0xFE8F,0xFE90,0xFE91,0xFE92,
0x0629,3,0x0629,0xFE93,0xFE94,
0x062A,5,0x062A,0xFE95,0xFE96,0xFE97,0xFE98,
0x062B,5,0x062B,0xFE99,0xFE9A,0xFE9B,0xFE9C,
0x062C,5,0x062C,0xFE9D,0xFE9E,0xFE9F,0xFEA0,
0x062D,5,0x062D,0xFEA1,0xFEA2,0xFEA3,0xFEA4,
0x062E,5,0x062E,0xFEA5,0xFEA6,0xFEA7,0xFEA8,
0x062F,3,0x062F,0xFEA9,0xFEAA,
0x0630,3,0x0630,0xFEAB,0xFEAC,
0x0631,3,0x0631,0xFEAD,0xFEAE,
0x0632,3,0x0632,0xFEAF,0xFEB0,
0x0633,5,0x0633,0xFEB1,0xFEB2,0xFEB3,0xFEB4,
0x0634,5,0x0634,0xFEB5,0xFEB6,0xFEB7,0xFEB8,
0x0635,5,0x0635,0xFEB9,0xFEBA,0xFEBB,0xFEBC,
0x0636,5,0x0636,0xFEBD,0xFEBE,0xFEBF,0xFEC0,
0x0637,5,0x0637,0xFEC1,0xFEC2,0xFEC3,0xFEC4,
0x0638,5,0x0638,0xFEC5,0xFEC6,0xFEC7,0xFEC8,
0x0639,5,0x0639,0xFEC9,0xFECA,0xFECB,0xFECC,
0x063A,5,0x063A,0xFECD,0xFECE,0xFECF,0xFED0,
0x0641,5,0x0641,0xFED1,0xFED2,0xFED3,0xFED4,
0x0642,5,0x0642,0xFED5,0xFED6,0xFED7,0xFED8,
0x0643,5,0x0643,0xFED9,0xFEDA,0xFEDB,0xFEDC,
0x0644,5,0x0644,0xFEDD,0xFEDE,0xFEDF,0xFEE0,
0x0645,5,0x0645,0xFEE1,0xFEE2,0xFEE3,0xFEE4,
0x0646,5,0x0646,0xFEE5,0xFEE6,0xFEE7,0xFEE8,
0x0647,5,0x0647,0xFEE9,0xFEEA,0xFEEB,0xFEEC,
0x0648,3,0x0648,0xFEED,0xFEEE,
0x0649,5,0x0649,0xFBE8,0xFBE9,0xFEEF,0xFEF0,
0x064A,5,0x064A,0xFEF1,0xFEF2,0xFEF3,0xFEF4,
0x064B,3,0x064B,0x20D0,0xFE71,
0x064C,2,0x064C,0x20D1,
0x064D,2,0x064D,0x20D2,
0x064E,3,0x064E,0x20D3,0xFE77,
0x064F,3,0x064F,0x20D4,0xFE79,
0x0650,3,0x0650,0x20D5,0xFE7B,
0x0651,3,0x0651,0x20D7,0xFE7D,
0x0652,3,0x0652,0x20D6,0xFE7F,
0x0656,4,0x0656,0x1B71,0xFC61,0xFCF3,
0x0657,4,0x0657,0x1B72,0xFC62,0xFCF4,
0x0659,2,0x0659,0x20D9,
0x065A,2,0x065A,0x20DA,
0x065B,2,0x065B,0x20DB,
0x065C,2,0x065C,0x20DC,
0x0670,2,0x0670,0x20D8,
0x0671,3,0x0671,0xFB50,0xFB51,
0x0677,2,0x0677,0xFBDD,
0x0679,5,0x0679,0xFB66,0xFB67,0xFB68,0xFB69,
0x067A,5,0x067A,0xFB5E,0xFB5F,0xFB60,0xFB61,
0x067B,5,0x067B,0xFB52,0xFB53,0xFB54,0xFB55,
0x067E,5,0x067E,0xFB56,0xFB57,0xFB58,0xFB59,
0x067F,5,0x067F,0xFB62,0xFB63,0xFB64,0xFB65,
0x0680,5,0x0680,0xFB5A,0xFB5B,0xFB5C,0xFB5D,
0x0683,5,0x0683,0xFB76,0xFB77,0xFB78,0xFB79,
0x0684,5,0x0684,0xFB72,0xFB73,0xFB74,0xFB75,
0x0686,5,0x0686,0xFB7A,0xFB7B,0xFB7C,0xFB7D,
0x0687,5,0x0687,0xFB7E,0xFB7F,0xFB80,0xFB81,
0x0688,3,0x0688,0xFB88,0xFB89,
0x068C,3,0x068C,0xFB84,0xFB85,
0x068D,3,0x068D,0xFB82,0xFB83,
0x068E,3,0x068E,0xFB86,0xFB87,
0x0691,3,0x0691,0xFB8C,0xFB8D,
0x0698,3,0x0698,0xFB8A,0xFB8B,
0x06A4,5,0x06A4,0xFB6A,0xFB6B,0xFB6C,0xFB6D,
0x06A6,5,0x06A6,0xFB6E,0xFB6F,0xFB70,0xFB71,
0x06A9,5,0x06A9,0xFB8E,0xFB8F,0xFB90,0xFB91,
0x06AD,5,0x06AD,0xFBD3,0xFBD4,0xFBD5,0xFBD6,
0x06AF,5,0x06AF,0xFB92,0xFB93,0xFB94,0xFB95,
0x06B1,5,0x06B1,0xFB9A,0xFB9B,0xFB9C,0xFB9D,
0x06B3,5,0x06B3,0xFB96,0xFB97,0xFB98,0xFB99,
0x06BA,3,0x06BA,0xFB9E,0xFB9F,
0x06BB,5,0x06BB,0xFBA0,0xFBA1,0xFBA2,0xFBA3,
0x06BE,5,0x06BE,0xFBAA,0xFBAB,0xFBAC,0xFBAD,
0x06C0,3,0x06C0,0xFBA4,0xFBA5,
0x06C1,5,0x06C1,0xFBA6,0xFBA7,0xFBA8,0xFBA9,
0x06C2,2,0x06C2,0xFCD9,
0x06C5,3,0x06C5,0xFBE0,0xFBE1,
0x06C6,3,0x06C6,0xFBD9,0xFBDA,
0x06C7,3,0x06C7,0xFBD7,0xFBD8,
0x06C8,3,0x06C8,0xFBDB,0xFBDC,
0x06C9,3,0x06C9,0xFBE2,0xFBE3,
0x06CB,3,0x06CB,0xFBDE,0xFBDF,
0x06CC,5,0x06CC,0xFBFC,0xFBFD,0xFBFE,0xFBFF,
0x06D0,5,0x06D0,0xFBE4,0xFBE5,0xFBE6,0xFBE7,
0x06D2,3,0x06D2,0xFBAE,0xFBAF,
0x06D3,3,0x06D3,0xFBB0,0xFBB1,
0x06D6,2,0x06D6,0xFDF9,
0x06DB,4,0x06DB,0x1B70,0xFC60,0xFCF2,
0x06DF,2,0x06DF,0x06E0,
0x06E0,2,0x06DF,0x06E0,
0x06E5,2,0x06E5,0xFC63,
0x06EC,2,0x06EC,0x1DD1,
0x0700,4,0x0700,0x1AA2,0x1C3B,0x23DC,
0x0701,4,0x0701,0x1AA3,0x1C3C,0x23DD,
0x0702,4,0x0702,0x1AA4,0x1C3D,0x23DE,
0x0703,4,0x0703,0x1AA5,0x1C3E,0x23DF,
0x0704,4,0x0704,0x1AA6,0x1C3F,0x23E0,
0x0705,4,0x0705,0x1AAC,0x1C7E,0x23E1,
0x0706,4,0x0706,0x1AAD,0x1C7F,0x23E2,
0x0707,2,0x0707,0x23E3,
0x0708,2,0x0708,0x23E4,
0x0709,2,0x0709,0x23E5,
0x070A,2,0x070A,0x23E6,
0x070B,2,0x070B,0x23E7,
0x070C,2,0x070C,0x2E19,
0x070D,2,0x070D,0x2E30,
0x070F,2,0x070F,0x2E1A,
0x0711,2,0x0711,0xA67C,
0x0732,2,0x0483,0x0732,
0x0735,2,0x0484,0x0735,
0x0738,3,0x0485,0x0738,0x2CF0,
0x0739,3,0x0486,0x0739,0x2CF1,
0x073C,3,0x0487,0x0559,0x073C,
0x073F,3,0x055A,0x073F,0xA66F,
0x0740,3,0x0342,0x0740,0x20EE,
0x0741,2,0x0741,0x20EF,
0x0742,3,0x0742,0x20F0,0x2CEF,
0x0743,2,0x0743,0xA67D,
0x0746,4,0x0746,0x0859,0x085A,0x085B,
0x0747,2,0x0345,0x0747,
0x07EB,6,0x0597,0x07EB,0x0951,0x0A01,0x0A02,0x1A7B,
0x07EC,7,0x0598,0x07EC,0x0ABC,0x0F84,0x1A7C,0x2D7F,0x302D,
0x07ED,8,0x02B9,0x0301,0x0341,0x0374,0x0599,0x07ED,0x0952,0x1A7F,
0x07EE,6,0x0300,0x0340,0x059A,0x07EE,0x0C55,0x0F71,
0x07EF,6,0x0307,0x059B,0x07EF,0x0953,0x0A70,0x0C56,
0x07F0,3,0x059C,0x07F0,0x0F39,
0x07F1,4,0x0302,0x059D,0x07F1,0x0954,
0x07F2,4,0x0308,0x059E,0x07F2,0x0F7F,
0x07F3,4,0x0306,0x05A0,0x07F3,0x0F85,
0x0818,2,0x0818,0x16EC,
0x0819,2,0x0819,0x16ED,
0x081C,3,0x0322,0x0351,0x081C,
0x081D,3,0x0323,0x0352,0x081D,
0x081E,3,0x0324,0x0353,0x081E,
0x081F,3,0x0325,0x0354,0x081F,
0x0820,3,0x0326,0x0355,0x0820,
0x0821,2,0x0333,0x0821,
0x0822,2,0x0334,0x0822,
0x0823,2,0x0339,0x0823,
0x0824,2,0x033A,0x0824,
0x0825,2,0x033B,0x0825,
0x0826,2,0x033C,0x0826,
0x0827,2,0x033D,0x0827,
0x0828,2,0x033E,0x0828,
0x0829,2,0x033F,0x0829,
0x082C,2,0x082C,0x16EB,
0x0859,4,0x0746,0x0859,0x085A,0x085B,
0x085A,4,0x0746,0x0859,0x085A,0x085B,
0x085B,4,0x0746,0x0859,0x085A,0x085B,
0x0902,2,0x0902,0x1CED,
0x0903,2,0x0903,0x1CF2,
0x093C,5,0x0593,0x093C,0x0A71,0x0E4B,0x1A77,
0x0950,5,0x0950,0x1036,0x1AA9,0x2E15,0xA4FF,
0x0951,6,0x0597,0x07EB,0x0951,0x0A01,0x0A02,0x1A7B,
0x0952,8,0x02B9,0x0301,0x0341,0x0374,0x0599,0x07ED,0x0952,0x1A7F,
0x0953,6,0x0307,0x059B,0x07EF,0x0953,0x0A70,0x0C56,
0x0954,4,0x0302,0x059D,0x07F1,0x0954,
0x0964,6,0x0964,0x1038,0x1AAB,0x2E17,0xA8CE,0xAA5D,
0x0965,5,0x0965,0x1AA0,0x2E1C,0xA8CF,0xAA5E,
0x0970,4,0x0970,0x1AA1,0x2E1D,0xAA5F,
0x0971,6,0x0594,0x0971,0x0E4D,0x1A78,0x302A,0x302E,
0x09F2,2,0x09F2,0xFE3A,
0x09F3,2,0x09F3,0x3016,
0x0A01,6,0x0597,0x07EB,0x0951,0x0A01,0x0A02,0x1A7B,
0x0A02,6,0x0597,0x07EB,0x0951,0x0A01,0x0A02,0x1A7B,
0x0A70,6,0x0307,0x059B,0x07EF,0x0953,0x0A70,0x0C56,
0x0A71,5,0x0593,0x093C,0x0A71,0x0E4B,0x1A77,
0x0ABC,7,0x0598,0x07EC,0x0ABC,0x0F84,0x1A7C,0x2D7F,0x302D,
0x0AF1,2,0x0AF1,0x3017,
0x0BF9,2,0x0BF9,0x3018,
0x0C55,6,0x0300,0x0340,0x059A,0x07EE,0x0C55,0x0F71,
0x0C56,6,0x0307,0x059B,0x07EF,0x0953,0x0A70,0x0C56,
0x0CD6,5,0x0592,0x0CD6,0x0E4A,0x1A76,0xA92D,
0x0CF1,2,0x0CF1,0xA92E,
0x0CF2,2,0x0CF2,0xA92F,
0x0D4C,2,0x0D4C,0x0D57,
0x0D57,2,0x0D4C,0x0D57,
0x0DF4,3,0x0DF4,0x203F,0xFE33,
0x0E3F,2,0x0E3F,0xFE5E,
0x0E47,5,0x0595,0x0E47,0x1A79,0x302B,0x302F,
0x0E4A,5,0x0592,0x0CD6,0x0E4A,0x1A76,0xA92D,
0x0E4B,5,0x0593,0x093C,0x0A71,0x0E4B,0x1A77,
0x0E4C,4,0x0596,0x0E4C,0x1A7A,0x302C,
0x0E4D,6,0x0594,0x0971,0x0E4D,0x1A78,0x302A,0x302E,
0x0F39,3,0x059C,0x07F0,0x0F39,
0x0F4A,2,0x0F4A,0x0F4F,
0x0F4B,2,0x0F4B,0x0F50,
0x0F4C,2,0x0F4C,0x0F51,
0x0F4D,2,0x0F4D,0x0F52,
0x0F4E,2,0x0F4E,0x0F53,
0x0F4F,2,0x0F4A,0x0F4F,
0x0F50,2,0x0F4B,0x0F50,
0x0F51,2,0x0F4C,0x0F51,
0x0F52,2,0x0F4D,0x0F52,
0x0F53,2,0x0F4E,0x0F53,
0x0F58,4,0x0F58,0x0F7E,0x0F82,0x0F83,
0x0F62,2,0x0F62,0x0F6A,
0x0F64,2,0x0F64,0x0F65,
0x0F65,2,0x0F64,0x0F65,
0x0F6A,2,0x0F62,0x0F6A,
0x0F71,6,0x0300,0x0340,0x059A,0x07EE,0x0C55,0x0F71,
0x0F72,2,0x0F72,0x0F80,
0x0F73,2,0x0F73,0x0F81,
0x0F7A,2,0x0F7A,0x0F7B,
0x0F7B,2,0x0F7A,0x0F7B,
0x0F7C,2,0x0F7C,0x0F7D,
0x0F7D,2,0x0F7C,0x0F7D,
0x0F7E,4,0x0F58,0x0F7E,0x0F82,0x0F83,
0x0F7F,4,0x0308,0x059E,0x07F2,0x0F7F,
0x0F80,2,0x0F72,0x0F80,
0x0F81,2,0x0F73,0x0F81,
0x0F82,4,0x0F58,0x0F7E,0x0F82,0x0F83,
0x0F83,4,0x0F58,0x0F7E,0x0F82,0x0F83,
0x0F84,7,0x0598,0x07EC,0x0ABC,0x0F84,0x1A7C,0x2D7F,0x302D,
0x0F85,4,0x0306,0x05A0,0x07F3,0x0F85,
0x0F88,5,0x0304,0x035E,0x035F,0x05A1,0x0F88,
0x0F89,8,0x0303,0x0360,0x05A4,0x0F89,0xFE20,0xFE21,0xFE22,0xFE23,
0x0F8A,5,0x02BA,0x0328,0x05A6,0x0F8A,0xFE25,
0x0F8B,3,0x030B,0x05A8,0x0F8B,
0x0F8C,4,0x0338,0x0358,0x05AB,0x0F8C,
0x0F8D,4,0x0335,0x0336,0x05A9,0x0F8D,
0x0F8E,4,0x0337,0x0344,0x05AA,0x0F8E,
0x0F8F,3,0x0359,0x05AC,0x0F8F,
0x0F9A,2,0x0F9A,0x0F9F,
0x0F9B,2,0x0F9B,0x0FA0,
0x0F9C,2,0x0F9C,0x0FA1,
0x0F9D,2,0x0F9D,0x0FA2,
0x0F9E,2,0x0F9E,0x0FA3,
0x0F9F,2,0x0F9A,0x0F9F,
0x0FA0,2,0x0F9B,0x0FA0,
0x0FA1,2,0x0F9C,0x0FA1,
0x0FA2,2,0x0F9D,0x0FA2,
0x0FA3,2,0x0F9E,0x0FA3,
0x0FAD,2,0x0FAD,0x0FBA,
0x0FB1,2,0x0FB1,0x0FBB,
0x0FB2,2,0x0FB2,0x0FBC,
0x0FB4,2,0x0FB4,0x0FB5,
0x0FB5,2,0x0FB4,0x0FB5,
0x0FBA,2,0x0FAD,0x0FBA,
0x0FBB,2,0x0FB1,0x0FBB,
0x0FBC,2,0x0FB2,0x0FBC,
0x1036,5,0x0950,0x1036,0x1AA9,0x2E15,0xA4FF,
0x1037,4,0x1037,0x1AAA,0x2E16,0xAA5C,
0x1038,6,0x0964,0x1038,0x1AAB,0x2E17,0xA8CE,0xAA5D,
0x108D,2,0x108D,0x3250,
0x10A0,2,0x10A0,0x2D00,
0x10A1,2,0x10A1,0x2D01,
0x10A2,2,0x10A2,0x2D02,
0x10A3,2,0x10A3,0x2D03,
0x10A4,2,0x10A4,0x2D04,
0x10A5,2,0x10A5,0x2D05,
0x10A6,2,0x10A6,0x2D06,
0x10A7,2,0x10A7,0x2D07,
0x10A8,2,0x10A8,0x2D08,
0x10A9,2,0x10A9,0x2D09,
0x10AA,2,0x10AA,0x2D0A,
0x10AB,2,0x10AB,0x2D0B,
0x10AC,2,0x10AC,0x2D0C,
0x10AD,2,0x10AD,0x2D0D,
0x10AE,2,0x10AE,0x2D0E,
0x10AF,2,0x10AF,0x2D0F,
0x10B0,2,0x10B0,0x2D10,
0x10B1,2,0x10B1,0x2D11,
0x10B2,2,0x10B2,0x2D12,
0x10B3,2,0x10B3,0x2D13,
0x10B4,2,0x10B4,0x2D14,
0x10B5,2,0x10B5,0x2D15,
0x10B6,2,0x10B6,0x2D16,
0x10B7,2,0x10B7,0x2D17,
0x10B8,2,0x10B8,0x2D18,
0x10B9,2,0x10B9,0x2D19,
0x10BA,2,0x10BA,0x2D1A,
0x10BB,2,0x10BB,0x2D1B,
0x10BC,2,0x10BC,0x2D1C,
0x10BD,2,0x10BD,0x2D1D,
0x10BE,2,0x10BE,0x2D1E,
0x10BF,2,0x10BF,0x2D1F,
0x10C0,2,0x10C0,0x2D20,
0x10C1,2,0x10C1,0x2D21,
0x10C2,2,0x10C2,0x2D22,
0x10C3,2,0x10C3,0x2D23,
0x10C4,2,0x10C4,0x2D24,
0x10C5,2,0x10C5,0x2D25,
0x10D2,2,0x10D2,0x10FA,
0x10FA,2,0x10D2,0x10FA,
0x10FB,4,0x10FB,0x1AA8,0x2E14,0xA4FE,
0x10FC,2,0x02F2,0x10FC,
0x1101,2,0x1101,0xAE4B,
0x1102,2,0x1102,0xB097,
0x1103,2,0x1103,0xB2E3,
0x1104,2,0x1104,0xB52F,
0x1105,2,0x1105,0xB77B,
0x1106,2,0x1106,0xB9C7,
0x1107,2,0x1107,0xBC13,
0x1108,2,0x1108,0xBE5F,
0x1109,2,0x1109,0xC0AB,
0x110A,2,0x110A,0xC2F7,
0x110B,2,0x110B,0xC543,
0x110C,2,0x110C,0xC78F,
0x110D,2,0x110D,0xC9DB,
0x110E,2,0x110E,0xCC27,
0x110F,2,0x110F,0xCE73,
0x1110,2,0x1110,0xD0BF,
0x1111,2,0x1111,0xD30B,
0x1112,2,0x1112,0xD557,
0x1113,2,0x1113,0xB2E2,
0x1114,2,0x1114,0xB2E2,
0x1115,2,0x1115,0xB2E2,
0x1116,2,0x1116,0xB2E2,
0x1117,2,0x1117,0xB52E,
0x1118,2,0x1118,0xB9C6,
0x1119,2,0x1119,0xB9C6,
0x111A,2,0x111A,0xB9C6,
0x111B,2,0x111B,0xB9C6,
0x111C,2,0x111C,0xBC12,
0x111D,2,0x111D,0xBC12,
0x111E,2,0x111E,0xBE5E,
0x111F,2,0x111F,0xBE5E,
0x1120,2,0x1120,0xBE5E,
0x1121,2,0x1121,0xC0AA,
0x1122,2,0x1122,0xC0AA,
0x1123,2,0x1123,0xC0AA,
0x1124,2,0x1124,0xC0AA,
0x1125,2,0x1125,0xC0AA,
0x1126,2,0x1126,0xC0AA,
0x1127,2,0x1127,0xC0AA,
0x1128,2,0x1128,0xC0AA,
0x1129,2,0x1129,0xC0AA,
0x112A,2,0x112A,0xC0AA,
0x112B,2,0x112B,0xC0AA,
0x112C,2,0x112C,0xC0AA,
0x112D,2,0x112D,0xC2F6,
0x112E,2,0x112E,0xC2F6,
0x112F,2,0x112F,0xC2F6,
0x1130,2,0x1130,0xC2F6,
0x1131,2,0x1131,0xC2F6,
0x1132,2,0x1132,0xC2F6,
0x1133,2,0x1133,0xC2F6,
0x1134,2,0x1134,0xC542,
0x1135,2,0x1135,0xC542,
0x1136,2,0x1136,0xC542,
0x1137,2,0x1137,0xC542,
0x1138,2,0x1138,0xC542,
0x1139,2,0x1139,0xC542,
0x113A,2,0x113A,0xC542,
0x113B,2,0x113B,0xC542,
0x113C,2,0x113C,0xC542,
0x113D,2,0x113D,0xC542,
0x113E,2,0x113E,0xC542,
0x113F,2,0x113F,0xC542,
0x1140,2,0x1140,0xC542,
0x1141,2,0x1141,0xC78E,
0x1142,2,0x1142,0xC78E,
0x1143,2,0x1143,0xC78E,
0x1144,2,0x1144,0xC78E,
0x1145,2,0x1145,0xC78E,
0x1146,2,0x1146,0xC78E,
0x1147,2,0x1147,0xC78E,
0x1148,2,0x1148,0xC78E,
0x1149,2,0x1149,0xC78E,
0x114A,2,0x114A,0xC78E,
0x114B,2,0x114B,0xC78E,
0x114C,2,0x114C,0xC78E,
0x114D,2,0x114D,0xC9DA,
0x114E,2,0x114E,0xCC26,
0x114F,2,0x114F,0xCC26,
0x1150,2,0x1150,0xCC26,
0x1151,2,0x1151,0xCC26,
0x1152,2,0x1152,0xCE72,
0x1153,2,0x1153,0xCE72,
0x1154,2,0x1154,0xCE72,
0x1155,2,0x1155,0xCE72,
0x1156,2,0x1156,0xD556,
0x1157,2,0x1157,0xD556,
0x1158,2,0x1158,0xD7A2,
0x1159,2,0x1159,0xD7A2,
0x115A,2,0x115A,0xB096,
0x115B,2,0x115B,0xB2E2,
0x115C,2,0x115C,0xB2E2,
0x115D,2,0x115D,0xB2E2,
0x115E,2,0x115E,0xB77A,
0x115F,4,0x115F,0x1160,0x1161,0xD7A2,
0x1160,4,0x115F,0x1160,0x1161,0xD7A2,
0x1161,4,0x115F,0x1160,0x1161,0xD7A2,
0x1162,2,0x1162,0xD7A2,
0x1163,2,0x1163,0xD7A2,
0x1164,2,0x1164,0xD7A2,
0x1165,2,0x1165,0xD7A2,
0x1166,2,0x1166,0xD7A2,
0x1167,2,0x1167,0xD7A2,
0x1168,2,0x1168,0xD7A2,
0x1169,2,0x1169,0xD7A2,
0x116A,2,0x116A,0xD7A2,
0x116B,2,0x116B,0xD7A2,
0x116C,2,0x116C,0xD7A2,
0x116D,2,0x116D,0xD7A2,
0x116E,2,0x116E,0xD7A2,
0x116F,2,0x116F,0xD7A2,
0x1170,2,0x1170,0xD7A2,
0x1171,2,0x1171,0xD7A2,
0x1172,2,0x1172,0xD7A2,
0x1173,2,0x1173,0xD7A2,
0x1174,2,0x1174,0xD7A2,
0x1175,2,0x1175,0xD7A2,
0x1176,2,0x1176,0xD7A2,
0x1177,2,0x1177,0xD7A2,
0x1178,2,0x1178,0xD7A2,
0x1179,2,0x1179,0xD7A2,
0x117A,2,0x117A,0xD7A2,
0x117B,2,0x117B,0xD7A2,
0x117C,2,0x117C,0xD7A2,
0x117D,2,0x117D,0xD7A2,
0x117E,2,0x117E,0xD7A2,
0x117F,3,0x117F,0x11A7,0xD7A2,
0x1180,2,0x1180,0xD7A2,
0x1181,2,0x1181,0xD7A2,
0x1182,2,0x1182,0xD7A2,
0x1183,2,0x1183,0xD7A2,
0x1184,3,0x1184,0xD7A2,0xD7B3,
0x1185,2,0x1185,0xD7A2,
0x1186,2,0x1186,0xD7A2,
0x1187,2,0x1187,0xD7A2,
0x1188,2,0x1188,0xD7A2,
0x1189,2,0x1189,0xD7A2,
0x118A,2,0x118A,0xD7A2,
0x118B,2,0x118B,0xD7A2,
0x118C,2,0x118C,0xD7A2,
0x118D,2,0x118D,0xD7A2,
0x118E,2,0x118E,0xD7A2,
0x118F,2,0x118F,0xD7A2,
0x1190,3,0x1190,0xD7A2,0xD7B7,
0x1191,2,0x1191,0xD7A2,
0x1192,2,0x1192,0xD7A2,
0x1193,2,0x1193,0xD7A2,
0x1194,2,0x1194,0xD7A2,
0x1195,3,0x1195,0xD7A2,0xD7BC,
0x1196,2,0x1196,0xD7A2,
0x1197,2,0x1197,0xD7A2,
0x1198,2,0x1198,0xD7A2,
0x1199,2,0x1199,0xD7A2,
0x119A,2,0x119A,0xD7A2,
0x119B,3,0x119B,0xD7A2,0xD7C2,
0x119C,2,0x119C,0xD7A2,
0x119D,2,0x119D,0xD7A2,
0x119E,2,0x119E,0xD7A2,
0x119F,2,0x119F,0xD7A2,
0x11A0,3,0x11A0,0xD7A2,0xD7C6,
0x11A1,2,0x11A1,0xD7A2,
0x11A2,2,0x11A2,0xD7A2,
0x11A3,2,0x11A3,0xD7A2,
0x11A4,2,0x11A4,0xD7A2,
0x11A5,2,0x11A5,0xD7A2,
0x11A6,2,0x11A6,0xD7A2,
0x11A7,3,0x117F,0x11A7,0xD7A2,
0x11A8,2,0x11A8,0xD7A2,
0x11A9,2,0x11A9,0xD7A2,
0x11AA,2,0x11AA,0xD7A2,
0x11AB,2,0x11AB,0xD7A2,
0x11AC,2,0x11AC,0xD7A2,
0x11AD,2,0x11AD,0xD7A2,
0x11AE,2,0x11AE,0xD7A2,
0x11AF,2,0x11AF,0xD7A2,
0x11B0,2,0x11B0,0xD7A2,
0x11B1,2,0x11B1,0xD7A2,
0x11B2,2,0x11B2,0xD7A2,
0x11B3,2,0x11B3,0xD7A2,
0x11B4,2,0x11B4,0xD7A2,
0x11B5,2,0x11B5,0xD7A2,
0x11B6,2,0x11B6,0xD7A2,
0x11B7,2,0x11B7,0xD7A2,
0x11B8,2,0x11B8,0xD7A2,
0x11B9,2,0x11B9,0xD7A2,
0x11BA,2,0x11BA,0xD7A2,
0x11BB,2,0x11BB,0xD7A2,
0x11BC,2,0x11BC,0xD7A2,
0x11BD,2,0x11BD,0xD7A2,
0x11BE,2,0x11BE,0xD7A2,
0x11BF,2,0x11BF,0xD7A2,
0x11C0,2,0x11C0,0xD7A2,
0x11C1,2,0x11C1,0xD7A2,
0x11C2,2,0x11C2,0xD7A2,
0x11C3,2,0x11C3,0xD7A2,
0x11C4,2,0x11C4,0xD7A2,
0x11C5,2,0x11C5,0xD7A2,
0x11C6,2,0x11C6,0xD7A2,
0x11C7,2,0x11C7,0xD7A2,
0x11C8,2,0x11C8,0xD7A2,
0x11C9,2,0x11C9,0xD7A2,
0x11CA,2,0x11CA,0xD7A2,
0x11CB,2,0x11CB,0xD7A2,
0x11CC,2,0x11CC,0xD7A2,
0x11CD,2,0x11CD,0xD7A2,
0x11CE,2,0x11CE,0xD7A2,
0x11CF,2,0x11CF,0xD7A2,
0x11D0,2,0x11D0,0xD7A2,
0x11D1,2,0x11D1,0xD7A2,
0x11D2,2,0x11D2,0xD7A2,
0x11D3,2,0x11D3,0xD7A2,
0x11D4,2,0x11D4,0xD7A2,
0x11D5,2,0x11D5,0xD7A2,
0x11D6,2,0x11D6,0xD7A2,
0x11D7,2,0x11D7,0xD7A2,
0x11D8,2,0x11D8,0xD7A2,
0x11D9,3,0x11D9,0xD7A2,0xD7DD,
0x11DA,2,0x11DA,0xD7A2,
0x11DB,2,0x11DB,0xD7A2,
0x11DC,2,0x11DC,0xD7A2,
0x11DD,2,0x11DD,0xD7A2,
0x11DE,2,0x11DE,0xD7A2,
0x11DF,2,0x11DF,0xD7A2,
0x11E0,2,0x11E0,0xD7A2,
0x11E1,2,0x11E1,0xD7A2,
0x11E2,2,0x11E2,0xD7A2,
0x11E3,2,0x11E3,0xD7A2,
0x11E4,2,0x11E4,0xD7A2,
0x11E5,2,0x11E5,0xD7A2,
0x11E6,2,0x11E6,0xD7A2,
0x11E7,2,0x11E7,0xD7A2,
0x11E8,2,0x11E8,0xD7A2,
0x11E9,2,0x11E9,0xD7A2,
0x11EA,2,0x11EA,0xD7A2,
0x11EB,2,0x11EB,0xD7A2,
0x11EC,2,0x11EC,0xD7A2,
0x11ED,2,0x11ED,0xD7A2,
0x11EE,2,0x11EE,0xD7A2,
0x11EF,2,0x11EF,0xD7A2,
0x11F0,2,0x11F0,0xD7A2,
0x11F1,2,0x11F1,0xD7A2,
0x11F2,2,0x11F2,0xD7A2,
0x11F3,2,0x11F3,0xD7A2,
0x11F4,2,0x11F4,0xD7A2,
0x11F5,2,0x11F5,0xD7A2,
0x11F6,2,0x11F6,0xD7A2,
0x11F7,2,0x11F7,0xD7A2,
0x11F8,2,0x11F8,0xD7A2,
0x11F9,2,0x11F9,0xD7A2,
0x11FA,2,0x11FA,0xD7A2,
0x11FB,2,0x11FB,0xD7A2,
0x11FC,2,0x11FC,0xD7A2,
0x11FD,2,0x11FD,0xD7A2,
0x11FE,2,0x11FE,0xD7A2,
0x11FF,2,0x11FF,0xD7A2,
0x135D,3,0x02D7,0x0320,0x135D,
0x135E,4,0x02D6,0x031F,0x135E,0xA6F1,
0x135F,4,0x02D5,0x031E,0x135F,0xA6F0,
0x1390,2,0x1390,0x2313,
0x1391,2,0x1391,0x2314,
0x1392,2,0x1392,0x2315,
0x1393,2,0x1393,0x2316,
0x1394,2,0x1394,0x2317,
0x1395,2,0x1395,0x2318,
0x1396,2,0x1396,0x2319,
0x1397,2,0x1397,0x231A,
0x1398,2,0x1398,0x231B,
0x1399,2,0x1399,0x231C,
0x16EB,2,0x082C,0x16EB,
0x16EC,2,0x0818,0x16EC,
0x16ED,2,0x0819,0x16ED,
0x1735,2,0x1735,0x203A,
0x17A2,2,0x17A2,0x17A3,
0x17A3,2,0x17A2,0x17A3,
0x17B1,2,0x17B1,0x17B2,
0x17B2,2,0x17B1,0x17B2,
0x17DB,2,0x17DB,0x3019,
0x17DD,2,0x17DD,0x1BE6,
0x19DE,2,0x19DE,0x2017,
0x19DF,2,0x19DF,0x2018,
0x1A58,2,0x1A58,0x1A59,
0x1A59,2,0x1A58,0x1A59,
0x1A5A,2,0x1A5A,0x1A5B,
0x1A5B,2,0x1A5A,0x1A5B,
0x1A76,5,0x0592,0x0CD6,0x0E4A,0x1A76,0xA92D,
0x1A77,5,0x0593,0x093C,0x0A71,0x0E4B,0x1A77,
0x1A78,6,0x0594,0x0971,0x0E4D,0x1A78,0x302A,0x302E,
0x1A79,5,0x0595,0x0E47,0x1A79,0x302B,0x302F,
0x1A7A,4,0x0596,0x0E4C,0x1A7A,0x302C,
0x1A7B,6,0x0597,0x07EB,0x0951,0x0A01,0x0A02,0x1A7B,
0x1A7C,7,0x0598,0x07EC,0x0ABC,0x0F84,0x1A7C,0x2D7F,0x302D,
0x1A7F,8,0x02B9,0x0301,0x0341,0x0374,0x0599,0x07ED,0x0952,0x1A7F,
0x1AA0,5,0x0965,0x1AA0,0x2E1C,0xA8CF,0xAA5E,
0x1AA1,4,0x0970,0x1AA1,0x2E1D,0xAA5F,
0x1AA2,4,0x0700,0x1AA2,0x1C3B,0x23DC,
0x1AA3,4,0x0701,0x1AA3,0x1C3C,0x23DD,
0x1AA4,4,0x0702,0x1AA4,0x1C3D,0x23DE,
0x1AA5,4,0x0703,0x1AA5,0x1C3E,0x23DF,
0x1AA6,4,0x0704,0x1AA6,0x1C3F,0x23E0,
0x1AA8,4,0x10FB,0x1AA8,0x2E14,0xA4FE,
0x1AA9,5,0x0950,0x1036,0x1AA9,0x2E15,0xA4FF,
0x1AAA,4,0x1037,0x1AAA,0x2E16,0xAA5C,
0x1AAB,6,0x0964,0x1038,0x1AAB,0x2E17,0xA8CE,0xAA5D,
0x1AAC,4,0x0705,0x1AAC,0x1C7E,0x23E1,
0x1AAD,4,0x0706,0x1AAD,0x1C7F,0x23E2,
0x1B5A,2,0x1B5A,0xA874,
0x1B5B,2,0x1B5B,0xA875,
0x1B5C,2,0x1B5C,0xA876,
0x1B5D,2,0x1B5D,0xA877,
0x1B6B,2,0x0611,0x1B6B,
0x1B6C,2,0x0612,0x1B6C,
0x1B6D,2,0x0613,0x1B6D,
0x1B6E,3,0x0614,0x1B6E,0xFC5E,
0x1B6F,2,0x1B6F,0xFC5F,
0x1B70,4,0x06DB,0x1B70,0xFC60,0xFCF2,
0x1B71,4,0x0656,0x1B71,0xFC61,0xFCF3,
0x1B72,4,0x0657,0x1B72,0xFC62,0xFCF4,
0x1B73,2,0x0610,0x1B73,
0x1BC3,2,0x1BC3,0x1BC4,
0x1BC4,2,0x1BC3,0x1BC4,
0x1BCC,2,0x1BCC,0x1BCD,
0x1BCD,2,0x1BCC,0x1BCD,
0x1BD9,2,0x1BD9,0x1BDA,
0x1BDA,2,0x1BD9,0x1BDA,
0x1BE6,2,0x17DD,0x1BE6,
0x1C3B,4,0x0700,0x1AA2,0x1C3B,0x23DC,
0x1C3C,4,0x0701,0x1AA3,0x1C3C,0x23DD,
0x1C3D,4,0x0702,0x1AA4,0x1C3D,0x23DE,
0x1C3E,4,0x0703,0x1AA5,0x1C3E,0x23DF,
0x1C3F,4,0x0704,0x1AA6,0x1C3F,0x23E0,
0x1C7E,4,0x0705,0x1AAC,0x1C7E,0x23E1,
0x1C7F,4,0x0706,0x1AAD,0x1C7F,0x23E2,
0x1CEA,7,0x1CEA,0x1CEB,0x1CEC,0x1CEE,0x1CEF,0x1CF0,0x1CF1,
0x1CEB,7,0x1CEA,0x1CEB,0x1CEC,0x1CEE,0x1CEF,0x1CF0,0x1CF1,
0x1CEC,7,0x1CEA,0x1CEB,0x1CEC,0x1CEE,0x1CEF,0x1CF0,0x1CF1,
0x1CED,2,0x0902,0x1CED,
0x1CEE,7,0x1CEA,0x1CEB,0x1CEC,0x1CEE,0x1CEF,0x1CF0,0x1CF1,
0x1CEF,7,0x1CEA,0x1CEB,0x1CEC,0x1CEE,0x1CEF,0x1CF0,0x1CF1,
0x1CF0,7,0x1CEA,0x1CEB,0x1CEC,0x1CEE,0x1CEF,0x1CF0,0x1CF1,
0x1CF1,7,0x1CEA,0x1CEB,0x1CEC,0x1CEE,0x1CEF,0x1CF0,0x1CF1,
0x1CF2,2,0x0903,0x1CF2,
0x1D01,6,0x00C6,0x00E6,0x1D01,0x1D02,0x1D2D,0x1D46,
0x1D02,6,0x00C6,0x00E6,0x1D01,0x1D02,0x1D2D,0x1D46,
0x1D08,2,0x1D08,0x1D4C,
0x1D09,2,0x1D09,0x1D4E,
0x1D16,2,0x1D16,0x1D54,
0x1D17,2,0x1D17,0x1D55,
0x1D1C,2,0x1D1C,0x1DB8,
0x1D1D,2,0x1D1D,0x1D59,
0x1D25,2,0x1D25,0x1D5C,
0x1D2C,4,0x0041,0x0061,0x1D2C,0x1D43,
0x1D2D,6,0x00C6,0x00E6,0x1D01,0x1D02,0x1D2D,0x1D46,
0x1D2E,4,0x0042,0x0062,0x1D2E,0x1D47,
0x1D2F,3,0x0180,0x0243,0x1D2F,
0x1D30,4,0x0044,0x0064,0x1D30,0x1D48,
0x1D31,4,0x0045,0x0065,0x1D31,0x1D49,
0x1D32,3,0x018E,0x01DD,0x1D32,
0x1D33,4,0x0047,0x0067,0x1D33,0x1D4D,
0x1D34,4,0x0048,0x0068,0x02B0,0x1D34,
0x1D35,3,0x0049,0x0069,0x1D35,
0x1D36,4,0x004A,0x006A,0x02B2,0x1D36,
0x1D37,5,0x004B,0x006B,0x1D37,0x1D4F,0x212A,
0x1D38,4,0x004C,0x006C,0x02E1,0x1D38,
0x1D39,4,0x004D,0x006D,0x1D39,0x1D50,
0x1D3A,3,0x004E,0x006E,0x1D3A,
0x1D3C,4,0x004F,0x006F,0x1D3C,0x1D52,
0x1D3D,3,0x0222,0x0223,0x1D3D,
0x1D3E,4,0x0050,0x0070,0x1D3E,0x1D56,
0x1D3F,4,0x0052,0x0072,0x02B3,0x1D3F,
0x1D40,4,0x0054,0x0074,0x1D40,0x1D57,
0x1D41,4,0x0055,0x0075,0x1D41,0x1D58,
0x1D42,4,0x0057,0x0077,0x02B7,0x1D42,
0x1D43,4,0x0041,0x0061,0x1D2C,0x1D43,
0x1D44,2,0x0363,0x1D44,
0x1D45,3,0x0391,0x03B1,0x1D45,
0x1D46,6,0x00C6,0x00E6,0x1D01,0x1D02,0x1D2D,0x1D46,
0x1D47,4,0x0042,0x0062,0x1D2E,0x1D47,
0x1D48,4,0x0044,0x0064,0x1D30,0x1D48,
0x1D49,4,0x0045,0x0065,0x1D31,0x1D49,
0x1D4A,3,0x018F,0x0259,0x1D4A,
0x1D4B,3,0x0190,0x025B,0x1D4B,
0x1D4C,2,0x1D08,0x1D4C,
0x1D4D,4,0x0047,0x0067,0x1D33,0x1D4D,
0x1D4E,2,0x1D09,0x1D4E,
0x1D4F,5,0x004B,0x006B,0x1D37,0x1D4F,0x212A,
0x1D50,4,0x004D,0x006D,0x1D39,0x1D50,
0x1D51,3,0x014A,0x014B,0x1D51,
0x1D52,4,0x004F,0x006F,0x1D3C,0x1D52,
0x1D53,3,0x0186,0x0254,0x1D53,
0x1D54,2,0x1D16,0x1D54,
0x1D55,2,0x1D17,0x1D55,
0x1D56,4,0x0050,0x0070,0x1D3E,0x1D56,
0x1D57,4,0x0054,0x0074,0x1D40,0x1D57,
0x1D58,4,0x0055,0x0075,0x1D41,0x1D58,
0x1D59,2,0x1D1D,0x1D59,
0x1D5A,3,0x019C,0x026F,0x1D5A,
0x1D5B,4,0x0056,0x0076,0x1D5B,0x2C7D,
0x1D5C,2,0x1D25,0x1D5C,
0x1D5D,3,0x0392,0x03B2,0x1D5D,
0x1D5E,3,0x1D5E,0x213D,0x213E,
0x1D5F,3,0x0394,0x03B4,0x1D5F,
0x1D60,3,0x03A6,0x03C6,0x1D60,
0x1D61,3,0x03A7,0x03C7,0x1D61,
0x1D77,2,0x1D77,0x2141,
0x1D78,3,0x041D,0x043D,0x1D78,
0x1D79,2,0x1D79,0xA77D,
0x1D7B,2,0x1D7B,0x1DA7,
0x1D7D,2,0x1D7D,0x2C63,
0x1D85,2,0x1D85,0x1DAA,
0x1D9B,2,0x0252,0x1D9B,
0x1D9C,3,0x0043,0x0063,0x1D9C,
0x1D9D,2,0x0255,0x1D9D,
0x1D9E,3,0x00D0,0x00F0,0x1D9E,
0x1D9F,2,0x025C,0x1D9F,
0x1DA0,3,0x0046,0x0066,0x1DA0,
0x1DA1,2,0x025F,0x1DA1,
0x1DA2,2,0x0261,0x1DA2,
0x1DA3,2,0x0265,0x1DA3,
0x1DA4,3,0x0197,0x0268,0x1DA4,
0x1DA5,3,0x0196,0x0269,0x1DA5,
0x1DA6,3,0x026A,0x1DA6,0x2071,
0x1DA7,2,0x1D7B,0x1DA7,
0x1DA8,2,0x029D,0x1DA8,
0x1DA9,2,0x026D,0x1DA9,
0x1DAA,2,0x1D85,0x1DAA,
0x1DAB,2,0x029F,0x1DAB,
0x1DAC,3,0x0271,0x1DAC,0x2C6E,
0x1DAD,2,0x0270,0x1DAD,
0x1DAE,3,0x019D,0x0272,0x1DAE,
0x1DAF,2,0x0273,0x1DAF,
0x1DB0,3,0x0274,0x1DB0,0x207F,
0x1DB1,3,0x019F,0x0275,0x1DB1,
0x1DB2,2,0x0278,0x1DB2,
0x1DB3,2,0x0282,0x1DB3,
0x1DB4,3,0x01A9,0x0283,0x1DB4,
0x1DB5,2,0x01AB,0x1DB5,
0x1DB6,3,0x0244,0x0289,0x1DB6,
0x1DB7,3,0x01B1,0x028A,0x1DB7,
0x1DB8,2,0x1D1C,0x1DB8,
0x1DB9,3,0x01B2,0x028B,0x1DB9,
0x1DBA,3,0x0245,0x028C,0x1DBA,
0x1DBB,3,0x005A,0x007A,0x1DBB,
0x1DBC,2,0x0290,0x1DBC,
0x1DBD,2,0x0291,0x1DBD,
0x1DBE,3,0x01B7,0x0292,0x1DBE,
0x1DC0,2,0x02C2,0x1DC0,
0x1DC1,2,0x02C3,0x1DC1,
0x1DC2,2,0x02C4,0x1DC2,
0x1DC3,2,0x02C5,0x1DC3,
0x1DC4,5,0x035B,0x05AE,0x05C4,0x1DC4,0x1DC7,
0x1DC5,3,0x05AF,0x1DC5,0x1DC6,
0x1DC6,3,0x05AF,0x1DC5,0x1DC6,
0x1DC7,5,0x035B,0x05AE,0x05C4,0x1DC4,0x1DC7,
0x1DC8,2,0x05B3,0x1DC8,
0x1DC9,2,0x05B2,0x1DC9,
0x1DCB,4,0x0362,0x05B4,0x1DCB,0x1DCC,
0x1DCC,4,0x0362,0x05B4,0x1DCB,0x1DCC,
0x1DCD,3,0x035C,0x05B5,0x1DCD,
0x1DCE,2,0x05B6,0x1DCE,
0x1DCF,2,0x05B7,0x1DCF,
0x1DD0,5,0x05B8,0x05C7,0x1DD0,0x1DFC,0x1DFD,
0x1DD1,2,0x06EC,0x1DD1,
0x1DFC,5,0x05B8,0x05C7,0x1DD0,0x1DFC,0x1DFD,
0x1DFD,5,0x05B8,0x05C7,0x1DD0,0x1DFC,0x1DFD,
0x1E00,2,0x1E00,0x1E01,
0x1E01,2,0x1E00,0x1E01,
0x1E02,2,0x1E02,0x1E03,
0x1E03,2,0x1E02,0x1E03,
0x1E04,2,0x1E04,0x1E05,
0x1E05,2,0x1E04,0x1E05,
0x1E06,2,0x1E06,0x1E07,
0x1E07,2,0x1E06,0x1E07,
0x1E08,2,0x1E08,0x1E09,
0x1E09,2,0x1E08,0x1E09,
0x1E0A,2,0x1E0A,0x1E0B,
0x1E0B,2,0x1E0A,0x1E0B,
0x1E0C,2,0x1E0C,0x1E0D,
0x1E0D,2,0x1E0C,0x1E0D,
0x1E0E,2,0x1E0E,0x1E0F,
0x1E0F,2,0x1E0E,0x1E0F,
0x1E10,2,0x1E10,0x1E11,
0x1E11,2,0x1E10,0x1E11,
0x1E12,2,0x1E12,0x1E13,
0x1E13,2,0x1E12,0x1E13,
0x1E14,2,0x1E14,0x1E15,
0x1E15,2,0x1E14,0x1E15,
0x1E16,2,0x1E16,0x1E17,
0x1E17,2,0x1E16,0x1E17,
0x1E18,2,0x1E18,0x1E19,
0x1E19,2,0x1E18,0x1E19,
0x1E1A,2,0x1E1A,0x1E1B,
0x1E1B,2,0x1E1A,0x1E1B,
0x1E1C,2,0x1E1C,0x1E1D,
0x1E1D,2,0x1E1C,0x1E1D,
0x1E1E,2,0x1E1E,0x1E1F,
0x1E1F,2,0x1E1E,0x1E1F,
0x1E20,2,0x1E20,0x1E21,
0x1E21,2,0x1E20,0x1E21,
0x1E22,2,0x1E22,0x1E23,
0x1E23,2,0x1E22,0x1E23,
0x1E24,2,0x1E24,0x1E25,
0x1E25,2,0x1E24,0x1E25,
0x1E26,2,0x1E26,0x1E27,
0x1E27,2,0x1E26,0x1E27,
0x1E28,2,0x1E28,0x1E29,
0x1E29,2,0x1E28,0x1E29,
0x1E2A,2,0x1E2A,0x1E2B,
0x1E2B,2,0x1E2A,0x1E2B,
0x1E2C,2,0x1E2C,0x1E2D,
0x1E2D,2,0x1E2C,0x1E2D,
0x1E2E,2,0x1E2E,0x1E2F,
0x1E2F,2,0x1E2E,0x1E2F,
0x1E30,2,0x1E30,0x1E31,
0x1E31,2,0x1E30,0x1E31,
0x1E32,2,0x1E32,0x1E33,
0x1E33,2,0x1E32,0x1E33,
0x1E34,2,0x1E34,0x1E35,
0x1E35,2,0x1E34,0x1E35,
0x1E36,2,0x1E36,0x1E37,
0x1E37,2,0x1E36,0x1E37,
0x1E38,2,0x1E38,0x1E39,
0x1E39,2,0x1E38,0x1E39,
0x1E3A,2,0x1E3A,0x1E3B,
0x1E3B,2,0x1E3A,0x1E3B,
0x1E3C,2,0x1E3C,0x1E3D,
0x1E3D,2,0x1E3C,0x1E3D,
0x1E3E,2,0x1E3E,0x1E3F,
0x1E3F,2,0x1E3E,0x1E3F,
0x1E40,2,0x1E40,0x1E41,
0x1E41,2,0x1E40,0x1E41,
0x1E42,2,0x1E42,0x1E43,
0x1E43,2,0x1E42,0x1E43,
0x1E44,2,0x1E44,0x1E45,
0x1E45,2,0x1E44,0x1E45,
0x1E46,2,0x1E46,0x1E47,
0x1E47,2,0x1E46,0x1E47,
0x1E48,2,0x1E48,0x1E49,
0x1E49,2,0x1E48,0x1E49,
0x1E4A,2,0x1E4A,0x1E4B,
0x1E4B,2,0x1E4A,0x1E4B,
0x1E4C,4,0x0230,0x0231,0x1E4C,0x1E4D,
0x1E4D,4,0x0230,0x0231,0x1E4C,0x1E4D,
0x1E4E,2,0x1E4E,0x1E4F,
0x1E4F,2,0x1E4E,0x1E4F,
0x1E50,2,0x1E50,0x1E51,
0x1E51,2,0x1E50,0x1E51,
0x1E52,2,0x1E52,0x1E53,
0x1E53,2,0x1E52,0x1E53,
0x1E54,2,0x1E54,0x1E55,
0x1E55,2,0x1E54,0x1E55,
0x1E56,2,0x1E56,0x1E57,
0x1E57,2,0x1E56,0x1E57,
0x1E58,2,0x1E58,0x1E59,
0x1E59,2,0x1E58,0x1E59,
0x1E5A,2,0x1E5A,0x1E5B,
0x1E5B,2,0x1E5A,0x1E5B,
0x1E5C,2,0x1E5C,0x1E5D,
0x1E5D,2,0x1E5C,0x1E5D,
0x1E5E,2,0x1E5E,0x1E5F,
0x1E5F,2,0x1E5E,0x1E5F,
0x1E60,2,0x1E60,0x1E61,
0x1E61,2,0x1E60,0x1E61,
0x1E62,2,0x1E62,0x1E63,
0x1E63,2,0x1E62,0x1E63,
0x1E64,4,0x015E,0x015F,0x1E64,0x1E65,
0x1E65,4,0x015E,0x015F,0x1E64,0x1E65,
0x1E66,2,0x1E66,0x1E67,
0x1E67,2,0x1E66,0x1E67,
0x1E68,2,0x1E68,0x1E69,
0x1E69,2,0x1E68,0x1E69,
0x1E6A,2,0x1E6A,0x1E6B,
0x1E6B,2,0x1E6A,0x1E6B,
0x1E6C,2,0x1E6C,0x1E6D,
0x1E6D,2,0x1E6C,0x1E6D,
0x1E6E,2,0x1E6E,0x1E6F,
0x1E6F,2,0x1E6E,0x1E6F,
0x1E70,2,0x1E70,0x1E71,
0x1E71,2,0x1E70,0x1E71,
0x1E72,2,0x1E72,0x1E73,
0x1E73,2,0x1E72,0x1E73,
0x1E74,2,0x1E74,0x1E75,
0x1E75,2,0x1E74,0x1E75,
0x1E76,2,0x1E76,0x1E77,
0x1E77,2,0x1E76,0x1E77,
0x1E78,4,0x01D9,0x01DA,0x1E78,0x1E79,
0x1E79,4,0x01D9,0x01DA,0x1E78,0x1E79,
0x1E7A,4,0x01D5,0x01D6,0x1E7A,0x1E7B,
0x1E7B,4,0x01D5,0x01D6,0x1E7A,0x1E7B,
0x1E7C,2,0x1E7C,0x1E7D,
0x1E7D,2,0x1E7C,0x1E7D,
0x1E7E,2,0x1E7E,0x1E7F,
0x1E7F,2,0x1E7E,0x1E7F,
0x1E80,2,0x1E80,0x1E81,
0x1E81,2,0x1E80,0x1E81,
0x1E82,2,0x1E82,0x1E83,
0x1E83,2,0x1E82,0x1E83,
0x1E84,2,0x1E84,0x1E85,
0x1E85,2,0x1E84,0x1E85,
0x1E86,2,0x1E86,0x1E87,
0x1E87,2,0x1E86,0x1E87,
0x1E88,2,0x1E88,0x1E89,
0x1E89,2,0x1E88,0x1E89,
0x1E8A,2,0x1E8A,0x1E8B,
0x1E8B,2,0x1E8A,0x1E8B,
0x1E8C,2,0x1E8C,0x1E8D,
0x1E8D,2,0x1E8C,0x1E8D,
0x1E8E,2,0x1E8E,0x1E8F,
0x1E8F,2,0x1E8E,0x1E8F,
0x1E90,2,0x1E90,0x1E91,
0x1E91,2,0x1E90,0x1E91,
0x1E92,2,0x1E92,0x1E93,
0x1E93,2,0x1E92,0x1E93,
0x1E94,2,0x1E94,0x1E95,
0x1E95,2,0x1E94,0x1E95,
0x1E9E,2,0x00DF,0x1E9E,
0x1EA0,2,0x1EA0,0x1EA1,
0x1EA1,2,0x1EA0,0x1EA1,
0x1EA2,2,0x1EA2,0x1EA3,
0x1EA3,2,0x1EA2,0x1EA3,
0x1EA4,2,0x1EA4,0x1EA5,
0x1EA5,2,0x1EA4,0x1EA5,
0x1EA6,2,0x1EA6,0x1EA7,
0x1EA7,2,0x1EA6,0x1EA7,
0x1EA8,2,0x1EA8,0x1EA9,
0x1EA9,2,0x1EA8,0x1EA9,
0x1EAA,2,0x1EAA,0x1EAB,
0x1EAB,2,0x1EAA,0x1EAB,
0x1EAC,2,0x1EAC,0x1EAD,
0x1EAD,2,0x1EAC,0x1EAD,
0x1EAE,2,0x1EAE,0x1EAF,
0x1EAF,2,0x1EAE,0x1EAF,
0x1EB0,2,0x1EB0,0x1EB1,
0x1EB1,2,0x1EB0,0x1EB1,
0x1EB2,2,0x1EB2,0x1EB3,
0x1EB3,2,0x1EB2,0x1EB3,
0x1EB4,2,0x1EB4,0x1EB5,
0x1EB5,2,0x1EB4,0x1EB5,
0x1EB6,2,0x1EB6,0x1EB7,
0x1EB7,2,0x1EB6,0x1EB7,
0x1EB8,2,0x1EB8,0x1EB9,
0x1EB9,2,0x1EB8,0x1EB9,
0x1EBA,2,0x1EBA,0x1EBB,
0x1EBB,2,0x1EBA,0x1EBB,
0x1EBC,2,0x1EBC,0x1EBD,
0x1EBD,2,0x1EBC,0x1EBD,
0x1EBE,2,0x1EBE,0x1EBF,
0x1EBF,2,0x1EBE,0x1EBF,
0x1EC0,2,0x1EC0,0x1EC1,
0x1EC1,2,0x1EC0,0x1EC1,
0x1EC2,2,0x1EC2,0x1EC3,
0x1EC3,2,0x1EC2,0x1EC3,
0x1EC4,2,0x1EC4,0x1EC5,
0x1EC5,2,0x1EC4,0x1EC5,
0x1EC6,2,0x1EC6,0x1EC7,
0x1EC7,2,0x1EC6,0x1EC7,
0x1EC8,2,0x1EC8,0x1EC9,
0x1EC9,2,0x1EC8,0x1EC9,
0x1ECA,2,0x1ECA,0x1ECB,
0x1ECB,2,0x1ECA,0x1ECB,
0x1ECC,2,0x1ECC,0x1ECD,
0x1ECD,2,0x1ECC,0x1ECD,
0x1ECE,2,0x1ECE,0x1ECF,
0x1ECF,2,0x1ECE,0x1ECF,
0x1ED0,2,0x1ED0,0x1ED1,
0x1ED1,2,0x1ED0,0x1ED1,
0x1ED2,2,0x1ED2,0x1ED3,
0x1ED3,2,0x1ED2,0x1ED3,
0x1ED4,2,0x1ED4,0x1ED5,
0x1ED5,2,0x1ED4,0x1ED5,
0x1ED6,2,0x1ED6,0x1ED7,
0x1ED7,2,0x1ED6,0x1ED7,
0x1ED8,2,0x1ED8,0x1ED9,
0x1ED9,2,0x1ED8,0x1ED9,
0x1EDA,2,0x1EDA,0x1EDB,
0x1EDB,2,0x1EDA,0x1EDB,
0x1EDC,2,0x1EDC,0x1EDD,
0x1EDD,2,0x1EDC,0x1EDD,
0x1EDE,2,0x1EDE,0x1EDF,
0x1EDF,2,0x1EDE,0x1EDF,
0x1EE0,2,0x1EE0,0x1EE1,
0x1EE1,2,0x1EE0,0x1EE1,
0x1EE2,2,0x1EE2,0x1EE3,
0x1EE3,2,0x1EE2,0x1EE3,
0x1EE4,2,0x1EE4,0x1EE5,
0x1EE5,2,0x1EE4,0x1EE5,
0x1EE6,2,0x1EE6,0x1EE7,
0x1EE7,2,0x1EE6,0x1EE7,
0x1EE8,2,0x1EE8,0x1EE9,
0x1EE9,2,0x1EE8,0x1EE9,
0x1EEA,2,0x1EEA,0x1EEB,
0x1EEB,2,0x1EEA,0x1EEB,
0x1EEC,2,0x1EEC,0x1EED,
0x1EED,2,0x1EEC,0x1EED,
0x1EEE,2,0x1EEE,0x1EEF,
0x1EEF,2,0x1EEE,0x1EEF,
0x1EF0,2,0x1EF0,0x1EF1,
0x1EF1,2,0x1EF0,0x1EF1,
0x1EF2,2,0x1EF2,0x1EF3,
0x1EF3,2,0x1EF2,0x1EF3,
0x1EF4,2,0x1EF4,0x1EF5,
0x1EF5,2,0x1EF4,0x1EF5,
0x1EF6,2,0x1EF6,0x1EF7,
0x1EF7,2,0x1EF6,0x1EF7,
0x1EF8,2,0x1EF8,0x1EF9,
0x1EF9,2,0x1EF8,0x1EF9,
0x1EFA,2,0x1EFA,0x1EFB,
0x1EFB,2,0x1EFA,0x1EFB,
0x1EFC,2,0x1EFC,0x1EFD,
0x1EFD,2,0x1EFC,0x1EFD,
0x1EFE,2,0x1EFE,0x1EFF,
0x1EFF,2,0x1EFE,0x1EFF,
0x1F00,2,0x1F00,0x1F08,
0x1F01,2,0x1F01,0x1F09,
0x1F02,4,0x1F02,0x1F05,0x1F0A,0x1F0D,
0x1F03,2,0x1F03,0x1F0B,
0x1F04,2,0x1F04,0x1F0C,
0x1F05,4,0x1F02,0x1F05,0x1F0A,0x1F0D,
0x1F06,2,0x1F06,0x1F0E,
0x1F07,2,0x1F07,0x1F0F,
0x1F08,2,0x1F00,0x1F08,
0x1F09,2,0x1F01,0x1F09,
0x1F0A,4,0x1F02,0x1F05,0x1F0A,0x1F0D,
0x1F0B,2,0x1F03,0x1F0B,
0x1F0C,2,0x1F04,0x1F0C,
0x1F0D,4,0x1F02,0x1F05,0x1F0A,0x1F0D,
0x1F0E,2,0x1F06,0x1F0E,
0x1F0F,2,0x1F07,0x1F0F,
0x1F10,2,0x1F10,0x1F18,
0x1F11,2,0x1F11,0x1F19,
0x1F12,4,0x1F12,0x1F15,0x1F1A,0x1F1D,
0x1F13,2,0x1F13,0x1F1B,
0x1F14,2,0x1F14,0x1F1C,
0x1F15,4,0x1F12,0x1F15,0x1F1A,0x1F1D,
0x1F18,2,0x1F10,0x1F18,
0x1F19,2,0x1F11,0x1F19,
0x1F1A,4,0x1F12,0x1F15,0x1F1A,0x1F1D,
0x1F1B,2,0x1F13,0x1F1B,
0x1F1C,2,0x1F14,0x1F1C,
0x1F1D,4,0x1F12,0x1F15,0x1F1A,0x1F1D,
0x1F20,2,0x1F20,0x1F28,
0x1F21,2,0x1F21,0x1F29,
0x1F22,4,0x1F22,0x1F25,0x1F2A,0x1F2D,
0x1F23,2,0x1F23,0x1F2B,
0x1F24,2,0x1F24,0x1F2C,
0x1F25,4,0x1F22,0x1F25,0x1F2A,0x1F2D,
0x1F26,2,0x1F26,0x1F2E,
0x1F27,2,0x1F27,0x1F2F,
0x1F28,2,0x1F20,0x1F28,
0x1F29,2,0x1F21,0x1F29,
0x1F2A,4,0x1F22,0x1F25,0x1F2A,0x1F2D,
0x1F2B,2,0x1F23,0x1F2B,
0x1F2C,2,0x1F24,0x1F2C,
0x1F2D,4,0x1F22,0x1F25,0x1F2A,0x1F2D,
0x1F2E,2,0x1F26,0x1F2E,
0x1F2F,2,0x1F27,0x1F2F,
0x1F30,2,0x1F30,0x1F38,
0x1F31,2,0x1F31,0x1F39,
0x1F32,4,0x1F32,0x1F35,0x1F3A,0x1F3D,
0x1F33,2,0x1F33,0x1F3B,
0x1F34,2,0x1F34,0x1F3C,
0x1F35,4,0x1F32,0x1F35,0x1F3A,0x1F3D,
0x1F36,2,0x1F36,0x1F3E,
0x1F37,2,0x1F37,0x1F3F,
0x1F38,2,0x1F30,0x1F38,
0x1F39,2,0x1F31,0x1F39,
0x1F3A,4,0x1F32,0x1F35,0x1F3A,0x1F3D,
0x1F3B,2,0x1F33,0x1F3B,
0x1F3C,2,0x1F34,0x1F3C,
0x1F3D,4,0x1F32,0x1F35,0x1F3A,0x1F3D,
0x1F3E,2,0x1F36,0x1F3E,
0x1F3F,2,0x1F37,0x1F3F,
0x1F40,2,0x1F40,0x1F48,
0x1F41,2,0x1F41,0x1F49,
0x1F42,4,0x1F42,0x1F45,0x1F4A,0x1F4D,
0x1F43,2,0x1F43,0x1F4B,
0x1F44,2,0x1F44,0x1F4C,
0x1F45,4,0x1F42,0x1F45,0x1F4A,0x1F4D,
0x1F48,2,0x1F40,0x1F48,
0x1F49,2,0x1F41,0x1F49,
0x1F4A,4,0x1F42,0x1F45,0x1F4A,0x1F4D,
0x1F4B,2,0x1F43,0x1F4B,
0x1F4C,2,0x1F44,0x1F4C,
0x1F4D,4,0x1F42,0x1F45,0x1F4A,0x1F4D,
0x1F51,2,0x1F51,0x1F59,
0x1F52,3,0x1F52,0x1F55,0x1F5D,
0x1F53,2,0x1F53,0x1F5B,
0x1F55,3,0x1F52,0x1F55,0x1F5D,
0x1F57,2,0x1F57,0x1F5F,
0x1F59,2,0x1F51,0x1F59,
0x1F5B,2,0x1F53,0x1F5B,
0x1F5D,3,0x1F52,0x1F55,0x1F5D,
0x1F5F,2,0x1F57,0x1F5F,
0x1F60,2,0x1F60,0x1F68,
0x1F61,2,0x1F61,0x1F69,
0x1F62,4,0x1F62,0x1F65,0x1F6A,0x1F6D,
0x1F63,2,0x1F63,0x1F6B,
0x1F64,2,0x1F64,0x1F6C,
0x1F65,4,0x1F62,0x1F65,0x1F6A,0x1F6D,
0x1F66,2,0x1F66,0x1F6E,
0x1F67,2,0x1F67,0x1F6F,
0x1F68,2,0x1F60,0x1F68,
0x1F69,2,0x1F61,0x1F69,
0x1F6A,4,0x1F62,0x1F65,0x1F6A,0x1F6D,
0x1F6B,2,0x1F63,0x1F6B,
0x1F6C,2,0x1F64,0x1F6C,
0x1F6D,4,0x1F62,0x1F65,0x1F6A,0x1F6D,
0x1F6E,2,0x1F66,0x1F6E,
0x1F6F,2,0x1F67,0x1F6F,
0x1F70,2,0x1F70,0x1FBA,
0x1F71,4,0x0386,0x03AC,0x1F71,0x1FBB,
0x1F72,2,0x1F72,0x1FC8,
0x1F73,4,0x0388,0x03AD,0x1F73,0x1FC9,
0x1F74,2,0x1F74,0x1FCA,
0x1F75,4,0x0389,0x03AE,0x1F75,0x1FCB,
0x1F76,2,0x1F76,0x1FDA,
0x1F77,4,0x038A,0x03AF,0x1F77,0x1FDB,
0x1F78,2,0x1F78,0x1FF8,
0x1F79,4,0x038C,0x03CC,0x1F79,0x1FF9,
0x1F7A,2,0x1F7A,0x1FEA,
0x1F7B,4,0x038E,0x03CD,0x1F7B,0x1FEB,
0x1F7C,2,0x1F7C,0x1FFA,
0x1F7D,4,0x038F,0x03CE,0x1F7D,0x1FFB,
0x1F80,2,0x1F80,0x1F88,
0x1F81,2,0x1F81,0x1F89,
0x1F82,4,0x1F82,0x1F85,0x1F8A,0x1F8D,
0x1F83,2,0x1F83,0x1F8B,
0x1F84,2,0x1F84,0x1F8C,
0x1F85,4,0x1F82,0x1F85,0x1F8A,0x1F8D,
0x1F86,2,0x1F86,0x1F8E,
0x1F87,2,0x1F87,0x1F8F,
0x1F88,2,0x1F80,0x1F88,
0x1F89,2,0x1F81,0x1F89,
0x1F8A,4,0x1F82,0x1F85,0x1F8A,0x1F8D,
0x1F8B,2,0x1F83,0x1F8B,
0x1F8C,2,0x1F84,0x1F8C,
0x1F8D,4,0x1F82,0x1F85,0x1F8A,0x1F8D,
0x1F8E,2,0x1F86,0x1F8E,
0x1F8F,2,0x1F87,0x1F8F,
0x1F90,2,0x1F90,0x1F98,
0x1F91,2,0x1F91,0x1F99,
0x1F92,4,0x1F92,0x1F95,0x1F9A,0x1F9D,
0x1F93,2,0x1F93,0x1F9B,
0x1F94,2,0x1F94,0x1F9C,
0x1F95,4,0x1F92,0x1F95,0x1F9A,0x1F9D,
0x1F96,2,0x1F96,0x1F9E,
0x1F97,2,0x1F97,0x1F9F,
0x1F98,2,0x1F90,0x1F98,
0x1F99,2,0x1F91,0x1F99,
0x1F9A,4,0x1F92,0x1F95,0x1F9A,0x1F9D,
0x1F9B,2,0x1F93,0x1F9B,
0x1F9C,2,0x1F94,0x1F9C,
0x1F9D,4,0x1F92,0x1F95,0x1F9A,0x1F9D,
0x1F9E,2,0x1F96,0x1F9E,
0x1F9F,2,0x1F97,0x1F9F,
0x1FA0,2,0x1FA0,0x1FA8,
0x1FA1,2,0x1FA1,0x1FA9,
0x1FA2,4,0x1FA2,0x1FA5,0x1FAA,0x1FAD,
0x1FA3,2,0x1FA3,0x1FAB,
0x1FA4,2,0x1FA4,0x1FAC,
0x1FA5,4,0x1FA2,0x1FA5,0x1FAA,0x1FAD,
0x1FA6,2,0x1FA6,0x1FAE,
0x1FA7,2,0x1FA7,0x1FAF,
0x1FA8,2,0x1FA0,0x1FA8,
0x1FA9,2,0x1FA1,0x1FA9,
0x1FAA,4,0x1FA2,0x1FA5,0x1FAA,0x1FAD,
0x1FAB,2,0x1FA3,0x1FAB,
0x1FAC,2,0x1FA4,0x1FAC,
0x1FAD,4,0x1FA2,0x1FA5,0x1FAA,0x1FAD,
0x1FAE,2,0x1FA6,0x1FAE,
0x1FAF,2,0x1FA7,0x1FAF,
0x1FB0,2,0x1FB0,0x1FB8,
0x1FB1,2,0x1FB1,0x1FB9,
0x1FB3,2,0x1FB3,0x1FBC,
0x1FB8,2,0x1FB0,0x1FB8,
0x1FB9,2,0x1FB1,0x1FB9,
0x1FBA,2,0x1F70,0x1FBA,
0x1FBB,4,0x0386,0x03AC,0x1F71,0x1FBB,
0x1FBC,2,0x1FB3,0x1FBC,
0x1FBE,3,0x0399,0x03B9,0x1FBE,
0x1FC3,2,0x1FC3,0x1FCC,
0x1FC8,2,0x1F72,0x1FC8,
0x1FC9,4,0x0388,0x03AD,0x1F73,0x1FC9,
0x1FCA,2,0x1F74,0x1FCA,
0x1FCB,4,0x0389,0x03AE,0x1F75,0x1FCB,
0x1FCC,2,0x1FC3,0x1FCC,
0x1FD0,2,0x1FD0,0x1FD8,
0x1FD1,2,0x1FD1,0x1FD9,
0x1FD3,2,0x0390,0x1FD3,
0x1FD8,2,0x1FD0,0x1FD8,
0x1FD9,2,0x1FD1,0x1FD9,
0x1FDA,2,0x1F76,0x1FDA,
0x1FDB,4,0x038A,0x03AF,0x1F77,0x1FDB,
0x1FE0,2,0x1FE0,0x1FE8,
0x1FE1,2,0x1FE1,0x1FE9,
0x1FE3,2,0x03B0,0x1FE3,
0x1FE5,2,0x1FE5,0x1FEC,
0x1FE8,2,0x1FE0,0x1FE8,
0x1FE9,2,0x1FE1,0x1FE9,
0x1FEA,2,0x1F7A,0x1FEA,
0x1FEB,4,0x038E,0x03CD,0x1F7B,0x1FEB,
0x1FEC,2,0x1FE5,0x1FEC,
0x1FEE,2,0x0385,0x1FEE,
0x1FEF,3,0x0060,0x02CB,0x1FEF,
0x1FF3,2,0x1FF3,0x1FFC,
0x1FF8,2,0x1F78,0x1FF8,
0x1FF9,4,0x038C,0x03CC,0x1F79,0x1FF9,
0x1FFA,2,0x1F7C,0x1FFA,
0x1FFB,4,0x038F,0x03CE,0x1F7D,0x1FFB,
0x1FFC,2,0x1FF3,0x1FFC,
0x1FFD,2,0x00B4,0x1FFD,
0x2000,2,0x2000,0x2002,
0x2001,2,0x2001,0x2003,
0x2002,2,0x2000,0x2002,
0x2003,2,0x2001,0x2003,
0x2014,2,0x2014,0xFE58,
0x2017,2,0x19DE,0x2017,
0x2018,2,0x19DF,0x2018,
0x2024,2,0x002E,0x2024,
0x2038,2,0x2038,0x204A,
0x2039,2,0x2039,0x2053,
0x203A,2,0x1735,0x203A,
0x203E,5,0x203E,0xFE49,0xFE4A,0xFE4B,0xFE4C,
0x203F,3,0x0DF4,0x203F,0xFE33,
0x204A,2,0x2038,0x204A,
0x204B,2,0x0026,0x204B,
0x204C,2,0x204C,0xFE60,
0x204D,2,0x0022,0x204D,
0x204E,2,0x204E,0xFE5F,
0x204F,2,0x0025,0x204F,
0x2050,2,0x2050,0xFE6A,
0x2052,2,0x0024,0x2052,
0x2053,2,0x2039,0x2053,
0x2054,2,0x2054,0xFE69,
0x2057,3,0x0023,0x061E,0x2057,
0x205F,2,0x0020,0x205F,
0x2070,2,0x2070,0x24EA,
0x2071,3,0x026A,0x1DA6,0x2071,
0x2074,3,0x2074,0x2463,0x278D,
0x2075,3,0x2075,0x2464,0x278E,
0x2076,3,0x2076,0x2465,0x278F,
0x2077,3,0x2077,0x2466,0x2790,
0x2078,3,0x2078,0x2467,0x2791,
0x2079,3,0x2079,0x2468,0x2792,
0x207F,3,0x0274,0x1DB0,0x207F,
0x2081,2,0x2081,0x2776,
0x2082,2,0x2082,0x2777,
0x2083,2,0x2083,0x2778,
0x2084,2,0x2084,0x2779,
0x2085,2,0x2085,0x277A,
0x2086,2,0x2086,0x277B,
0x2087,2,0x2087,0x277C,
0x2088,2,0x2088,0x277D,
0x2089,2,0x2089,0x277E,
0x2095,3,0x2095,0xFF28,0xFF48,
0x2096,3,0x2096,0xFF2B,0xFF4B,
0x2097,3,0x2097,0xFF2C,0xFF4C,
0x2098,3,0x2098,0xFF2D,0xFF4D,
0x209A,3,0x209A,0xFF30,0xFF50,
0x209B,3,0x209B,0xFF33,0xFF53,
0x209C,3,0x209C,0xFF34,0xFF54,
0x20A0,2,0x20A0,0xFF63,
0x20A1,2,0x20A1,0x3015,
0x20A2,2,0x20A2,0x3014,
0x20A4,2,0x20A4,0x300E,
0x20A5,3,0x20A5,0x20AD,0xFE43,
0x20A6,2,0x20A6,0x300F,
0x20A7,2,0x20A7,0xFE44,
0x20A8,2,0x20A8,0x3010,
0x20A9,2,0x20A9,0xFE3B,
0x20AC,2,0x20AC,0xFE39,
0x20AD,3,0x20A5,0x20AD,0xFE43,
0x20AE,2,0x20AE,0xFE5D,
0x20AF,2,0x20AF,0x3011,
0x20B0,2,0x20B0,0xFE3C,
0x20B1,2,0x20B1,0xFF62,
0x20B2,2,0x20B2,0x301B,
0x20B3,2,0x20B3,0x301D,
0x20B4,2,0x20B4,0x301E,
0x20B5,2,0x20B5,0x301F,
0x20D0,3,0x064B,0x20D0,0xFE71,
0x20D1,2,0x064C,0x20D1,
0x20D2,2,0x064D,0x20D2,
0x20D3,3,0x064E,0x20D3,0xFE77,
0x20D4,3,0x064F,0x20D4,0xFE79,
0x20D5,3,0x0650,0x20D5,0xFE7B,
0x20D6,3,0x0652,0x20D6,0xFE7F,
0x20D7,3,0x0651,0x20D7,0xFE7D,
0x20D8,2,0x0670,0x20D8,
0x20D9,2,0x0659,0x20D9,
0x20DA,2,0x065A,0x20DA,
0x20DB,2,0x065B,0x20DB,
0x20DC,2,0x065C,0x20DC,
0x20DD,2,0x0616,0x20DD,
0x20DE,2,0x0617,0x20DE,
0x20DF,2,0x0618,0x20DF,
0x20E0,2,0x0619,0x20E0,
0x20E1,2,0x061A,0x20E1,
0x20E2,2,0x02F3,0x20E2,
0x20E3,2,0x02F4,0x20E3,
0x20E4,2,0x02F5,0x20E4,
0x20E5,2,0x02F6,0x20E5,
0x20E6,2,0x02F7,0x20E6,
0x20E7,2,0x02F8,0x20E7,
0x20E8,2,0x02F9,0x20E8,
0x20E9,2,0x02FA,0x20E9,
0x20EA,2,0x02FB,0x20EA,
0x20EB,2,0x02CE,0x20EB,
0x20EE,3,0x0342,0x0740,0x20EE,
0x20EF,2,0x0741,0x20EF,
0x20F0,3,0x0742,0x20F0,0x2CEF,
0x2112,2,0x2112,0x2113,
0x2113,2,0x2112,0x2113,
0x2126,3,0x03A9,0x03C9,0x2126,
0x212A,5,0x004B,0x006B,0x1D37,0x1D4F,0x212A,
0x212B,3,0x00C5,0x00E5,0x212B,
0x212F,2,0x212F,0x2130,
0x2130,2,0x212F,0x2130,
0x2132,2,0x2132,0x214E,
0x213C,3,0x03A0,0x03C0,0x213C,
0x213D,3,0x1D5E,0x213D,0x213E,
0x213E,3,0x1D5E,0x213D,0x213E,
0x2141,2,0x1D77,0x2141,
0x2145,2,0x2145,0x2146,
0x2146,2,0x2145,0x2146,
0x214D,2,0x214D,0x23D1,
0x214E,2,0x2132,0x214E,
0x2160,2,0x2160,0x2170,
0x2161,2,0x2161,0x2171,
0x2162,2,0x2162,0x2172,
0x2163,2,0x2163,0x2173,
0x2164,2,0x2164,0x2174,
0x2165,2,0x2165,0x2175,
0x2166,2,0x2166,0x2176,
0x2167,2,0x2167,0x2177,
0x2168,2,0x2168,0x2178,
0x2169,2,0x2169,0x2179,
0x216A,2,0x216A,0x217A,
0x216B,2,0x216B,0x217B,
0x216C,2,0x216C,0x217C,
0x216D,2,0x216D,0x217D,
0x216E,2,0x216E,0x217E,
0x216F,3,0x216F,0x217F,0x2180,
0x2170,2,0x2160,0x2170,
0x2171,2,0x2161,0x2171,
0x2172,2,0x2162,0x2172,
0x2173,2,0x2163,0x2173,
0x2174,2,0x2164,0x2174,
0x2175,2,0x2165,0x2175,
0x2176,2,0x2166,0x2176,
0x2177,2,0x2167,0x2177,
0x2178,2,0x2168,0x2178,
0x2179,2,0x2169,0x2179,
0x217A,2,0x216A,0x217A,
0x217B,2,0x216B,0x217B,
0x217C,2,0x216C,0x217C,
0x217D,2,0x216D,0x217D,
0x217E,2,0x216E,0x217E,
0x217F,3,0x216F,0x217F,0x2180,
0x2180,3,0x216F,0x217F,0x2180,
0x2183,2,0x2183,0x2184,
0x2184,2,0x2183,0x2184,
0x21FA,2,0x21FA,0x261C,
0x2200,2,0x2200,0x2AFC,
0x2201,2,0x2201,0x2AFD,
0x2216,2,0x2216,0x29F5,
0x2296,2,0x2296,0x29B5,
0x2297,2,0x2297,0x29BB,
0x2299,2,0x2299,0x29BF,
0x229A,2,0x229A,0x29BE,
0x2313,2,0x1390,0x2313,
0x2314,2,0x1391,0x2314,
0x2315,2,0x1392,0x2315,
0x2316,2,0x1393,0x2316,
0x2317,2,0x1394,0x2317,
0x2318,2,0x1395,0x2318,
0x2319,2,0x1396,0x2319,
0x231A,2,0x1397,0x231A,
0x231B,2,0x1398,0x231B,
0x231C,2,0x1399,0x231C,
0x2329,2,0x2329,0x3008,
0x232A,2,0x232A,0x3009,
0x23B4,2,0x055C,0x23B4,
0x23B5,2,0x055E,0x23B5,
0x23D1,2,0x214D,0x23D1,
0x23DC,4,0x0700,0x1AA2,0x1C3B,0x23DC,
0x23DD,4,0x0701,0x1AA3,0x1C3C,0x23DD,
0x23DE,4,0x0702,0x1AA4,0x1C3D,0x23DE,
0x23DF,4,0x0703,0x1AA5,0x1C3E,0x23DF,
0x23E0,4,0x0704,0x1AA6,0x1C3F,0x23E0,
0x23E1,4,0x0705,0x1AAC,0x1C7E,0x23E1,
0x23E2,4,0x0706,0x1AAD,0x1C7F,0x23E2,
0x23E3,2,0x0707,0x23E3,
0x23E4,2,0x0708,0x23E4,
0x23E5,2,0x0709,0x23E5,
0x23E6,2,0x070A,0x23E6,
0x23E7,2,0x070B,0x23E7,
0x2460,3,0x00B9,0x2460,0x278A,
0x2461,3,0x00B2,0x2461,0x278B,
0x2462,3,0x00B3,0x2462,0x278C,
0x2463,3,0x2074,0x2463,0x278D,
0x2464,3,0x2075,0x2464,0x278E,
0x2465,3,0x2076,0x2465,0x278F,
0x2466,3,0x2077,0x2466,0x2790,
0x2467,3,0x2078,0x2467,0x2791,
0x2468,3,0x2079,0x2468,0x2792,
0x2469,3,0x2469,0x2793,0x3248,
0x24B6,2,0x24B6,0x24D0,
0x24B7,2,0x24B7,0x24D1,
0x24B8,2,0x24B8,0x24D2,
0x24B9,2,0x24B9,0x24D3,
0x24BA,2,0x24BA,0x24D4,
0x24BB,2,0x24BB,0x24D5,
0x24BC,2,0x24BC,0x24D6,
0x24BD,2,0x24BD,0x24D7,
0x24BE,2,0x24BE,0x24D8,
0x24BF,2,0x24BF,0x24D9,
0x24C0,2,0x24C0,0x24DA,
0x24C1,2,0x24C1,0x24DB,
0x24C2,2,0x24C2,0x24DC,
0x24C3,2,0x24C3,0x24DD,
0x24C4,2,0x24C4,0x24DE,
0x24C5,2,0x24C5,0x24DF,
0x24C6,2,0x24C6,0x24E0,
0x24C7,2,0x24C7,0x24E1,
0x24C8,2,0x24C8,0x24E2,
0x24C9,2,0x24C9,0x24E3,
0x24CA,2,0x24CA,0x24E4,
0x24CB,2,0x24CB,0x24E5,
0x24CC,2,0x24CC,0x24E6,
0x24CD,2,0x24CD,0x24E7,
0x24CE,2,0x24CE,0x24E8,
0x24CF,2,0x24CF,0x24E9,
0x24D0,2,0x24B6,0x24D0,
0x24D1,2,0x24B7,0x24D1,
0x24D2,2,0x24B8,0x24D2,
0x24D3,2,0x24B9,0x24D3,
0x24D4,2,0x24BA,0x24D4,
0x24D5,2,0x24BB,0x24D5,
0x24D6,2,0x24BC,0x24D6,
0x24D7,2,0x24BD,0x24D7,
0x24D8,2,0x24BE,0x24D8,
0x24D9,2,0x24BF,0x24D9,
0x24DA,2,0x24C0,0x24DA,
0x24DB,2,0x24C1,0x24DB,
0x24DC,2,0x24C2,0x24DC,
0x24DD,2,0x24C3,0x24DD,
0x24DE,2,0x24C4,0x24DE,
0x24DF,2,0x24C5,0x24DF,
0x24E0,2,0x24C6,0x24E0,
0x24E1,2,0x24C7,0x24E1,
0x24E2,2,0x24C8,0x24E2,
0x24E3,2,0x24C9,0x24E3,
0x24E4,2,0x24CA,0x24E4,
0x24E5,2,0x24CB,0x24E5,
0x24E6,2,0x24CC,0x24E6,
0x24E7,2,0x24CD,0x24E7,
0x24E8,2,0x24CE,0x24E8,
0x24E9,2,0x24CF,0x24E9,
0x24EA,2,0x2070,0x24EA,
0x24F4,2,0x24F4,0x3249,
0x24FF,2,0x0030,0x24FF,
0x261C,2,0x21FA,0x261C,
0x2776,2,0x2081,0x2776,
0x2777,2,0x2082,0x2777,
0x2778,2,0x2083,0x2778,
0x2779,2,0x2084,0x2779,
0x277A,2,0x2085,0x277A,
0x277B,2,0x2086,0x277B,
0x277C,2,0x2087,0x277C,
0x277D,2,0x2088,0x277D,
0x277E,2,0x2089,0x277E,
0x2780,2,0x0031,0x2780,
0x2781,3,0x0032,0x01BB,0x2781,
0x2782,2,0x0033,0x2782,
0x2783,2,0x0034,0x2783,
0x2784,4,0x0035,0x01BC,0x01BD,0x2784,
0x2785,2,0x0036,0x2785,
0x2786,2,0x0037,0x2786,
0x2787,2,0x0038,0x2787,
0x2788,2,0x0039,0x2788,
0x278A,3,0x00B9,0x2460,0x278A,
0x278B,3,0x00B2,0x2461,0x278B,
0x278C,3,0x00B3,0x2462,0x278C,
0x278D,3,0x2074,0x2463,0x278D,
0x278E,3,0x2075,0x2464,0x278E,
0x278F,3,0x2076,0x2465,0x278F,
0x2790,3,0x2077,0x2466,0x2790,
0x2791,3,0x2078,0x2467,0x2791,
0x2792,3,0x2079,0x2468,0x2792,
0x2793,3,0x2469,0x2793,0x3248,
0x27C7,2,0x0080,0x27C7,
0x27C8,2,0x0081,0x27C8,
0x27C9,2,0x0082,0x27C9,
0x27CA,2,0x0083,0x27CA,
0x27F0,2,0x27F0,0x27F1,
0x27F1,2,0x27F0,0x27F1,
0x2906,5,0x2906,0x2907,0x290A,0x290B,0x290F,
0x2907,5,0x2906,0x2907,0x290A,0x290B,0x290F,
0x290A,5,0x2906,0x2907,0x290A,0x290B,0x290F,
0x290B,5,0x2906,0x2907,0x290A,0x290B,0x290F,
0x290F,5,0x2906,0x2907,0x290A,0x290B,0x290F,
0x291A,2,0x291A,0x291C,
0x291C,2,0x291A,0x291C,
0x291D,2,0x291D,0x291F,
0x291E,2,0x291E,0x2920,
0x291F,2,0x291D,0x291F,
0x2920,2,0x291E,0x2920,
0x2987,2,0x2987,0x2989,
0x2988,2,0x2988,0x298A,
0x2989,2,0x2987,0x2989,
0x298A,2,0x2988,0x298A,
0x29B5,2,0x2296,0x29B5,
0x29BB,2,0x2297,0x29BB,
0x29BC,2,0x29BC,0x2A38,
0x29BE,2,0x229A,0x29BE,
0x29BF,2,0x2299,0x29BF,
0x29F5,2,0x2216,0x29F5,
0x2A19,2,0x2A19,0x2A4B,
0x2A38,2,0x29BC,0x2A38,
0x2A41,2,0x2A41,0x2A48,
0x2A48,2,0x2A41,0x2A48,
0x2A4B,2,0x2A19,0x2A4B,
0x2A7B,2,0x2A7B,0x2A7F,
0x2A7F,2,0x2A7B,0x2A7F,
0x2A81,2,0x2A81,0x2AA6,
0x2A83,2,0x2A83,0x2AA8,
0x2AA6,2,0x2A81,0x2AA6,
0x2AA8,2,0x2A83,0x2AA8,
0x2AFB,2,0x01C2,0x2AFB,
0x2AFC,2,0x2200,0x2AFC,
0x2AFD,2,0x2201,0x2AFD,
0x2B1F,3,0x2B1F,0x2E12,0x3006,
0x2C00,2,0x2C00,0x2C30,
0x2C01,2,0x2C01,0x2C31,
0x2C02,2,0x2C02,0x2C32,
0x2C03,2,0x2C03,0x2C33,
0x2C04,2,0x2C04,0x2C34,
0x2C05,2,0x2C05,0x2C35,
0x2C06,2,0x2C06,0x2C36,
0x2C07,2,0x2C07,0x2C37,
0x2C08,2,0x2C08,0x2C38,
0x2C09,2,0x2C09,0x2C39,
0x2C0A,2,0x2C0A,0x2C3A,
0x2C0B,2,0x2C0B,0x2C3B,
0x2C0C,2,0x2C0C,0x2C3C,
0x2C0D,2,0x2C0D,0x2C3D,
0x2C0E,2,0x2C0E,0x2C3E,
0x2C0F,2,0x2C0F,0x2C3F,
0x2C10,2,0x2C10,0x2C40,
0x2C11,2,0x2C11,0x2C41,
0x2C12,2,0x2C12,0x2C42,
0x2C13,2,0x2C13,0x2C43,
0x2C14,2,0x2C14,0x2C44,
0x2C15,2,0x2C15,0x2C45,
0x2C16,2,0x2C16,0x2C46,
0x2C17,2,0x2C17,0x2C47,
0x2C18,2,0x2C18,0x2C48,
0x2C19,2,0x2C19,0x2C49,
0x2C1A,2,0x2C1A,0x2C4A,
0x2C1B,2,0x2C1B,0x2C4B,
0x2C1C,2,0x2C1C,0x2C4C,
0x2C1D,2,0x2C1D,0x2C4D,
0x2C1E,2,0x2C1E,0x2C4E,
0x2C1F,2,0x2C1F,0x2C4F,
0x2C20,2,0x2C20,0x2C50,
0x2C21,2,0x2C21,0x2C51,
0x2C22,2,0x2C22,0x2C52,
0x2C23,2,0x2C23,0x2C53,
0x2C24,2,0x2C24,0x2C54,
0x2C25,2,0x2C25,0x2C55,
0x2C26,2,0x2C26,0x2C56,
0x2C27,2,0x2C27,0x2C57,
0x2C28,2,0x2C28,0x2C58,
0x2C29,2,0x2C29,0x2C59,
0x2C2A,2,0x2C2A,0x2C5A,
0x2C2B,2,0x2C2B,0x2C5B,
0x2C2C,2,0x2C2C,0x2C5C,
0x2C2D,2,0x2C2D,0x2C5D,
0x2C2E,2,0x2C2E,0x2C5E,
0x2C30,2,0x2C00,0x2C30,
0x2C31,2,0x2C01,0x2C31,
0x2C32,2,0x2C02,0x2C32,
0x2C33,2,0x2C03,0x2C33,
0x2C34,2,0x2C04,0x2C34,
0x2C35,2,0x2C05,0x2C35,
0x2C36,2,0x2C06,0x2C36,
0x2C37,2,0x2C07,0x2C37,
0x2C38,2,0x2C08,0x2C38,
0x2C39,2,0x2C09,0x2C39,
0x2C3A,2,0x2C0A,0x2C3A,
0x2C3B,2,0x2C0B,0x2C3B,
0x2C3C,2,0x2C0C,0x2C3C,
0x2C3D,2,0x2C0D,0x2C3D,
0x2C3E,2,0x2C0E,0x2C3E,
0x2C3F,2,0x2C0F,0x2C3F,
0x2C40,2,0x2C10,0x2C40,
0x2C41,2,0x2C11,0x2C41,
0x2C42,2,0x2C12,0x2C42,
0x2C43,2,0x2C13,0x2C43,
0x2C44,2,0x2C14,0x2C44,
0x2C45,2,0x2C15,0x2C45,
0x2C46,2,0x2C16,0x2C46,
0x2C47,2,0x2C17,0x2C47,
0x2C48,2,0x2C18,0x2C48,
0x2C49,2,0x2C19,0x2C49,
0x2C4A,2,0x2C1A,0x2C4A,
0x2C4B,2,0x2C1B,0x2C4B,
0x2C4C,2,0x2C1C,0x2C4C,
0x2C4D,2,0x2C1D,0x2C4D,
0x2C4E,2,0x2C1E,0x2C4E,
0x2C4F,2,0x2C1F,0x2C4F,
0x2C50,2,0x2C20,0x2C50,
0x2C51,2,0x2C21,0x2C51,
0x2C52,2,0x2C22,0x2C52,
0x2C53,2,0x2C23,0x2C53,
0x2C54,2,0x2C24,0x2C54,
0x2C55,2,0x2C25,0x2C55,
0x2C56,2,0x2C26,0x2C56,
0x2C57,2,0x2C27,0x2C57,
0x2C58,2,0x2C28,0x2C58,
0x2C59,2,0x2C29,0x2C59,
0x2C5A,2,0x2C2A,0x2C5A,
0x2C5B,2,0x2C2B,0x2C5B,
0x2C5C,2,0x2C2C,0x2C5C,
0x2C5D,2,0x2C2D,0x2C5D,
0x2C5E,2,0x2C2E,0x2C5E,
0x2C60,2,0x2C60,0x2C61,
0x2C61,2,0x2C60,0x2C61,
0x2C62,2,0x026B,0x2C62,
0x2C63,2,0x1D7D,0x2C63,
0x2C64,2,0x027D,0x2C64,
0x2C65,2,0x023A,0x2C65,
0x2C66,2,0x023E,0x2C66,
0x2C67,2,0x2C67,0x2C68,
0x2C68,2,0x2C67,0x2C68,
0x2C69,2,0x2C69,0x2C6A,
0x2C6A,2,0x2C69,0x2C6A,
0x2C6B,2,0x2C6B,0x2C6C,
0x2C6C,2,0x2C6B,0x2C6C,
0x2C6D,2,0x0251,0x2C6D,
0x2C6E,3,0x0271,0x1DAC,0x2C6E,
0x2C6F,2,0x0250,0x2C6F,
0x2C72,2,0x2C72,0x2C73,
0x2C73,2,0x2C72,0x2C73,
0x2C75,2,0x2C75,0x2C76,
0x2C76,2,0x2C75,0x2C76,
0x2C7D,4,0x0056,0x0076,0x1D5B,0x2C7D,
0x2C7E,2,0x023F,0x2C7E,
0x2C7F,2,0x0240,0x2C7F,
0x2C80,2,0x2C80,0x2C81,
0x2C81,2,0x2C80,0x2C81,
0x2C82,2,0x2C82,0x2C83,
0x2C83,2,0x2C82,0x2C83,
0x2C84,2,0x2C84,0x2C85,
0x2C85,2,0x2C84,0x2C85,
0x2C86,2,0x2C86,0x2C87,
0x2C87,2,0x2C86,0x2C87,
0x2C88,2,0x2C88,0x2C89,
0x2C89,2,0x2C88,0x2C89,
0x2C8A,2,0x2C8A,0x2C8B,
0x2C8B,2,0x2C8A,0x2C8B,
0x2C8C,2,0x2C8C,0x2C8D,
0x2C8D,2,0x2C8C,0x2C8D,
0x2C8E,2,0x2C8E,0x2C8F,
0x2C8F,2,0x2C8E,0x2C8F,
0x2C90,2,0x2C90,0x2C91,
0x2C91,2,0x2C90,0x2C91,
0x2C92,2,0x2C92,0x2C93,
0x2C93,2,0x2C92,0x2C93,
0x2C94,2,0x2C94,0x2C95,
0x2C95,2,0x2C94,0x2C95,
0x2C96,2,0x2C96,0x2C97,
0x2C97,2,0x2C96,0x2C97,
0x2C98,2,0x2C98,0x2C99,
0x2C99,2,0x2C98,0x2C99,
0x2C9A,2,0x2C9A,0x2C9B,
0x2C9B,2,0x2C9A,0x2C9B,
0x2C9C,2,0x2C9C,0x2C9D,
0x2C9D,2,0x2C9C,0x2C9D,
0x2C9E,2,0x2C9E,0x2C9F,
0x2C9F,2,0x2C9E,0x2C9F,
0x2CA0,2,0x2CA0,0x2CA1,
0x2CA1,2,0x2CA0,0x2CA1,
0x2CA2,2,0x2CA2,0x2CA3,
0x2CA3,2,0x2CA2,0x2CA3,
0x2CA4,2,0x2CA4,0x2CA5,
0x2CA5,2,0x2CA4,0x2CA5,
0x2CA6,2,0x2CA6,0x2CA7,
0x2CA7,2,0x2CA6,0x2CA7,
0x2CA8,2,0x2CA8,0x2CA9,
0x2CA9,2,0x2CA8,0x2CA9,
0x2CAA,2,0x2CAA,0x2CAB,
0x2CAB,2,0x2CAA,0x2CAB,
0x2CAC,2,0x2CAC,0x2CAD,
0x2CAD,2,0x2CAC,0x2CAD,
0x2CAE,2,0x2CAE,0x2CAF,
0x2CAF,2,0x2CAE,0x2CAF,
0x2CB0,2,0x2CB0,0x2CB1,
0x2CB1,2,0x2CB0,0x2CB1,
0x2CB2,2,0x2CB2,0x2CB3,
0x2CB3,2,0x2CB2,0x2CB3,
0x2CB4,2,0x2CB4,0x2CB5,
0x2CB5,2,0x2CB4,0x2CB5,
0x2CB6,2,0x2CB6,0x2CB7,
0x2CB7,2,0x2CB6,0x2CB7,
0x2CB8,2,0x2CB8,0x2CB9,
0x2CB9,2,0x2CB8,0x2CB9,
0x2CBA,2,0x2CBA,0x2CBB,
0x2CBB,2,0x2CBA,0x2CBB,
0x2CBC,2,0x2CBC,0x2CBD,
0x2CBD,2,0x2CBC,0x2CBD,
0x2CBE,2,0x2CBE,0x2CBF,
0x2CBF,2,0x2CBE,0x2CBF,
0x2CC0,2,0x2CC0,0x2CC1,
0x2CC1,2,0x2CC0,0x2CC1,
0x2CC2,2,0x2CC2,0x2CC3,
0x2CC3,2,0x2CC2,0x2CC3,
0x2CC4,2,0x2CC4,0x2CC5,
0x2CC5,2,0x2CC4,0x2CC5,
0x2CC6,2,0x2CC6,0x2CC7,
0x2CC7,2,0x2CC6,0x2CC7,
0x2CC8,2,0x2CC8,0x2CC9,
0x2CC9,2,0x2CC8,0x2CC9,
0x2CCA,2,0x2CCA,0x2CCB,
0x2CCB,2,0x2CCA,0x2CCB,
0x2CCC,2,0x2CCC,0x2CCD,
0x2CCD,2,0x2CCC,0x2CCD,
0x2CCE,2,0x2CCE,0x2CCF,
0x2CCF,2,0x2CCE,0x2CCF,
0x2CD0,2,0x2CD0,0x2CD1,
0x2CD1,2,0x2CD0,0x2CD1,
0x2CD2,2,0x2CD2,0x2CD3,
0x2CD3,2,0x2CD2,0x2CD3,
0x2CD4,2,0x2CD4,0x2CD5,
0x2CD5,2,0x2CD4,0x2CD5,
0x2CD6,2,0x2CD6,0x2CD7,
0x2CD7,2,0x2CD6,0x2CD7,
0x2CD8,2,0x2CD8,0x2CD9,
0x2CD9,2,0x2CD8,0x2CD9,
0x2CDA,2,0x2CDA,0x2CDB,
0x2CDB,2,0x2CDA,0x2CDB,
0x2CDC,2,0x2CDC,0x2CDD,
0x2CDD,2,0x2CDC,0x2CDD,
0x2CDE,2,0x2CDE,0x2CDF,
0x2CDF,2,0x2CDE,0x2CDF,
0x2CE0,2,0x2CE0,0x2CE1,
0x2CE1,2,0x2CE0,0x2CE1,
0x2CE2,2,0x2CE2,0x2CE3,
0x2CE3,2,0x2CE2,0x2CE3,
0x2CE4,2,0x2CE4,0xA828,
0x2CE5,2,0x2CE5,0xA829,
0x2CE6,2,0x2CE6,0xA82A,
0x2CE7,2,0x2CE7,0xA82B,
0x2CEB,2,0x2CEB,0x2CEC,
0x2CEC,2,0x2CEB,0x2CEC,
0x2CED,2,0x2CED,0x2CEE,
0x2CEE,2,0x2CED,0x2CEE,
0x2CEF,3,0x0742,0x20F0,0x2CEF,
0x2CF0,3,0x0485,0x0738,0x2CF0,
0x2CF1,3,0x0486,0x0739,0x2CF1,
0x2D00,2,0x10A0,0x2D00,
0x2D01,2,0x10A1,0x2D01,
0x2D02,2,0x10A2,0x2D02,
0x2D03,2,0x10A3,0x2D03,
0x2D04,2,0x10A4,0x2D04,
0x2D05,2,0x10A5,0x2D05,
0x2D06,2,0x10A6,0x2D06,
0x2D07,2,0x10A7,0x2D07,
0x2D08,2,0x10A8,0x2D08,
0x2D09,2,0x10A9,0x2D09,
0x2D0A,2,0x10AA,0x2D0A,
0x2D0B,2,0x10AB,0x2D0B,
0x2D0C,2,0x10AC,0x2D0C,
0x2D0D,2,0x10AD,0x2D0D,
0x2D0E,2,0x10AE,0x2D0E,
0x2D0F,2,0x10AF,0x2D0F,
0x2D10,2,0x10B0,0x2D10,
0x2D11,2,0x10B1,0x2D11,
0x2D12,2,0x10B2,0x2D12,
0x2D13,2,0x10B3,0x2D13,
0x2D14,2,0x10B4,0x2D14,
0x2D15,2,0x10B5,0x2D15,
0x2D16,2,0x10B6,0x2D16,
0x2D17,2,0x10B7,0x2D17,
0x2D18,2,0x10B8,0x2D18,
0x2D19,2,0x10B9,0x2D19,
0x2D1A,2,0x10BA,0x2D1A,
0x2D1B,2,0x10BB,0x2D1B,
0x2D1C,2,0x10BC,0x2D1C,
0x2D1D,2,0x10BD,0x2D1D,
0x2D1E,2,0x10BE,0x2D1E,
0x2D1F,2,0x10BF,0x2D1F,
0x2D20,2,0x10C0,0x2D20,
0x2D21,2,0x10C1,0x2D21,
0x2D22,2,0x10C2,0x2D22,
0x2D23,2,0x10C3,0x2D23,
0x2D24,2,0x10C4,0x2D24,
0x2D25,2,0x10C5,0x2D25,
0x2D7F,7,0x0598,0x07EC,0x0ABC,0x0F84,0x1A7C,0x2D7F,0x302D,
0x2E11,2,0x2E11,0x3003,
0x2E12,3,0x2B1F,0x2E12,0x3006,
0x2E13,2,0x02D0,0x2E13,
0x2E14,4,0x10FB,0x1AA8,0x2E14,0xA4FE,
0x2E15,5,0x0950,0x1036,0x1AA9,0x2E15,0xA4FF,
0x2E16,4,0x1037,0x1AAA,0x2E16,0xAA5C,
0x2E17,6,0x0964,0x1038,0x1AAB,0x2E17,0xA8CE,0xAA5D,
0x2E19,2,0x070C,0x2E19,
0x2E1A,2,0x070F,0x2E1A,
0x2E1C,5,0x0965,0x1AA0,0x2E1C,0xA8CF,0xAA5E,
0x2E1D,4,0x0970,0x1AA1,0x2E1D,0xAA5F,
0x2E30,2,0x070D,0x2E30,
0x2E9F,2,0x2E9F,0x6BCD,
0x2EF3,2,0x2EF3,0x9F9F,
0x2F00,2,0x2F00,0x4E00,
0x2F01,2,0x2F01,0x4E28,
0x2F02,2,0x2F02,0x4E36,
0x2F03,2,0x2F03,0x4E3F,
0x2F04,2,0x2F04,0x4E59,
0x2F05,2,0x2F05,0x4E85,
0x2F06,2,0x2F06,0x4E8C,
0x2F07,2,0x2F07,0x4EA0,
0x2F08,2,0x2F08,0x4EBA,
0x2F09,2,0x2F09,0x513F,
0x2F0A,2,0x2F0A,0x5165,
0x2F0B,2,0x2F0B,0x516B,
0x2F0C,2,0x2F0C,0x5182,
0x2F0D,2,0x2F0D,0x5196,
0x2F0E,2,0x2F0E,0x51AB,
0x2F0F,2,0x2F0F,0x51E0,
0x2F10,2,0x2F10,0x51F5,
0x2F11,2,0x2F11,0x5200,
0x2F12,3,0x2F12,0x529B,0xF98A,
0x2F13,2,0x2F13,0x52F9,
0x2F14,2,0x2F14,0x5315,
0x2F15,2,0x2F15,0x531A,
0x2F16,2,0x2F16,0x5338,
0x2F17,2,0x2F17,0x5341,
0x2F18,2,0x2F18,0x535C,
0x2F19,2,0x2F19,0x5369,
0x2F1A,2,0x2F1A,0x5382,
0x2F1B,2,0x2F1B,0x53B6,
0x2F1C,2,0x2F1C,0x53C8,
0x2F1D,2,0x2F1D,0x53E3,
0x2F1E,2,0x2F1E,0x56D7,
0x2F1F,2,0x2F1F,0x571F,
0x2F20,2,0x2F20,0x58EB,
0x2F21,2,0x2F21,0x5902,
0x2F22,2,0x2F22,0x590A,
0x2F23,2,0x2F23,0x5915,
0x2F24,2,0x2F24,0x5927,
0x2F25,3,0x2F25,0x5973,0xF981,
0x2F26,2,0x2F26,0x5B50,
0x2F27,2,0x2F27,0x5B80,
0x2F28,2,0x2F28,0x5BF8,
0x2F29,2,0x2F29,0x5C0F,
0x2F2A,2,0x2F2A,0x5C22,
0x2F2B,2,0x2F2B,0x5C38,
0x2F2C,3,0x2F2C,0x5C6E,0xFA3C,
0x2F2D,2,0x2F2D,0x5C71,
0x2F2E,2,0x2F2E,0x5DDB,
0x2F2F,2,0x2F2F,0x5DE5,
0x2F30,2,0x2F30,0x5DF1,
0x2F31,2,0x2F31,0x5DFE,
0x2F32,2,0x2F32,0x5E72,
0x2F33,2,0x2F33,0x5E7A,
0x2F34,2,0x2F34,0x5E7F,
0x2F35,2,0x2F35,0x5EF4,
0x2F36,2,0x2F36,0x5EFE,
0x2F37,2,0x2F37,0x5F0B,
0x2F38,2,0x2F38,0x5F13,
0x2F39,2,0x2F39,0x5F50,
0x2F3A,2,0x2F3A,0x5F61,
0x2F3B,2,0x2F3B,0x5F73,
0x2F3C,2,0x2F3C,0x5FC3,
0x2F3D,2,0x2F3D,0x6208,
0x2F3E,2,0x2F3E,0x6236,
0x2F3F,2,0x2F3F,0x624B,
0x2F40,2,0x2F40,0x652F,
0x2F41,2,0x2F41,0x6534,
0x2F42,3,0x2F42,0x3246,0x6587,
0x2F43,2,0x2F43,0x6597,
0x2F44,2,0x2F44,0x65A4,
0x2F45,2,0x2F45,0x65B9,
0x2F46,2,0x2F46,0x65E0,
0x2F47,2,0x2F47,0x65E5,
0x2F48,2,0x2F48,0x66F0,
0x2F49,2,0x2F49,0x6708,
0x2F4A,2,0x2F4A,0x6728,
0x2F4B,2,0x2F4B,0x6B20,
0x2F4C,2,0x2F4C,0x6B62,
0x2F4D,3,0x2F4D,0x6B79,0xFA95,
0x2F4E,2,0x2F4E,0x6BB3,
0x2F4F,2,0x2F4F,0x6BCB,
0x2F50,2,0x2F50,0x6BD4,
0x2F51,2,0x2F51,0x6BDB,
0x2F52,2,0x2F52,0x6C0F,
0x2F53,2,0x2F53,0x6C14,
0x2F54,2,0x2F54,0x6C34,
0x2F55,2,0x2F55,0x706B,
0x2F56,2,0x2F56,0x722A,
0x2F57,2,0x2F57,0x7236,
0x2F58,2,0x2F58,0x723B,
0x2F59,2,0x2F59,0x723F,
0x2F5A,2,0x2F5A,0x7247,
0x2F5B,2,0x2F5B,0x7259,
0x2F5C,2,0x2F5C,0x725B,
0x2F5D,2,0x2F5D,0x72AC,
0x2F5E,2,0x2F5E,0x7384,
0x2F5F,2,0x2F5F,0x7389,
0x2F60,2,0x2F60,0x74DC,
0x2F61,2,0x2F61,0x74E6,
0x2F62,2,0x2F62,0x7518,
0x2F63,2,0x2F63,0x751F,
0x2F64,2,0x2F64,0x7528,
0x2F65,2,0x2F65,0x7530,
0x2F66,2,0x2F66,0x758B,
0x2F67,2,0x2F67,0x7592,
0x2F68,2,0x2F68,0x7676,
0x2F69,2,0x2F69,0x767D,
0x2F6A,2,0x2F6A,0x76AE,
0x2F6B,2,0x2F6B,0x76BF,
0x2F6C,2,0x2F6C,0x76EE,
0x2F6D,2,0x2F6D,0x77DB,
0x2F6E,2,0x2F6E,0x77E2,
0x2F6F,2,0x2F6F,0x77F3,
0x2F70,2,0x2F70,0x793A,
0x2F71,2,0x2F71,0x79B8,
0x2F72,2,0x2F72,0x79BE,
0x2F73,2,0x2F73,0x7A74,
0x2F74,3,0x2F74,0x7ACB,0xF9F7,
0x2F75,2,0x2F75,0x7AF9,
0x2F76,2,0x2F76,0x7C73,
0x2F77,2,0x2F77,0x7CF8,
0x2F78,2,0x2F78,0x7F36,
0x2F79,2,0x2F79,0x7F51,
0x2F7A,2,0x2F7A,0x7F8A,
0x2F7B,3,0x2F7B,0x7FBD,0xFA1E,
0x2F7C,3,0x2F7C,0x8001,0xF934,
0x2F7D,2,0x2F7D,0x800C,
0x2F7E,2,0x2F7E,0x8012,
0x2F7F,2,0x2F7F,0x8033,
0x2F80,2,0x2F80,0x807F,
0x2F81,2,0x2F81,0x8089,
0x2F82,2,0x2F82,0x81E3,
0x2F83,2,0x2F83,0x81EA,
0x2F84,2,0x2F84,0x81F3,
0x2F85,2,0x2F85,0x81FC,
0x2F86,2,0x2F86,0x820C,
0x2F87,2,0x2F87,0x821B,
0x2F88,2,0x2F88,0x821F,
0x2F89,2,0x2F89,0x826E,
0x2F8A,2,0x2F8A,0x8272,
0x2F8B,2,0x2F8B,0x8278,
0x2F8C,2,0x2F8C,0x864D,
0x2F8D,2,0x2F8D,0x866B,
0x2F8E,2,0x2F8E,0x8840,
0x2F8F,3,0x2F8F,0x884C,0xFA08,
0x2F90,2,0x2F90,0x8863,
0x2F91,2,0x2F91,0x897E,
0x2F92,3,0x2F92,0x898B,0xFA0A,
0x2F93,2,0x2F93,0x89D2,
0x2F94,2,0x2F94,0x8A00,
0x2F95,2,0x2F95,0x8C37,
0x2F96,2,0x2F96,0x8C46,
0x2F97,2,0x2F97,0x8C55,
0x2F98,2,0x2F98,0x8C78,
0x2F99,2,0x2F99,0x8C9D,
0x2F9A,2,0x2F9A,0x8D64,
0x2F9B,2,0x2F9B,0x8D70,
0x2F9C,2,0x2F9C,0x8DB3,
0x2F9D,2,0x2F9D,0x8EAB,
0x2F9E,3,0x2F9E,0x8ECA,0xF902,
0x2F9F,2,0x2F9F,0x8F9B,
0x2FA0,3,0x2FA0,0x8FB0,0xF971,
0x2FA1,2,0x2FA1,0x8FB5,
0x2FA2,2,0x2FA2,0x9091,
0x2FA3,2,0x2FA3,0x9149,
0x2FA4,2,0x2FA4,0x91C6,
0x2FA5,3,0x2FA5,0x91CC,0xF9E9,
0x2FA6,3,0x2FA6,0x91D1,0xF90A,
0x2FA7,2,0x2FA7,0x9577,
0x2FA8,2,0x2FA8,0x9580,
0x2FA9,2,0x2FA9,0x961C,
0x2FAA,2,0x2FAA,0x96B6,
0x2FAB,2,0x2FAB,0x96B9,
0x2FAC,2,0x2FAC,0x96E8,
0x2FAD,2,0x2FAD,0x9751,
0x2FAE,2,0x2FAE,0x975E,
0x2FAF,2,0x2FAF,0x9762,
0x2FB0,2,0x2FB0,0x9769,
0x2FB1,2,0x2FB1,0x97CB,
0x2FB2,2,0x2FB2,0x97ED,
0x2FB3,2,0x2FB3,0x97F3,
0x2FB4,2,0x2FB4,0x9801,
0x2FB5,2,0x2FB5,0x98A8,
0x2FB6,2,0x2FB6,0x98DB,
0x2FB7,2,0x2FB7,0x98DF,
0x2FB8,2,0x2FB8,0x9996,
0x2FB9,2,0x2FB9,0x9999,
0x2FBA,2,0x2FBA,0x99AC,
0x2FBB,2,0x2FBB,0x9AA8,
0x2FBC,2,0x2FBC,0x9AD8,
0x2FBD,2,0x2FBD,0x9ADF,
0x2FBE,2,0x2FBE,0x9B25,
0x2FBF,2,0x2FBF,0x9B2F,
0x2FC0,2,0x2FC0,0x9B32,
0x2FC1,2,0x2FC1,0x9B3C,
0x2FC2,2,0x2FC2,0x9B5A,
0x2FC3,2,0x2FC3,0x9CE5,
0x2FC4,2,0x2FC4,0x9E75,
0x2FC5,3,0x2FC5,0x9E7F,0xF940,
0x2FC6,2,0x2FC6,0x9EA5,
0x2FC7,2,0x2FC7,0x9EBB,
0x2FC8,2,0x2FC8,0x9EC3,
0x2FC9,2,0x2FC9,0x9ECD,
0x2FCA,2,0x2FCA,0x9ED1,
0x2FCB,2,0x2FCB,0x9EF9,
0x2FCC,2,0x2FCC,0x9EFD,
0x2FCD,2,0x2FCD,0x9F0E,
0x2FCE,2,0x2FCE,0x9F13,
0x2FCF,2,0x2FCF,0x9F20,
0x2FD0,2,0x2FD0,0x9F3B,
0x2FD1,2,0x2FD1,0x9F4A,
0x2FD2,2,0x2FD2,0x9F52,
0x2FD3,3,0x2FD3,0x9F8D,0xF9C4,
0x2FD4,5,0x2FD4,0x9F9C,0xF907,0xF908,0xFACE,
0x2FD5,2,0x2FD5,0x9FA0,
0x3003,2,0x2E11,0x3003,
0x3006,3,0x2B1F,0x2E12,0x3006,
0x3008,2,0x2329,0x3008,
0x3009,2,0x232A,0x3009,
0x300A,2,0x00A2,0x300A,
0x300B,2,0x00A4,0x300B,
0x300E,2,0x20A4,0x300E,
0x300F,2,0x20A6,0x300F,
0x3010,2,0x20A8,0x3010,
0x3011,2,0x20AF,0x3011,
0x3014,2,0x20A2,0x3014,
0x3015,2,0x20A1,0x3015,
0x3016,2,0x09F3,0x3016,
0x3017,2,0x0AF1,0x3017,
0x3018,2,0x0BF9,0x3018,
0x3019,2,0x17DB,0x3019,
0x301A,2,0x060B,0x301A,
0x301B,2,0x20B2,0x301B,
0x301D,2,0x20B3,0x301D,
0x301E,2,0x20B4,0x301E,
0x301F,2,0x20B5,0x301F,
0x302A,6,0x0594,0x0971,0x0E4D,0x1A78,0x302A,0x302E,
0x302B,5,0x0595,0x0E47,0x1A79,0x302B,0x302F,
0x302C,4,0x0596,0x0E4C,0x1A7A,0x302C,
0x302D,7,0x0598,0x07EC,0x0ABC,0x0F84,0x1A7C,0x2D7F,0x302D,
0x302E,6,0x0594,0x0971,0x0E4D,0x1A78,0x302A,0x302E,
0x302F,5,0x0595,0x0E47,0x1A79,0x302B,0x302F,
0x321D,2,0x321D,0x321E,
0x321E,2,0x321D,0x321E,
0x3246,3,0x2F42,0x3246,0x6587,
0x3248,3,0x2469,0x2793,0x3248,
0x3249,2,0x24F4,0x3249,
0x3250,2,0x108D,0x3250,
0x32C9,2,0x32C9,0x32CA,
0x32CA,2,0x32C9,0x32CA,
0x32CF,2,0x32CF,0xA95F,
0x3373,3,0x3373,0xA736,0xA737,
0x3380,2,0x3380,0x33A9,
0x3386,2,0x3386,0x33D4,
0x339E,2,0x339E,0x33CE,
0x33A9,2,0x3380,0x33A9,
0x33B7,2,0x33B7,0x33B9,
0x33B9,2,0x33B7,0x33B9,
0x33BD,2,0x33BD,0x33BF,
0x33BF,2,0x33BD,0x33BF,
0x33C8,2,0x0238,0x33C8,
0x33CE,2,0x339E,0x33CE,
0x33D4,2,0x3386,0x33D4,
0x3B9D,2,0x3B9D,0xFAD2,
0x4018,2,0x4018,0xFAD3,
0x4039,2,0x4039,0xFAD4,
0x4E00,2,0x2F00,0x4E00,
0x4E0D,2,0x4E0D,0xF967,
0x4E26,2,0x4E26,0xFA70,
0x4E28,2,0x2F01,0x4E28,
0x4E32,2,0x4E32,0xF905,
0x4E36,2,0x2F02,0x4E36,
0x4E39,2,0x4E39,0xF95E,
0x4E3F,2,0x2F03,0x4E3F,
0x4E59,2,0x2F04,0x4E59,
0x4E82,2,0x4E82,0xF91B,
0x4E85,2,0x2F05,0x4E85,
0x4E86,2,0x4E86,0xF9BA,
0x4E8C,2,0x2F06,0x4E8C,
0x4EA0,2,0x2F07,0x4EA0,
0x4EAE,2,0x4EAE,0xF977,
0x4EBA,2,0x2F08,0x4EBA,
0x4EC0,2,0x4EC0,0xF9FD,
0x4EE4,2,0x4EE4,0xF9A8,
0x4F80,2,0x4F80,0xFA73,
0x4F86,2,0x4F86,0xF92D,
0x4F8B,2,0x4F8B,0xF9B5,
0x4FAE,2,0x4FAE,0xFA30,
0x4FBF,2,0x4FBF,0xF965,
0x502B,2,0x502B,0xF9D4,
0x50DA,2,0x50DA,0xF9BB,
0x50E7,2,0x50E7,0xFA31,
0x513F,2,0x2F09,0x513F,
0x5140,2,0x5140,0xFA0C,
0x5145,2,0x5145,0xFA74,
0x514D,2,0x514D,0xFA32,
0x5165,2,0x2F0A,0x5165,
0x5168,2,0x5168,0xFA72,
0x5169,2,0x5169,0xF978,
0x516B,2,0x2F0B,0x516B,
0x516D,2,0x516D,0xF9D1,
0x5180,2,0x5180,0xFA75,
0x5182,2,0x2F0C,0x5182,
0x5196,2,0x2F0D,0x5196,
0x51AB,2,0x2F0E,0x51AB,
0x51B5,2,0x51B5,0xFA71,
0x51B7,2,0x51B7,0xF92E,
0x51C9,2,0x51C9,0xF979,
0x51CC,2,0x51CC,0xF955,
0x51DC,2,0x51DC,0xF954,
0x51DE,2,0x51DE,0xFA15,
0x51E0,2,0x2F0F,0x51E0,
0x51F5,2,0x2F10,0x51F5,
0x5200,2,0x2F11,0x5200,
0x5207,2,0x5207,0xFA00,
0x5217,2,0x5217,0xF99C,
0x5229,2,0x5229,0xF9DD,
0x523A,2,0x523A,0xF9FF,
0x5289,2,0x5289,0xF9C7,
0x529B,3,0x2F12,0x529B,0xF98A,
0x52A3,2,0x52A3,0xF99D,
0x52C7,2,0x52C7,0xFA76,
0x52C9,2,0x52C9,0xFA33,
0x52D2,2,0x52D2,0xF952,
0x52DE,2,0x52DE,0xF92F,
0x52E4,2,0x52E4,0xFA34,
0x52F5,2,0x52F5,0xF97F,
0x52F9,2,0x2F13,0x52F9,
0x52FA,2,0x52FA,0xFA77,
0x5315,2,0x2F14,0x5315,
0x5317,2,0x5317,0xF963,
0x531A,2,0x2F15,0x531A,
0x5338,2,0x2F16,0x5338,
0x533F,2,0x533F,0xF9EB,
0x5341,2,0x2F17,0x5341,
0x5351,2,0x5351,0xFA35,
0x535C,2,0x2F18,0x535C,
0x5369,2,0x2F19,0x5369,
0x5375,2,0x5375,0xF91C,
0x5382,2,0x2F1A,0x5382,
0x53B6,2,0x2F1B,0x53B6,
0x53C3,2,0x53C3,0xF96B,
0x53C8,2,0x2F1C,0x53C8,
0x53E3,2,0x2F1D,0x53E3,
0x53E5,2,0x53E5,0xF906,
0x540F,2,0x540F,0xF9DE,
0x541D,2,0x541D,0xF9ED,
0x5442,2,0x5442,0xF980,
0x54BD,2,0x54BD,0xF99E,
0x5555,2,0x5555,0xFA79,
0x5587,2,0x5587,0xF90B,
0x5599,2,0x5599,0xFA7A,
0x559D,3,0x559D,0xFA36,0xFA78,
0x55C0,2,0x55C0,0xFA0D,
0x55E2,2,0x55E2,0xFA7B,
0x5606,2,0x5606,0xFA37,
0x5668,2,0x5668,0xFA38,
0x56D7,2,0x2F1E,0x56D7,
0x56F9,2,0x56F9,0xF9A9,
0x571F,2,0x2F1F,0x571F,
0x5840,2,0x5840,0xFA39,
0x585A,3,0x585A,0xFA10,0xFA7C,
0x585E,2,0x585E,0xF96C,
0x58A8,2,0x58A8,0xFA3A,
0x58B3,2,0x58B3,0xFA7D,
0x58D8,2,0x58D8,0xF94A,
0x58DF,2,0x58DF,0xF942,
0x58EB,2,0x2F20,0x58EB,
0x5902,2,0x2F21,0x5902,
0x590A,2,0x2F22,0x590A,
0x5915,2,0x2F23,0x5915,
0x5927,2,0x2F24,0x5927,
0x5944,2,0x5944,0xFA7E,
0x5948,2,0x5948,0xF90C,
0x5951,2,0x5951,0xF909,
0x5954,2,0x5954,0xFA7F,
0x5973,3,0x2F25,0x5973,0xF981,
0x5A62,2,0x5A62,0xFA80,
0x5B28,2,0x5B28,0xFA81,
0x5B50,2,0x2F26,0x5B50,
0x5B80,2,0x2F27,0x5B80,
0x5B85,2,0x5B85,0xFA04,
0x5BE7,3,0x5BE7,0xF95F,0xF9AA,
0x5BEE,2,0x5BEE,0xF9BC,
0x5BF8,2,0x2F28,0x5BF8,
0x5C0F,2,0x2F29,0x5C0F,
0x5C22,2,0x2F2A,0x5C22,
0x5C38,2,0x2F2B,0x5C38,
0x5C3F,2,0x5C3F,0xF9BD,
0x5C62,2,0x5C62,0xF94B,
0x5C64,2,0x5C64,0xFA3B,
0x5C65,2,0x5C65,0xF9DF,
0x5C6E,3,0x2F2C,0x5C6E,0xFA3C,
0x5C71,2,0x2F2D,0x5C71,
0x5D19,2,0x5D19,0xF9D5,
0x5D50,3,0x5D50,0xF921,0xFA21,
0x5DBA,2,0x5DBA,0xF9AB,
0x5DDB,2,0x2F2E,0x5DDB,
0x5DE5,2,0x2F2F,0x5DE5,
0x5DF1,2,0x2F30,0x5DF1,
0x5DFE,2,0x2F31,0x5DFE,
0x5E72,2,0x2F32,0x5E72,
0x5E74,2,0x5E74,0xF98E,
0x5E7A,2,0x2F33,0x5E7A,
0x5E7F,2,0x2F34,0x5E7F,
0x5EA6,2,0x5EA6,0xFA01,
0x5EC9,2,0x5EC9,0xF9A2,
0x5ECA,3,0x5ECA,0xF928,0xFA28,
0x5ED2,2,0x5ED2,0xFA82,
0x5ED3,2,0x5ED3,0xFA0B,
0x5ED9,2,0x5ED9,0xFA83,
0x5EEC,2,0x5EEC,0xF982,
0x5EF4,2,0x2F35,0x5EF4,
0x5EFE,2,0x2F36,0x5EFE,
0x5F04,2,0x5F04,0xF943,
0x5F0B,2,0x2F37,0x5F0B,
0x5F13,2,0x2F38,0x5F13,
0x5F50,2,0x2F39,0x5F50,
0x5F61,2,0x2F3A,0x5F61,
0x5F69,2,0x5F69,0xFA84,
0x5F73,2,0x2F3B,0x5F73,
0x5F8B,2,0x5F8B,0xF9D8,
0x5FA9,2,0x5FA9,0xF966,
0x5FAD,2,0x5FAD,0xFA85,
0x5FC3,2,0x2F3C,0x5FC3,
0x5FF5,2,0x5FF5,0xF9A3,
0x6012,2,0x6012,0xF960,
0x601C,2,0x601C,0xF9AC,
0x6094,2,0x6094,0xFA3D,
0x60D8,2,0x60D8,0xFA86,
0x60E1,2,0x60E1,0xF9B9,
0x6108,2,0x6108,0xFA88,
0x6144,2,0x6144,0xF9D9,
0x614E,2,0x614E,0xFA87,
0x6160,2,0x6160,0xFA8A,
0x6168,2,0x6168,0xFA3E,
0x618E,3,0x618E,0xFA3F,0xFA89,
0x6190,2,0x6190,0xF98F,
0x61F2,3,0x61F2,0xFA40,0xFA8B,
0x61F6,2,0x61F6,0xF90D,
0x6200,2,0x6200,0xF990,
0x6208,2,0x2F3D,0x6208,
0x622E,2,0x622E,0xF9D2,
0x6234,2,0x6234,0xFA8C,
0x6236,2,0x2F3E,0x6236,
0x624B,2,0x2F3F,0x624B,
0x62C9,2,0x62C9,0xF925,
0x62CF,2,0x62CF,0xF95B,
0x62D3,2,0x62D3,0xFA02,
0x62FE,2,0x62FE,0xF973,
0x637B,2,0x637B,0xF9A4,
0x63A0,2,0x63A0,0xF975,
0x63C4,2,0x63C4,0xFA8D,
0x641C,2,0x641C,0xFA8E,
0x6452,2,0x6452,0xFA8F,
0x649A,2,0x649A,0xF991,
0x64C4,2,0x64C4,0xF930,
0x652F,2,0x2F40,0x652F,
0x6534,2,0x2F41,0x6534,
0x654F,2,0x654F,0xFA41,
0x6556,2,0x6556,0xFA90,
0x6578,2,0x6578,0xF969,
0x6587,3,0x2F42,0x3246,0x6587,
0x6597,2,0x2F43,0x6597,
0x6599,2,0x6599,0xF9BE,
0x65A4,2,0x2F44,0x65A4,
0x65B9,2,0x2F45,0x65B9,
0x65C5,2,0x65C5,0xF983,
0x65E0,2,0x2F46,0x65E0,
0x65E2,2,0x65E2,0xFA42,
0x65E5,2,0x2F47,0x65E5,
0x6613,3,0x6613,0xF9E0,0xFA0E,
0x6674,3,0x6674,0xFA12,0xFA91,
0x6688,2,0x6688,0xF9C5,
0x6691,2,0x6691,0xFA43,
0x66B4,2,0x66B4,0xFA06,
0x66C6,2,0x66C6,0xF98B,
0x66F0,2,0x2F48,0x66F0,
0x66F4,2,0x66F4,0xF901,
0x6708,2,0x2F49,0x6708,
0x6717,4,0x6717,0xF929,0xFA29,0xFA92,
0x671B,2,0x671B,0xFA93,
0x6728,2,0x2F4A,0x6728,
0x674E,2,0x674E,0xF9E1,
0x6756,2,0x6756,0xFA94,
0x677B,2,0x677B,0xF9C8,
0x6797,2,0x6797,0xF9F4,
0x67F3,2,0x67F3,0xF9C9,
0x6817,2,0x6817,0xF9DA,
0x6881,2,0x6881,0xF97A,
0x6885,2,0x6885,0xFA44,
0x68A8,2,0x68A8,0xF9E2,
0x6A02,5,0x6A02,0xF914,0xF95C,0xF9BF,0xFA14,
0x6A13,2,0x6A13,0xF94C,
0x6AD3,2,0x6AD3,0xF931,
0x6B04,2,0x6B04,0xF91D,
0x6B20,2,0x2F4B,0x6B20,
0x6B62,2,0x2F4C,0x6B62,
0x6B77,2,0x6B77,0xF98C,
0x6B79,3,0x2F4D,0x6B79,0xFA95,
0x6BAE,2,0x6BAE,0xF9A5,
0x6BB3,2,0x2F4E,0x6BB3,
0x6BBA,3,0x6BBA,0xF970,0xFA96,
0x6BCB,2,0x2F4F,0x6BCB,
0x6BCD,2,0x2E9F,0x6BCD,
0x6BD4,2,0x2F50,0x6BD4,
0x6BDB,2,0x2F51,0x6BDB,
0x6C0F,2,0x2F52,0x6C0F,
0x6C14,2,0x2F53,0x6C14,
0x6C34,2,0x2F54,0x6C34,
0x6C88,2,0x6C88,0xF972,
0x6CCC,2,0x6CCC,0xF968,
0x6CE5,2,0x6CE5,0xF9E3,
0x6D1B,2,0x6D1B,0xF915,
0x6D1E,2,0x6D1E,0xFA05,
0x6D41,3,0x6D41,0xF9CA,0xFA97,
0x6D6A,2,0x6D6A,0xF92A,
0x6D77,2,0x6D77,0xFA45,
0x6DCB,2,0x6DCB,0xF9F5,
0x6DDA,2,0x6DDA,0xF94D,
0x6DEA,2,0x6DEA,0xF9D6,
0x6E1A,2,0x6E1A,0xFA46,
0x6E9C,2,0x6E9C,0xF9CB,
0x6EBA,2,0x6EBA,0xF9EC,
0x6ECB,2,0x6ECB,0xFA99,
0x6ED1,2,0x6ED1,0xF904,
0x6EDB,2,0x6EDB,0xFA98,
0x6F0F,2,0x6F0F,0xF94E,
0x6F22,3,0x6F22,0xFA47,0xFA9A,
0x6F23,2,0x6F23,0xF992,
0x6FEB,2,0x6FEB,0xF922,
0x6FFE,2,0x6FFE,0xF984,
0x701E,2,0x701E,0xFA9B,
0x706B,2,0x2F55,0x706B,
0x7099,2,0x7099,0xF9FB,
0x70C8,2,0x70C8,0xF99F,
0x70D9,2,0x70D9,0xF916,
0x7149,2,0x7149,0xF993,
0x716E,3,0x716E,0xFA48,0xFA9C,
0x71CE,2,0x71CE,0xF9C0,
0x71D0,2,0x71D0,0xF9EE,
0x7210,2,0x7210,0xF932,
0x721B,2,0x721B,0xF91E,
0x722A,2,0x2F56,0x722A,
0x722B,2,0x722B,0xFA49,
0x7235,2,0x7235,0xFA9E,
0x7236,2,0x2F57,0x7236,
0x723B,2,0x2F58,0x723B,
0x723F,2,0x2F59,0x723F,
0x7247,2,0x2F5A,0x7247,
0x7259,2,0x2F5B,0x7259,
0x725B,2,0x2F5C,0x725B,
0x7262,2,0x7262,0xF946,
0x72AC,2,0x2F5D,0x72AC,
0x72AF,2,0x72AF,0xFA9F,
0x72C0,2,0x72C0,0xF9FA,
0x72FC,2,0x72FC,0xF92B,
0x732A,3,0x732A,0xFA16,0xFAA0,
0x7375,2,0x7375,0xF9A7,
0x7384,2,0x2F5E,0x7384,
0x7387,3,0x7387,0xF961,0xF9DB,
0x7389,2,0x2F5F,0x7389,
0x73B2,2,0x73B2,0xF9AD,
0x73DE,2,0x73DE,0xF917,
0x7406,2,0x7406,0xF9E4,
0x7409,2,0x7409,0xF9CC,
0x7422,2,0x7422,0xFA4A,
0x7469,2,0x7469,0xF9AE,
0x7471,2,0x7471,0xFAA1,
0x7489,2,0x7489,0xF994,
0x7498,2,0x7498,0xF9EF,
0x74DC,2,0x2F60,0x74DC,
0x74E6,2,0x2F61,0x74E6,
0x7506,2,0x7506,0xFAA2,
0x7518,2,0x2F62,0x7518,
0x751F,2,0x2F63,0x751F,
0x7528,2,0x2F64,0x7528,
0x7530,2,0x2F65,0x7530,
0x753B,2,0x753B,0xFAA3,
0x7559,2,0x7559,0xF9CD,
0x7565,2,0x7565,0xF976,
0x7570,2,0x7570,0xF962,
0x758B,2,0x2F66,0x758B,
0x7592,2,0x2F67,0x7592,
0x75E2,2,0x75E2,0xF9E5,
0x761D,2,0x761D,0xFAA4,
0x761F,2,0x761F,0xFAA5,
0x7642,2,0x7642,0xF9C1,
0x7669,2,0x7669,0xF90E,
0x7676,2,0x2F68,0x7676,
0x767D,2,0x2F69,0x767D,
0x76AE,2,0x2F6A,0x76AE,
0x76BF,2,0x2F6B,0x76BF,
0x76CA,3,0x76CA,0xFA17,0xFAA6,
0x76DB,2,0x76DB,0xFAA7,
0x76E7,2,0x76E7,0xF933,
0x76EE,2,0x2F6C,0x76EE,
0x76F4,2,0x76F4,0xFAA8,
0x7701,2,0x7701,0xF96D,
0x7740,2,0x7740,0xFAAA,
0x774A,2,0x774A,0xFAA9,
0x77A7,2,0x77A7,0xFA9D,
0x77DB,2,0x2F6D,0x77DB,
0x77E2,2,0x2F6E,0x77E2,
0x77F3,2,0x2F6F,0x77F3,
0x786B,2,0x786B,0xF9CE,
0x788C,2,0x788C,0xF93B,
0x7891,2,0x7891,0xFA4B,
0x78CA,2,0x78CA,0xF947,
0x78CC,2,0x78CC,0xFAAB,
0x78FB,2,0x78FB,0xF964,
0x792A,2,0x792A,0xF985,
0x793A,2,0x2F70,0x793A,
0x793C,2,0x793C,0xFA18,
0x793E,2,0x793E,0xFA4C,
0x7948,2,0x7948,0xFA4E,
0x7949,2,0x7949,0xFA4D,
0x7950,2,0x7950,0xFA4F,
0x7956,2,0x7956,0xFA50,
0x795D,2,0x795D,0xFA51,
0x795E,2,0x795E,0xFA19,
0x7965,2,0x7965,0xFA1A,
0x797F,2,0x797F,0xF93C,
0x798D,2,0x798D,0xFA52,
0x798E,2,0x798E,0xFA53,
0x798F,2,0x798F,0xFA1B,
0x79AE,2,0x79AE,0xF9B6,
0x79B8,2,0x2F71,0x79B8,
0x79BE,2,0x2F72,0x79BE,
0x79CA,2,0x79CA,0xF995,
0x7A1C,2,0x7A1C,0xF956,
0x7A40,2,0x7A40,0xFA54,
0x7A74,2,0x2F73,0x7A74,
0x7A81,2,0x7A81,0xFA55,
0x7AB1,2,0x7AB1,0xFAAC,
0x7ACB,3,0x2F74,0x7ACB,0xF9F7,
0x7AF9,2,0x2F75,0x7AF9,
0x7B20,2,0x7B20,0xF9F8,
0x7BC0,3,0x7BC0,0xFA56,0xFAAD,
0x7C3E,2,0x7C3E,0xF9A6,
0x7C60,2,0x7C60,0xF944,
0x7C73,2,0x2F76,0x7C73,
0x7C7B,2,0x7C7B,0xFAAE,
0x7C92,2,0x7C92,0xF9F9,
0x7CBE,2,0x7CBE,0xFA1D,
0x7CD6,2,0x7CD6,0xFA03,
0x7CE7,2,0x7CE7,0xF97B,
0x7CF8,2,0x2F77,0x7CF8,
0x7D10,2,0x7D10,0xF9CF,
0x7D22,2,0x7D22,0xF96A,
0x7D2F,2,0x7D2F,0xF94F,
0x7D5B,2,0x7D5B,0xFAAF,
0x7DA0,2,0x7DA0,0xF93D,
0x7DBE,2,0x7DBE,0xF957,
0x7DF4,4,0x7DF4,0xF996,0xFA57,0xFAB0,
0x7E09,2,0x7E09,0xFA58,
0x7E37,2,0x7E37,0xF950,
0x7E41,2,0x7E41,0xFA59,
0x7F36,2,0x2F78,0x7F36,
0x7F3E,2,0x7F3E,0xFAB1,
0x7F51,2,0x2F79,0x7F51,
0x7F72,2,0x7F72,0xFA5A,
0x7F79,2,0x7F79,0xF9E6,
0x7F85,3,0x7F85,0xF90F,0xFA0F,
0x7F8A,2,0x2F7A,0x7F8A,
0x7F9A,2,0x7F9A,0xF9AF,
0x7FBD,3,0x2F7B,0x7FBD,0xFA1E,
0x8001,3,0x2F7C,0x8001,0xF934,
0x8005,3,0x8005,0xFA5B,0xFAB2,
0x800C,2,0x2F7D,0x800C,
0x8012,2,0x2F7E,0x8012,
0x8033,2,0x2F7F,0x8033,
0x8046,2,0x8046,0xF9B0,
0x806F,2,0x806F,0xF997,
0x807E,2,0x807E,0xF945,
0x807F,2,0x2F80,0x807F,
0x8089,2,0x2F81,0x8089,
0x808B,2,0x808B,0xF953,
0x81D8,2,0x81D8,0xF926,
0x81E3,2,0x2F82,0x81E3,
0x81E8,2,0x81E8,0xF9F6,
0x81EA,2,0x2F83,0x81EA,
0x81ED,2,0x81ED,0xFA5C,
0x81F3,2,0x2F84,0x81F3,
0x81FC,2,0x2F85,0x81FC,
0x820C,2,0x2F86,0x820C,
0x821B,2,0x2F87,0x821B,
0x821F,2,0x2F88,0x821F,
0x826E,2,0x2F89,0x826E,
0x826F,2,0x826F,0xF97C,
0x8272,2,0x2F8A,0x8272,
0x8278,2,0x2F8B,0x8278,
0x8279,3,0x8279,0xFA5D,0xFA5E,
0x82E5,2,0x82E5,0xF974,
0x8336,2,0x8336,0xF9FE,
0x8352,2,0x8352,0xFAB3,
0x83C9,2,0x83C9,0xF93E,
0x83EF,2,0x83EF,0xFAB4,
0x83F1,2,0x83F1,0xF958,
0x843D,2,0x843D,0xF918,
0x8449,2,0x8449,0xF96E,
0x8457,2,0x8457,0xFA5F,
0x84EE,2,0x84EE,0xF999,
0x84FC,2,0x84FC,0xF9C2,
0x85CD,3,0x85CD,0xF923,0xFA23,
0x85FA,2,0x85FA,0xF9F0,
0x8606,2,0x8606,0xF935,
0x8612,2,0x8612,0xFA20,
0x862D,3,0x862D,0xF91F,0xFA1F,
0x863F,2,0x863F,0xF910,
0x864D,2,0x2F8C,0x864D,
0x865C,2,0x865C,0xF936,
0x866B,2,0x2F8D,0x866B,
0x8779,2,0x8779,0xFAB5,
0x87BA,3,0x87BA,0xF911,0xFA11,
0x881F,3,0x881F,0xF927,0xFA27,
0x8840,2,0x2F8E,0x8840,
0x884C,3,0x2F8F,0x884C,0xFA08,
0x8863,2,0x2F90,0x8863,
0x88C2,2,0x88C2,0xF9A0,
0x88CF,2,0x88CF,0xF9E7,
0x88E1,2,0x88E1,0xF9E8,
0x88F8,2,0x88F8,0xF912,
0x8910,2,0x8910,0xFA60,
0x8941,2,0x8941,0xFAB6,
0x8964,3,0x8964,0xF924,0xFA24,
0x897E,2,0x2F91,0x897E,
0x8986,2,0x8986,0xFAB7,
0x898B,3,0x2F92,0x898B,0xFA0A,
0x8996,3,0x8996,0xFA61,0xFAB8,
0x89D2,2,0x2F93,0x89D2,
0x8A00,2,0x2F94,0x8A00,
0x8AAA,3,0x8AAA,0xF96F,0xF9A1,
0x8ABF,2,0x8ABF,0xFAB9,
0x8ACB,2,0x8ACB,0xFABB,
0x8AD2,2,0x8AD2,0xF97D,
0x8AD6,2,0x8AD6,0xF941,
0x8AED,2,0x8AED,0xFABE,
0x8AF8,3,0x8AF8,0xFA22,0xFABA,
0x8AFE,3,0x8AFE,0xF95D,0xFABD,
0x8B01,3,0x8B01,0xFA62,0xFABC,
0x8B39,3,0x8B39,0xFA63,0xFABF,
0x8B58,2,0x8B58,0xF9FC,
0x8B80,2,0x8B80,0xF95A,
0x8B8A,2,0x8B8A,0xFAC0,
0x8C37,2,0x2F95,0x8C37,
0x8C46,2,0x2F96,0x8C46,
0x8C48,2,0x8C48,0xF900,
0x8C55,2,0x2F97,0x8C55,
0x8C78,2,0x2F98,0x8C78,
0x8C9D,2,0x2F99,0x8C9D,
0x8CC2,2,0x8CC2,0xF948,
0x8CC8,2,0x8CC8,0xF903,
0x8CD3,2,0x8CD3,0xFA64,
0x8D08,3,0x8D08,0xFA65,0xFAC1,
0x8D64,2,0x2F9A,0x8D64,
0x8D70,2,0x2F9B,0x8D70,
0x8DB3,2,0x2F9C,0x8DB3,
0x8DEF,2,0x8DEF,0xF937,
0x8EAB,2,0x2F9D,0x8EAB,
0x8ECA,3,0x2F9E,0x8ECA,0xF902,
0x8F26,2,0x8F26,0xF998,
0x8F2A,2,0x8F2A,0xF9D7,
0x8F38,2,0x8F38,0xFAC2,
0x8F3B,2,0x8F3B,0xFA07,
0x8F62,2,0x8F62,0xF98D,
0x8F9B,2,0x2F9F,0x8F9B,
0x8FB0,3,0x2FA0,0x8FB0,0xF971,
0x8FB5,2,0x2FA1,0x8FB5,
0x8FB6,2,0x8FB6,0xFA66,
0x9023,2,0x9023,0xF99A,
0x9038,3,0x9038,0xFA25,0xFA67,
0x9072,2,0x9072,0xFAC3,
0x907C,2,0x907C,0xF9C3,
0x908F,3,0x908F,0xF913,0xFA13,
0x9091,2,0x2FA2,0x9091,
0x90CE,2,0x90CE,0xF92C,
0x90FD,2,0x90FD,0xFA26,
0x9149,2,0x2FA3,0x9149,
0x916A,2,0x916A,0xF919,
0x9199,2,0x9199,0xFAC4,
0x91B4,2,0x91B4,0xF9B7,
0x91C6,2,0x2FA4,0x91C6,
0x91CC,3,0x2FA5,0x91CC,0xF9E9,
0x91CF,2,0x91CF,0xF97E,
0x91D1,3,0x2FA6,0x91D1,0xF90A,
0x9234,2,0x9234,0xF9B1,
0x9276,2,0x9276,0xFAC5,
0x9304,2,0x9304,0xF93F,
0x934A,2,0x934A,0xF99B,
0x9577,2,0x2FA7,0x9577,
0x9580,2,0x2FA8,0x9580,
0x95AD,2,0x95AD,0xF986,
0x961C,2,0x2FA9,0x961C,
0x962E,2,0x962E,0xF9C6,
0x964B,2,0x964B,0xF951,
0x964D,2,0x964D,0xFA09,
0x9675,2,0x9675,0xF959,
0x9678,2,0x9678,0xF9D3,
0x967C,2,0x967C,0xFAC6,
0x9686,2,0x9686,0xF9DC,
0x96A3,2,0x96A3,0xF9F1,
0x96B6,2,0x2FAA,0x96B6,
0x96B8,2,0x96B8,0xF9B8,
0x96B9,2,0x2FAB,0x96B9,
0x96E2,2,0x96E2,0xF9EA,
0x96E3,3,0x96E3,0xFA68,0xFAC7,
0x96E8,2,0x2FAC,0x96E8,
0x96F6,2,0x96F6,0xF9B2,
0x96F7,2,0x96F7,0xF949,
0x9732,2,0x9732,0xF938,
0x9748,2,0x9748,0xF9B3,
0x9751,2,0x2FAD,0x9751,
0x9756,3,0x9756,0xFA1C,0xFAC8,
0x975E,2,0x2FAE,0x975E,
0x9762,2,0x2FAF,0x9762,
0x9769,2,0x2FB0,0x9769,
0x97CB,2,0x2FB1,0x97CB,
0x97DB,2,0x97DB,0xFAC9,
0x97ED,2,0x2FB2,0x97ED,
0x97F3,2,0x2FB3,0x97F3,
0x97FF,3,0x97FF,0xFA69,0xFACA,
0x9801,2,0x2FB4,0x9801,
0x980B,2,0x980B,0xFACB,
0x9818,2,0x9818,0xF9B4,
0x983B,3,0x983B,0xFA6A,0xFACC,
0x985E,2,0x985E,0xF9D0,
0x98A8,2,0x2FB5,0x98A8,
0x98DB,2,0x2FB6,0x98DB,
0x98DF,2,0x2FB7,0x98DF,
0x98EF,2,0x98EF,0xFA2A,
0x98FC,2,0x98FC,0xFA2B,
0x9928,2,0x9928,0xFA2C,
0x9996,2,0x2FB8,0x9996,
0x9999,2,0x2FB9,0x9999,
0x99AC,2,0x2FBA,0x99AC,
0x99F1,2,0x99F1,0xF91A,
0x9A6A,2,0x9A6A,0xF987,
0x9AA8,2,0x2FBB,0x9AA8,
0x9AD8,2,0x2FBC,0x9AD8,
0x9ADF,2,0x2FBD,0x9ADF,
0x9B12,2,0x9B12,0xFACD,
0x9B25,2,0x2FBE,0x9B25,
0x9B2F,2,0x2FBF,0x9B2F,
0x9B32,2,0x2FC0,0x9B32,
0x9B3C,2,0x2FC1,0x9B3C,
0x9B5A,2,0x2FC2,0x9B5A,
0x9B6F,2,0x9B6F,0xF939,
0x9C57,2,0x9C57,0xF9F2,
0x9CE5,2,0x2FC3,0x9CE5,
0x9DB4,2,0x9DB4,0xFA2D,
0x9DFA,2,0x9DFA,0xF93A,
0x9E1E,2,0x9E1E,0xF920,
0x9E75,2,0x2FC4,0x9E75,
0x9E7F,3,0x2FC5,0x9E7F,0xF940,
0x9E97,2,0x9E97,0xF988,
0x9E9F,2,0x9E9F,0xF9F3,
0x9EA5,2,0x2FC6,0x9EA5,
0x9EBB,2,0x2FC7,0x9EBB,
0x9EC3,2,0x2FC8,0x9EC3,
0x9ECD,2,0x2FC9,0x9ECD,
0x9ECE,2,0x9ECE,0xF989,
0x9ED1,2,0x2FCA,0x9ED1,
0x9EF9,2,0x2FCB,0x9EF9,
0x9EFD,2,0x2FCC,0x9EFD,
0x9F0E,2,0x2FCD,0x9F0E,
0x9F13,2,0x2FCE,0x9F13,
0x9F20,2,0x2FCF,0x9F20,
0x9F3B,2,0x2FD0,0x9F3B,
0x9F43,2,0x9F43,0xFAD8,
0x9F4A,2,0x2FD1,0x9F4A,
0x9F52,2,0x2FD2,0x9F52,
0x9F8D,3,0x2FD3,0x9F8D,0xF9C4,
0x9F8E,2,0x9F8E,0xFAD9,
0x9F9C,5,0x2FD4,0x9F9C,0xF907,0xF908,0xFACE,
0x9F9F,2,0x2EF3,0x9F9F,
0x9FA0,2,0x2FD5,0x9FA0,
0xA0B8,2,0xA0B8,0xA0B9,
0xA0B9,2,0xA0B8,0xA0B9,
0xA484,2,0xA484,0xA485,
0xA485,2,0xA484,0xA485,
0xA4FE,4,0x10FB,0x1AA8,0x2E14,0xA4FE,
0xA4FF,5,0x0950,0x1036,0x1AA9,0x2E15,0xA4FF,
0xA640,2,0xA640,0xA641,
0xA641,2,0xA640,0xA641,
0xA642,2,0xA642,0xA643,
0xA643,2,0xA642,0xA643,
0xA644,2,0xA644,0xA645,
0xA645,2,0xA644,0xA645,
0xA646,2,0xA646,0xA647,
0xA647,2,0xA646,0xA647,
0xA648,2,0xA648,0xA649,
0xA649,2,0xA648,0xA649,
0xA64A,2,0xA64A,0xA64B,
0xA64B,2,0xA64A,0xA64B,
0xA64C,2,0xA64C,0xA64D,
0xA64D,2,0xA64C,0xA64D,
0xA64E,2,0xA64E,0xA64F,
0xA64F,2,0xA64E,0xA64F,
0xA650,2,0xA650,0xA651,
0xA651,2,0xA650,0xA651,
0xA652,2,0xA652,0xA653,
0xA653,2,0xA652,0xA653,
0xA654,2,0xA654,0xA655,
0xA655,2,0xA654,0xA655,
0xA656,2,0xA656,0xA657,
0xA657,2,0xA656,0xA657,
0xA658,2,0xA658,0xA659,
0xA659,2,0xA658,0xA659,
0xA65A,2,0xA65A,0xA65B,
0xA65B,2,0xA65A,0xA65B,
0xA65C,2,0xA65C,0xA65D,
0xA65D,2,0xA65C,0xA65D,
0xA65E,2,0xA65E,0xA65F,
0xA65F,2,0xA65E,0xA65F,
0xA662,2,0xA662,0xA663,
0xA663,2,0xA662,0xA663,
0xA664,2,0xA664,0xA665,
0xA665,2,0xA664,0xA665,
0xA666,2,0xA666,0xA667,
0xA667,2,0xA666,0xA667,
0xA668,2,0xA668,0xA669,
0xA669,2,0xA668,0xA669,
0xA66A,2,0xA66A,0xA66B,
0xA66B,2,0xA66A,0xA66B,
0xA66C,2,0xA66C,0xA66D,
0xA66D,2,0xA66C,0xA66D,
0xA66F,3,0x055A,0x073F,0xA66F,
0xA67C,2,0x0711,0xA67C,
0xA67D,2,0x0743,0xA67D,
0xA680,2,0xA680,0xA681,
0xA681,2,0xA680,0xA681,
0xA682,2,0xA682,0xA683,
0xA683,2,0xA682,0xA683,
0xA684,2,0xA684,0xA685,
0xA685,2,0xA684,0xA685,
0xA686,2,0xA686,0xA687,
0xA687,2,0xA686,0xA687,
0xA688,2,0xA688,0xA689,
0xA689,2,0xA688,0xA689,
0xA68A,2,0xA68A,0xA68B,
0xA68B,2,0xA68A,0xA68B,
0xA68C,2,0xA68C,0xA68D,
0xA68D,2,0xA68C,0xA68D,
0xA68E,2,0xA68E,0xA68F,
0xA68F,2,0xA68E,0xA68F,
0xA690,2,0xA690,0xA691,
0xA691,2,0xA690,0xA691,
0xA692,2,0xA692,0xA693,
0xA693,2,0xA692,0xA693,
0xA694,2,0xA694,0xA695,
0xA695,2,0xA694,0xA695,
0xA696,2,0xA696,0xA697,
0xA697,2,0xA696,0xA697,
0xA6F0,4,0x02D5,0x031E,0x135F,0xA6F0,
0xA6F1,4,0x02D6,0x031F,0x135E,0xA6F1,
0xA722,2,0xA722,0xA723,
0xA723,2,0xA722,0xA723,
0xA724,2,0xA724,0xA725,
0xA725,2,0xA724,0xA725,
0xA726,2,0xA726,0xA727,
0xA727,2,0xA726,0xA727,
0xA728,2,0xA728,0xA729,
0xA729,2,0xA728,0xA729,
0xA72A,2,0xA72A,0xA72B,
0xA72B,2,0xA72A,0xA72B,
0xA72C,2,0xA72C,0xA72D,
0xA72D,2,0xA72C,0xA72D,
0xA72E,2,0xA72E,0xA72F,
0xA72F,2,0xA72E,0xA72F,
0xA732,2,0xA732,0xA733,
0xA733,2,0xA732,0xA733,
0xA734,2,0xA734,0xA735,
0xA735,2,0xA734,0xA735,
0xA736,3,0x3373,0xA736,0xA737,
0xA737,3,0x3373,0xA736,0xA737,
0xA738,4,0xA738,0xA739,0xA73A,0xA73B,
0xA739,4,0xA738,0xA739,0xA73A,0xA73B,
0xA73A,4,0xA738,0xA739,0xA73A,0xA73B,
0xA73B,4,0xA738,0xA739,0xA73A,0xA73B,
0xA73C,2,0xA73C,0xA73D,
0xA73D,2,0xA73C,0xA73D,
0xA73E,2,0xA73E,0xA73F,
0xA73F,2,0xA73E,0xA73F,
0xA740,2,0xA740,0xA741,
0xA741,2,0xA740,0xA741,
0xA742,2,0xA742,0xA743,
0xA743,2,0xA742,0xA743,
0xA744,2,0xA744,0xA745,
0xA745,2,0xA744,0xA745,
0xA746,2,0xA746,0xA747,
0xA747,2,0xA746,0xA747,
0xA748,2,0xA748,0xA749,
0xA749,2,0xA748,0xA749,
0xA74A,2,0xA74A,0xA74B,
0xA74B,2,0xA74A,0xA74B,
0xA74C,2,0xA74C,0xA74D,
0xA74D,2,0xA74C,0xA74D,
0xA74E,2,0xA74E,0xA74F,
0xA74F,2,0xA74E,0xA74F,
0xA750,2,0xA750,0xA751,
0xA751,2,0xA750,0xA751,
0xA752,2,0xA752,0xA753,
0xA753,2,0xA752,0xA753,
0xA754,2,0xA754,0xA755,
0xA755,2,0xA754,0xA755,
0xA756,2,0xA756,0xA757,
0xA757,2,0xA756,0xA757,
0xA758,2,0xA758,0xA759,
0xA759,2,0xA758,0xA759,
0xA75A,2,0xA75A,0xA75B,
0xA75B,2,0xA75A,0xA75B,
0xA75C,2,0xA75C,0xA75D,
0xA75D,2,0xA75C,0xA75D,
0xA75E,2,0xA75E,0xA75F,
0xA75F,2,0xA75E,0xA75F,
0xA760,2,0xA760,0xA761,
0xA761,2,0xA760,0xA761,
0xA762,2,0xA762,0xA763,
0xA763,2,0xA762,0xA763,
0xA764,6,0x00DE,0x00FE,0xA764,0xA765,0xA766,0xA767,
0xA765,6,0x00DE,0x00FE,0xA764,0xA765,0xA766,0xA767,
0xA766,6,0x00DE,0x00FE,0xA764,0xA765,0xA766,0xA767,
0xA767,6,0x00DE,0x00FE,0xA764,0xA765,0xA766,0xA767,
0xA768,2,0xA768,0xA769,
0xA769,2,0xA768,0xA769,
0xA76A,2,0xA76A,0xA76B,
0xA76B,2,0xA76A,0xA76B,
0xA76C,2,0xA76C,0xA76D,
0xA76D,2,0xA76C,0xA76D,
0xA76E,3,0xA76E,0xA76F,0xA770,
0xA76F,3,0xA76E,0xA76F,0xA770,
0xA770,3,0xA76E,0xA76F,0xA770,
0xA779,2,0xA779,0xA77A,
0xA77A,2,0xA779,0xA77A,
0xA77B,2,0xA77B,0xA77C,
0xA77C,2,0xA77B,0xA77C,
0xA77D,2,0x1D79,0xA77D,
0xA77E,2,0xA77E,0xA77F,
0xA77F,2,0xA77E,0xA77F,
0xA780,2,0xA780,0xA781,
0xA781,2,0xA780,0xA781,
0xA782,2,0xA782,0xA783,
0xA783,2,0xA782,0xA783,
0xA784,2,0xA784,0xA785,
0xA785,2,0xA784,0xA785,
0xA786,2,0xA786,0xA787,
0xA787,2,0xA786,0xA787,
0xA78B,2,0xA78B,0xA78C,
0xA78C,2,0xA78B,0xA78C,
0xA790,2,0xA790,0xA791,
0xA791,2,0xA790,0xA791,
0xA7A0,2,0xA7A0,0xA7A1,
0xA7A1,2,0xA7A0,0xA7A1,
0xA7A2,2,0xA7A2,0xA7A3,
0xA7A3,2,0xA7A2,0xA7A3,
0xA7A4,2,0xA7A4,0xA7A5,
0xA7A5,2,0xA7A4,0xA7A5,
0xA7A6,2,0xA7A6,0xA7A7,
0xA7A7,2,0xA7A6,0xA7A7,
0xA7A8,2,0xA7A8,0xA7A9,
0xA7A9,2,0xA7A8,0xA7A9,
0xA828,2,0x2CE4,0xA828,
0xA829,2,0x2CE5,0xA829,
0xA82A,2,0x2CE6,0xA82A,
0xA82B,2,0x2CE7,0xA82B,
0xA874,2,0x1B5A,0xA874,
0xA875,2,0x1B5B,0xA875,
0xA876,2,0x1B5C,0xA876,
0xA877,2,0x1B5D,0xA877,
0xA8CE,6,0x0964,0x1038,0x1AAB,0x2E17,0xA8CE,0xAA5D,
0xA8CF,5,0x0965,0x1AA0,0x2E1C,0xA8CF,0xAA5E,
0xA8F3,5,0xA8F3,0xA8F4,0xA8F5,0xA8F6,0xA8F7,
0xA8F4,5,0xA8F3,0xA8F4,0xA8F5,0xA8F6,0xA8F7,
0xA8F5,5,0xA8F3,0xA8F4,0xA8F5,0xA8F6,0xA8F7,
0xA8F6,5,0xA8F3,0xA8F4,0xA8F5,0xA8F6,0xA8F7,
0xA8F7,5,0xA8F3,0xA8F4,0xA8F5,0xA8F6,0xA8F7,
0xA92D,5,0x0592,0x0CD6,0x0E4A,0x1A76,0xA92D,
0xA92E,2,0x0CF1,0xA92E,
0xA92F,2,0x0CF2,0xA92F,
0xA95F,2,0x32CF,0xA95F,
0xA960,2,0xA960,0xB77A,
0xA961,2,0xA961,0xB77A,
0xA962,2,0xA962,0xB77A,
0xA963,2,0xA963,0xB77A,
0xA964,2,0xA964,0xB9C6,
0xA965,2,0xA965,0xB9C6,
0xA966,2,0xA966,0xB9C6,
0xA967,2,0xA967,0xB9C6,
0xA968,2,0xA968,0xB9C6,
0xA969,2,0xA969,0xB9C6,
0xA96A,2,0xA96A,0xB9C6,
0xA96B,2,0xA96B,0xB9C6,
0xA96C,2,0xA96C,0xB9C6,
0xA96D,2,0xA96D,0xB9C6,
0xA96E,2,0xA96E,0xB9C6,
0xA96F,2,0xA96F,0xBC12,
0xA970,2,0xA970,0xBC12,
0xA971,2,0xA971,0xBC12,
0xA972,2,0xA972,0xC0AA,
0xA973,2,0xA973,0xC0AA,
0xA974,2,0xA974,0xC0AA,
0xA975,2,0xA975,0xC542,
0xA976,2,0xA976,0xC78E,
0xA977,2,0xA977,0xC78E,
0xA978,2,0xA978,0xCC26,
0xA979,2,0xA979,0xD30A,
0xA97A,2,0xA97A,0xD556,
0xA97B,2,0xA97B,0xD7A2,
0xA97C,2,0xA97C,0xD7A2,
0xA984,2,0xA984,0xA9CF,
0xA9CF,2,0xA984,0xA9CF,
0xAA5C,4,0x1037,0x1AAA,0x2E16,0xAA5C,
0xAA5D,6,0x0964,0x1038,0x1AAB,0x2E17,0xA8CE,0xAA5D,
0xAA5E,5,0x0965,0x1AA0,0x2E1C,0xA8CF,0xAA5E,
0xAA5F,4,0x0970,0x1AA1,0x2E1D,0xAA5F,
0xAA80,2,0xAA80,0xAADD,
0xAADD,2,0xAA80,0xAADD,
0xAE4B,2,0x1101,0xAE4B,
0xB096,2,0x115A,0xB096,
0xB097,2,0x1102,0xB097,
0xB2E2,8,0x1113,0x1114,0x1115,0x1116,0x115B,0x115C,0x115D,0xB2E2,
0xB2E3,2,0x1103,0xB2E3,
0xB52E,2,0x1117,0xB52E,
0xB52F,2,0x1104,0xB52F,
0xB77A,6,0x115E,0xA960,0xA961,0xA962,0xA963,0xB77A,
0xB77B,2,0x1105,0xB77B,
0xB9C7,2,0x1106,0xB9C7,
0xBC12,6,0x111C,0x111D,0xA96F,0xA970,0xA971,0xBC12,
0xBC13,2,0x1107,0xBC13,
0xBE5E,4,0x111E,0x111F,0x1120,0xBE5E,
0xBE5F,2,0x1108,0xBE5F,
0xC0AB,2,0x1109,0xC0AB,
0xC2F6,8,0x112D,0x112E,0x112F,0x1130,0x1131,0x1132,0x1133,0xC2F6,
0xC2F7,2,0x110A,0xC2F7,
0xC543,2,0x110B,0xC543,
0xC78F,2,0x110C,0xC78F,
0xC9DA,2,0x114D,0xC9DA,
0xC9DB,2,0x110D,0xC9DB,
0xCC26,6,0x114E,0x114F,0x1150,0x1151,0xA978,0xCC26,
0xCC27,2,0x110E,0xCC27,
0xCE72,5,0x1152,0x1153,0x1154,0x1155,0xCE72,
0xCE73,2,0x110F,0xCE73,
0xD0BF,2,0x1110,0xD0BF,
0xD30A,2,0xA979,0xD30A,
0xD30B,2,0x1111,0xD30B,
0xD556,4,0x1156,0x1157,0xA97A,0xD556,
0xD557,2,0x1112,0xD557,
0xD7B0,2,0xD7A2,0xD7B0,
0xD7B1,2,0xD7A2,0xD7B1,
0xD7B2,2,0xD7A2,0xD7B2,
0xD7B3,3,0x1184,0xD7A2,0xD7B3,
0xD7B4,2,0xD7A2,0xD7B4,
0xD7B5,2,0xD7A2,0xD7B5,
0xD7B6,2,0xD7A2,0xD7B6,
0xD7B7,3,0x1190,0xD7A2,0xD7B7,
0xD7B8,2,0xD7A2,0xD7B8,
0xD7B9,2,0xD7A2,0xD7B9,
0xD7BA,2,0xD7A2,0xD7BA,
0xD7BB,2,0xD7A2,0xD7BB,
0xD7BC,3,0x1195,0xD7A2,0xD7BC,
0xD7BD,2,0xD7A2,0xD7BD,
0xD7BE,2,0xD7A2,0xD7BE,
0xD7BF,2,0xD7A2,0xD7BF,
0xD7C0,2,0xD7A2,0xD7C0,
0xD7C1,2,0xD7A2,0xD7C1,
0xD7C2,3,0x119B,0xD7A2,0xD7C2,
0xD7C3,2,0xD7A2,0xD7C3,
0xD7C4,2,0xD7A2,0xD7C4,
0xD7C5,2,0xD7A2,0xD7C5,
0xD7C6,3,0x11A0,0xD7A2,0xD7C6,
0xD7CB,2,0xD7A2,0xD7CB,
0xD7CC,2,0xD7A2,0xD7CC,
0xD7CD,2,0xD7A2,0xD7CD,
0xD7CE,2,0xD7A2,0xD7CE,
0xD7CF,2,0xD7A2,0xD7CF,
0xD7D0,2,0xD7A2,0xD7D0,
0xD7D1,2,0xD7A2,0xD7D1,
0xD7D2,2,0xD7A2,0xD7D2,
0xD7D3,2,0xD7A2,0xD7D3,
0xD7D4,2,0xD7A2,0xD7D4,
0xD7D5,2,0xD7A2,0xD7D5,
0xD7D6,2,0xD7A2,0xD7D6,
0xD7D7,2,0xD7A2,0xD7D7,
0xD7D8,2,0xD7A2,0xD7D8,
0xD7D9,2,0xD7A2,0xD7D9,
0xD7DA,2,0xD7A2,0xD7DA,
0xD7DB,2,0xD7A2,0xD7DB,
0xD7DC,2,0xD7A2,0xD7DC,
0xD7DD,3,0x11D9,0xD7A2,0xD7DD,
0xD7DE,2,0xD7A2,0xD7DE,
0xD7DF,2,0xD7A2,0xD7DF,
0xD7E0,2,0xD7A2,0xD7E0,
0xD7E1,2,0xD7A2,0xD7E1,
0xD7E2,2,0xD7A2,0xD7E2,
0xD7E3,2,0xD7A2,0xD7E3,
0xD7E4,2,0xD7A2,0xD7E4,
0xD7E5,2,0xD7A2,0xD7E5,
0xD7E6,2,0xD7A2,0xD7E6,
0xD7E7,2,0xD7A2,0xD7E7,
0xD7E8,2,0xD7A2,0xD7E8,
0xD7E9,2,0xD7A2,0xD7E9,
0xD7EA,2,0xD7A2,0xD7EA,
0xD7EB,2,0xD7A2,0xD7EB,
0xD7EC,2,0xD7A2,0xD7EC,
0xD7ED,2,0xD7A2,0xD7ED,
0xD7EE,2,0xD7A2,0xD7EE,
0xD7EF,2,0xD7A2,0xD7EF,
0xD7F0,2,0xD7A2,0xD7F0,
0xD7F1,2,0xD7A2,0xD7F1,
0xD7F2,2,0xD7A2,0xD7F2,
0xD7F3,2,0xD7A2,0xD7F3,
0xD7F4,2,0xD7A2,0xD7F4,
0xD7F5,2,0xD7A2,0xD7F5,
0xD7F6,2,0xD7A2,0xD7F6,
0xD7F7,2,0xD7A2,0xD7F7,
0xD7F8,2,0xD7A2,0xD7F8,
0xD7F9,2,0xD7A2,0xD7F9,
0xD7FA,2,0xD7A2,0xD7FA,
0xD7FB,2,0xD7A2,0xD7FB,
0xF900,2,0x8C48,0xF900,
0xF901,2,0x66F4,0xF901,
0xF902,3,0x2F9E,0x8ECA,0xF902,
0xF903,2,0x8CC8,0xF903,
0xF904,2,0x6ED1,0xF904,
0xF905,2,0x4E32,0xF905,
0xF906,2,0x53E5,0xF906,
0xF907,5,0x2FD4,0x9F9C,0xF907,0xF908,0xFACE,
0xF908,5,0x2FD4,0x9F9C,0xF907,0xF908,0xFACE,
0xF909,2,0x5951,0xF909,
0xF90A,3,0x2FA6,0x91D1,0xF90A,
0xF90B,2,0x5587,0xF90B,
0xF90C,2,0x5948,0xF90C,
0xF90D,2,0x61F6,0xF90D,
0xF90E,2,0x7669,0xF90E,
0xF90F,3,0x7F85,0xF90F,0xFA0F,
0xF910,2,0x863F,0xF910,
0xF911,3,0x87BA,0xF911,0xFA11,
0xF912,2,0x88F8,0xF912,
0xF913,3,0x908F,0xF913,0xFA13,
0xF914,5,0x6A02,0xF914,0xF95C,0xF9BF,0xFA14,
0xF915,2,0x6D1B,0xF915,
0xF916,2,0x70D9,0xF916,
0xF917,2,0x73DE,0xF917,
0xF918,2,0x843D,0xF918,
0xF919,2,0x916A,0xF919,
0xF91A,2,0x99F1,0xF91A,
0xF91B,2,0x4E82,0xF91B,
0xF91C,2,0x5375,0xF91C,
0xF91D,2,0x6B04,0xF91D,
0xF91E,2,0x721B,0xF91E,
0xF91F,3,0x862D,0xF91F,0xFA1F,
0xF920,2,0x9E1E,0xF920,
0xF921,3,0x5D50,0xF921,0xFA21,
0xF922,2,0x6FEB,0xF922,
0xF923,3,0x85CD,0xF923,0xFA23,
0xF924,3,0x8964,0xF924,0xFA24,
0xF925,2,0x62C9,0xF925,
0xF926,2,0x81D8,0xF926,
0xF927,3,0x881F,0xF927,0xFA27,
0xF928,3,0x5ECA,0xF928,0xFA28,
0xF929,4,0x6717,0xF929,0xFA29,0xFA92,
0xF92A,2,0x6D6A,0xF92A,
0xF92B,2,0x72FC,0xF92B,
0xF92C,2,0x90CE,0xF92C,
0xF92D,2,0x4F86,0xF92D,
0xF92E,2,0x51B7,0xF92E,
0xF92F,2,0x52DE,0xF92F,
0xF930,2,0x64C4,0xF930,
0xF931,2,0x6AD3,0xF931,
0xF932,2,0x7210,0xF932,
0xF933,2,0x76E7,0xF933,
0xF934,3,0x2F7C,0x8001,0xF934,
0xF935,2,0x8606,0xF935,
0xF936,2,0x865C,0xF936,
0xF937,2,0x8DEF,0xF937,
0xF938,2,0x9732,0xF938,
0xF939,2,0x9B6F,0xF939,
0xF93A,2,0x9DFA,0xF93A,
0xF93B,2,0x788C,0xF93B,
0xF93C,2,0x797F,0xF93C,
0xF93D,2,0x7DA0,0xF93D,
0xF93E,2,0x83C9,0xF93E,
0xF93F,2,0x9304,0xF93F,
0xF940,3,0x2FC5,0x9E7F,0xF940,
0xF941,2,0x8AD6,0xF941,
0xF942,2,0x58DF,0xF942,
0xF943,2,0x5F04,0xF943,
0xF944,2,0x7C60,0xF944,
0xF945,2,0x807E,0xF945,
0xF946,2,0x7262,0xF946,
0xF947,2,0x78CA,0xF947,
0xF948,2,0x8CC2,0xF948,
0xF949,2,0x96F7,0xF949,
0xF94A,2,0x58D8,0xF94A,
0xF94B,2,0x5C62,0xF94B,
0xF94C,2,0x6A13,0xF94C,
0xF94D,2,0x6DDA,0xF94D,
0xF94E,2,0x6F0F,0xF94E,
0xF94F,2,0x7D2F,0xF94F,
0xF950,2,0x7E37,0xF950,
0xF951,2,0x964B,0xF951,
0xF952,2,0x52D2,0xF952,
0xF953,2,0x808B,0xF953,
0xF954,2,0x51DC,0xF954,
0xF955,2,0x51CC,0xF955,
0xF956,2,0x7A1C,0xF956,
0xF957,2,0x7DBE,0xF957,
0xF958,2,0x83F1,0xF958,
0xF959,2,0x9675,0xF959,
0xF95A,2,0x8B80,0xF95A,
0xF95B,2,0x62CF,0xF95B,
0xF95C,5,0x6A02,0xF914,0xF95C,0xF9BF,0xFA14,
0xF95D,3,0x8AFE,0xF95D,0xFABD,
0xF95E,2,0x4E39,0xF95E,
0xF95F,3,0x5BE7,0xF95F,0xF9AA,
0xF960,2,0x6012,0xF960,
0xF961,3,0x7387,0xF961,0xF9DB,
0xF962,2,0x7570,0xF962,
0xF963,2,0x5317,0xF963,
0xF964,2,0x78FB,0xF964,
0xF965,2,0x4FBF,0xF965,
0xF966,2,0x5FA9,0xF966,
0xF967,2,0x4E0D,0xF967,
0xF968,2,0x6CCC,0xF968,
0xF969,2,0x6578,0xF969,
0xF96A,2,0x7D22,0xF96A,
0xF96B,2,0x53C3,0xF96B,
0xF96C,2,0x585E,0xF96C,
0xF96D,2,0x7701,0xF96D,
0xF96E,2,0x8449,0xF96E,
0xF96F,3,0x8AAA,0xF96F,0xF9A1,
0xF970,3,0x6BBA,0xF970,0xFA96,
0xF971,3,0x2FA0,0x8FB0,0xF971,
0xF972,2,0x6C88,0xF972,
0xF973,2,0x62FE,0xF973,
0xF974,2,0x82E5,0xF974,
0xF975,2,0x63A0,0xF975,
0xF976,2,0x7565,0xF976,
0xF977,2,0x4EAE,0xF977,
0xF978,2,0x5169,0xF978,
0xF979,2,0x51C9,0xF979,
0xF97A,2,0x6881,0xF97A,
0xF97B,2,0x7CE7,0xF97B,
0xF97C,2,0x826F,0xF97C,
0xF97D,2,0x8AD2,0xF97D,
0xF97E,2,0x91CF,0xF97E,
0xF97F,2,0x52F5,0xF97F,
0xF980,2,0x5442,0xF980,
0xF981,3,0x2F25,0x5973,0xF981,
0xF982,2,0x5EEC,0xF982,
0xF983,2,0x65C5,0xF983,
0xF984,2,0x6FFE,0xF984,
0xF985,2,0x792A,0xF985,
0xF986,2,0x95AD,0xF986,
0xF987,2,0x9A6A,0xF987,
0xF988,2,0x9E97,0xF988,
0xF989,2,0x9ECE,0xF989,
0xF98A,3,0x2F12,0x529B,0xF98A,
0xF98B,2,0x66C6,0xF98B,
0xF98C,2,0x6B77,0xF98C,
0xF98D,2,0x8F62,0xF98D,
0xF98E,2,0x5E74,0xF98E,
0xF98F,2,0x6190,0xF98F,
0xF990,2,0x6200,0xF990,
0xF991,2,0x649A,0xF991,
0xF992,2,0x6F23,0xF992,
0xF993,2,0x7149,0xF993,
0xF994,2,0x7489,0xF994,
0xF995,2,0x79CA,0xF995,
0xF996,4,0x7DF4,0xF996,0xFA57,0xFAB0,
0xF997,2,0x806F,0xF997,
0xF998,2,0x8F26,0xF998,
0xF999,2,0x84EE,0xF999,
0xF99A,2,0x9023,0xF99A,
0xF99B,2,0x934A,0xF99B,
0xF99C,2,0x5217,0xF99C,
0xF99D,2,0x52A3,0xF99D,
0xF99E,2,0x54BD,0xF99E,
0xF99F,2,0x70C8,0xF99F,
0xF9A0,2,0x88C2,0xF9A0,
0xF9A1,3,0x8AAA,0xF96F,0xF9A1,
0xF9A2,2,0x5EC9,0xF9A2,
0xF9A3,2,0x5FF5,0xF9A3,
0xF9A4,2,0x637B,0xF9A4,
0xF9A5,2,0x6BAE,0xF9A5,
0xF9A6,2,0x7C3E,0xF9A6,
0xF9A7,2,0x7375,0xF9A7,
0xF9A8,2,0x4EE4,0xF9A8,
0xF9A9,2,0x56F9,0xF9A9,
0xF9AA,3,0x5BE7,0xF95F,0xF9AA,
0xF9AB,2,0x5DBA,0xF9AB,
0xF9AC,2,0x601C,0xF9AC,
0xF9AD,2,0x73B2,0xF9AD,
0xF9AE,2,0x7469,0xF9AE,
0xF9AF,2,0x7F9A,0xF9AF,
0xF9B0,2,0x8046,0xF9B0,
0xF9B1,2,0x9234,0xF9B1,
0xF9B2,2,0x96F6,0xF9B2,
0xF9B3,2,0x9748,0xF9B3,
0xF9B4,2,0x9818,0xF9B4,
0xF9B5,2,0x4F8B,0xF9B5,
0xF9B6,2,0x79AE,0xF9B6,
0xF9B7,2,0x91B4,0xF9B7,
0xF9B8,2,0x96B8,0xF9B8,
0xF9B9,2,0x60E1,0xF9B9,
0xF9BA,2,0x4E86,0xF9BA,
0xF9BB,2,0x50DA,0xF9BB,
0xF9BC,2,0x5BEE,0xF9BC,
0xF9BD,2,0x5C3F,0xF9BD,
0xF9BE,2,0x6599,0xF9BE,
0xF9BF,5,0x6A02,0xF914,0xF95C,0xF9BF,0xFA14,
0xF9C0,2,0x71CE,0xF9C0,
0xF9C1,2,0x7642,0xF9C1,
0xF9C2,2,0x84FC,0xF9C2,
0xF9C3,2,0x907C,0xF9C3,
0xF9C4,3,0x2FD3,0x9F8D,0xF9C4,
0xF9C5,2,0x6688,0xF9C5,
0xF9C6,2,0x962E,0xF9C6,
0xF9C7,2,0x5289,0xF9C7,
0xF9C8,2,0x677B,0xF9C8,
0xF9C9,2,0x67F3,0xF9C9,
0xF9CA,3,0x6D41,0xF9CA,0xFA97,
0xF9CB,2,0x6E9C,0xF9CB,
0xF9CC,2,0x7409,0xF9CC,
0xF9CD,2,0x7559,0xF9CD,
0xF9CE,2,0x786B,0xF9CE,
0xF9CF,2,0x7D10,0xF9CF,
0xF9D0,2,0x985E,0xF9D0,
0xF9D1,2,0x516D,0xF9D1,
0xF9D2,2,0x622E,0xF9D2,
0xF9D3,2,0x9678,0xF9D3,
0xF9D4,2,0x502B,0xF9D4,
0xF9D5,2,0x5D19,0xF9D5,
0xF9D6,2,0x6DEA,0xF9D6,
0xF9D7,2,0x8F2A,0xF9D7,
0xF9D8,2,0x5F8B,0xF9D8,
0xF9D9,2,0x6144,0xF9D9,
0xF9DA,2,0x6817,0xF9DA,
0xF9DB,3,0x7387,0xF961,0xF9DB,
0xF9DC,2,0x9686,0xF9DC,
0xF9DD,2,0x5229,0xF9DD,
0xF9DE,2,0x540F,0xF9DE,
0xF9DF,2,0x5C65,0xF9DF,
0xF9E0,3,0x6613,0xF9E0,0xFA0E,
0xF9E1,2,0x674E,0xF9E1,
0xF9E2,2,0x68A8,0xF9E2,
0xF9E3,2,0x6CE5,0xF9E3,
0xF9E4,2,0x7406,0xF9E4,
0xF9E5,2,0x75E2,0xF9E5,
0xF9E6,2,0x7F79,0xF9E6,
0xF9E7,2,0x88CF,0xF9E7,
0xF9E8,2,0x88E1,0xF9E8,
0xF9E9,3,0x2FA5,0x91CC,0xF9E9,
0xF9EA,2,0x96E2,0xF9EA,
0xF9EB,2,0x533F,0xF9EB,
0xF9EC,2,0x6EBA,0xF9EC,
0xF9ED,2,0x541D,0xF9ED,
0xF9EE,2,0x71D0,0xF9EE,
0xF9EF,2,0x7498,0xF9EF,
0xF9F0,2,0x85FA,0xF9F0,
0xF9F1,2,0x96A3,0xF9F1,
0xF9F2,2,0x9C57,0xF9F2,
0xF9F3,2,0x9E9F,0xF9F3,
0xF9F4,2,0x6797,0xF9F4,
0xF9F5,2,0x6DCB,0xF9F5,
0xF9F6,2,0x81E8,0xF9F6,
0xF9F7,3,0x2F74,0x7ACB,0xF9F7,
0xF9F8,2,0x7B20,0xF9F8,
0xF9F9,2,0x7C92,0xF9F9,
0xF9FA,2,0x72C0,0xF9FA,
0xF9FB,2,0x7099,0xF9FB,
0xF9FC,2,0x8B58,0xF9FC,
0xF9FD,2,0x4EC0,0xF9FD,
0xF9FE,2,0x8336,0xF9FE,
0xF9FF,2,0x523A,0xF9FF,
0xFA00,2,0x5207,0xFA00,
0xFA01,2,0x5EA6,0xFA01,
0xFA02,2,0x62D3,0xFA02,
0xFA03,2,0x7CD6,0xFA03,
0xFA04,2,0x5B85,0xFA04,
0xFA05,2,0x6D1E,0xFA05,
0xFA06,2,0x66B4,0xFA06,
0xFA07,2,0x8F3B,0xFA07,
0xFA08,3,0x2F8F,0x884C,0xFA08,
0xFA09,2,0x964D,0xFA09,
0xFA0A,3,0x2F92,0x898B,0xFA0A,
0xFA0B,2,0x5ED3,0xFA0B,
0xFA0C,2,0x5140,0xFA0C,
0xFA0D,2,0x55C0,0xFA0D,
0xFA0E,3,0x6613,0xF9E0,0xFA0E,
0xFA0F,3,0x7F85,0xF90F,0xFA0F,
0xFA10,3,0x585A,0xFA10,0xFA7C,
0xFA11,3,0x87BA,0xF911,0xFA11,
0xFA12,3,0x6674,0xFA12,0xFA91,
0xFA13,3,0x908F,0xF913,0xFA13,
0xFA14,5,0x6A02,0xF914,0xF95C,0xF9BF,0xFA14,
0xFA15,2,0x51DE,0xFA15,
0xFA16,3,0x732A,0xFA16,0xFAA0,
0xFA17,3,0x76CA,0xFA17,0xFAA6,
0xFA18,2,0x793C,0xFA18,
0xFA19,2,0x795E,0xFA19,
0xFA1A,2,0x7965,0xFA1A,
0xFA1B,2,0x798F,0xFA1B,
0xFA1C,3,0x9756,0xFA1C,0xFAC8,
0xFA1D,2,0x7CBE,0xFA1D,
0xFA1E,3,0x2F7B,0x7FBD,0xFA1E,
0xFA1F,3,0x862D,0xF91F,0xFA1F,
0xFA20,2,0x8612,0xFA20,
0xFA21,3,0x5D50,0xF921,0xFA21,
0xFA22,3,0x8AF8,0xFA22,0xFABA,
0xFA23,3,0x85CD,0xF923,0xFA23,
0xFA24,3,0x8964,0xF924,0xFA24,
0xFA25,3,0x9038,0xFA25,0xFA67,
0xFA26,2,0x90FD,0xFA26,
0xFA27,3,0x881F,0xF927,0xFA27,
0xFA28,3,0x5ECA,0xF928,0xFA28,
0xFA29,4,0x6717,0xF929,0xFA29,0xFA92,
0xFA2A,2,0x98EF,0xFA2A,
0xFA2B,2,0x98FC,0xFA2B,
0xFA2C,2,0x9928,0xFA2C,
0xFA2D,2,0x9DB4,0xFA2D,
0xFA30,2,0x4FAE,0xFA30,
0xFA31,2,0x50E7,0xFA31,
0xFA32,2,0x514D,0xFA32,
0xFA33,2,0x52C9,0xFA33,
0xFA34,2,0x52E4,0xFA34,
0xFA35,2,0x5351,0xFA35,
0xFA36,3,0x559D,0xFA36,0xFA78,
0xFA37,2,0x5606,0xFA37,
0xFA38,2,0x5668,0xFA38,
0xFA39,2,0x5840,0xFA39,
0xFA3A,2,0x58A8,0xFA3A,
0xFA3B,2,0x5C64,0xFA3B,
0xFA3C,3,0x2F2C,0x5C6E,0xFA3C,
0xFA3D,2,0x6094,0xFA3D,
0xFA3E,2,0x6168,0xFA3E,
0xFA3F,3,0x618E,0xFA3F,0xFA89,
0xFA40,3,0x61F2,0xFA40,0xFA8B,
0xFA41,2,0x654F,0xFA41,
0xFA42,2,0x65E2,0xFA42,
0xFA43,2,0x6691,0xFA43,
0xFA44,2,0x6885,0xFA44,
0xFA45,2,0x6D77,0xFA45,
0xFA46,2,0x6E1A,0xFA46,
0xFA47,3,0x6F22,0xFA47,0xFA9A,
0xFA48,3,0x716E,0xFA48,0xFA9C,
0xFA49,2,0x722B,0xFA49,
0xFA4A,2,0x7422,0xFA4A,
0xFA4B,2,0x7891,0xFA4B,
0xFA4C,2,0x793E,0xFA4C,
0xFA4D,2,0x7949,0xFA4D,
0xFA4E,2,0x7948,0xFA4E,
0xFA4F,2,0x7950,0xFA4F,
0xFA50,2,0x7956,0xFA50,
0xFA51,2,0x795D,0xFA51,
0xFA52,2,0x798D,0xFA52,
0xFA53,2,0x798E,0xFA53,
0xFA54,2,0x7A40,0xFA54,
0xFA55,2,0x7A81,0xFA55,
0xFA56,3,0x7BC0,0xFA56,0xFAAD,
0xFA57,4,0x7DF4,0xF996,0xFA57,0xFAB0,
0xFA58,2,0x7E09,0xFA58,
0xFA59,2,0x7E41,0xFA59,
0xFA5A,2,0x7F72,0xFA5A,
0xFA5B,3,0x8005,0xFA5B,0xFAB2,
0xFA5C,2,0x81ED,0xFA5C,
0xFA5D,3,0x8279,0xFA5D,0xFA5E,
0xFA5E,3,0x8279,0xFA5D,0xFA5E,
0xFA5F,2,0x8457,0xFA5F,
0xFA60,2,0x8910,0xFA60,
0xFA61,3,0x8996,0xFA61,0xFAB8,
0xFA62,3,0x8B01,0xFA62,0xFABC,
0xFA63,3,0x8B39,0xFA63,0xFABF,
0xFA64,2,0x8CD3,0xFA64,
0xFA65,3,0x8D08,0xFA65,0xFAC1,
0xFA66,2,0x8FB6,0xFA66,
0xFA67,3,0x9038,0xFA25,0xFA67,
0xFA68,3,0x96E3,0xFA68,0xFAC7,
0xFA69,3,0x97FF,0xFA69,0xFACA,
0xFA6A,3,0x983B,0xFA6A,0xFACC,
0xFA70,2,0x4E26,0xFA70,
0xFA71,2,0x51B5,0xFA71,
0xFA72,2,0x5168,0xFA72,
0xFA73,2,0x4F80,0xFA73,
0xFA74,2,0x5145,0xFA74,
0xFA75,2,0x5180,0xFA75,
0xFA76,2,0x52C7,0xFA76,
0xFA77,2,0x52FA,0xFA77,
0xFA78,3,0x559D,0xFA36,0xFA78,
0xFA79,2,0x5555,0xFA79,
0xFA7A,2,0x5599,0xFA7A,
0xFA7B,2,0x55E2,0xFA7B,
0xFA7C,3,0x585A,0xFA10,0xFA7C,
0xFA7D,2,0x58B3,0xFA7D,
0xFA7E,2,0x5944,0xFA7E,
0xFA7F,2,0x5954,0xFA7F,
0xFA80,2,0x5A62,0xFA80,
0xFA81,2,0x5B28,0xFA81,
0xFA82,2,0x5ED2,0xFA82,
0xFA83,2,0x5ED9,0xFA83,
0xFA84,2,0x5F69,0xFA84,
0xFA85,2,0x5FAD,0xFA85,
0xFA86,2,0x60D8,0xFA86,
0xFA87,2,0x614E,0xFA87,
0xFA88,2,0x6108,0xFA88,
0xFA89,3,0x618E,0xFA3F,0xFA89,
0xFA8A,2,0x6160,0xFA8A,
0xFA8B,3,0x61F2,0xFA40,0xFA8B,
0xFA8C,2,0x6234,0xFA8C,
0xFA8D,2,0x63C4,0xFA8D,
0xFA8E,2,0x641C,0xFA8E,
0xFA8F,2,0x6452,0xFA8F,
0xFA90,2,0x6556,0xFA90,
0xFA91,3,0x6674,0xFA12,0xFA91,
0xFA92,4,0x6717,0xF929,0xFA29,0xFA92,
0xFA93,2,0x671B,0xFA93,
0xFA94,2,0x6756,0xFA94,
0xFA95,3,0x2F4D,0x6B79,0xFA95,
0xFA96,3,0x6BBA,0xF970,0xFA96,
0xFA97,3,0x6D41,0xF9CA,0xFA97,
0xFA98,2,0x6EDB,0xFA98,
0xFA99,2,0x6ECB,0xFA99,
0xFA9A,3,0x6F22,0xFA47,0xFA9A,
0xFA9B,2,0x701E,0xFA9B,
0xFA9C,3,0x716E,0xFA48,0xFA9C,
0xFA9D,2,0x77A7,0xFA9D,
0xFA9E,2,0x7235,0xFA9E,
0xFA9F,2,0x72AF,0xFA9F,
0xFAA0,3,0x732A,0xFA16,0xFAA0,
0xFAA1,2,0x7471,0xFAA1,
0xFAA2,2,0x7506,0xFAA2,
0xFAA3,2,0x753B,0xFAA3,
0xFAA4,2,0x761D,0xFAA4,
0xFAA5,2,0x761F,0xFAA5,
0xFAA6,3,0x76CA,0xFA17,0xFAA6,
0xFAA7,2,0x76DB,0xFAA7,
0xFAA8,2,0x76F4,0xFAA8,
0xFAA9,2,0x774A,0xFAA9,
0xFAAA,2,0x7740,0xFAAA,
0xFAAB,2,0x78CC,0xFAAB,
0xFAAC,2,0x7AB1,0xFAAC,
0xFAAD,3,0x7BC0,0xFA56,0xFAAD,
0xFAAE,2,0x7C7B,0xFAAE,
0xFAAF,2,0x7D5B,0xFAAF,
0xFAB0,4,0x7DF4,0xF996,0xFA57,0xFAB0,
0xFAB1,2,0x7F3E,0xFAB1,
0xFAB2,3,0x8005,0xFA5B,0xFAB2,
0xFAB3,2,0x8352,0xFAB3,
0xFAB4,2,0x83EF,0xFAB4,
0xFAB5,2,0x8779,0xFAB5,
0xFAB6,2,0x8941,0xFAB6,
0xFAB7,2,0x8986,0xFAB7,
0xFAB8,3,0x8996,0xFA61,0xFAB8,
0xFAB9,2,0x8ABF,0xFAB9,
0xFABA,3,0x8AF8,0xFA22,0xFABA,
0xFABB,2,0x8ACB,0xFABB,
0xFABC,3,0x8B01,0xFA62,0xFABC,
0xFABD,3,0x8AFE,0xF95D,0xFABD,
0xFABE,2,0x8AED,0xFABE,
0xFABF,3,0x8B39,0xFA63,0xFABF,
0xFAC0,2,0x8B8A,0xFAC0,
0xFAC1,3,0x8D08,0xFA65,0xFAC1,
0xFAC2,2,0x8F38,0xFAC2,
0xFAC3,2,0x9072,0xFAC3,
0xFAC4,2,0x9199,0xFAC4,
0xFAC5,2,0x9276,0xFAC5,
0xFAC6,2,0x967C,0xFAC6,
0xFAC7,3,0x96E3,0xFA68,0xFAC7,
0xFAC8,3,0x9756,0xFA1C,0xFAC8,
0xFAC9,2,0x97DB,0xFAC9,
0xFACA,3,0x97FF,0xFA69,0xFACA,
0xFACB,2,0x980B,0xFACB,
0xFACC,3,0x983B,0xFA6A,0xFACC,
0xFACD,2,0x9B12,0xFACD,
0xFACE,5,0x2FD4,0x9F9C,0xF907,0xF908,0xFACE,
0xFAD2,2,0x3B9D,0xFAD2,
0xFAD3,2,0x4018,0xFAD3,
0xFAD4,2,0x4039,0xFAD4,
0xFAD8,2,0x9F43,0xFAD8,
0xFAD9,2,0x9F8E,0xFAD9,
0xFB1E,2,0x05C0,0xFB1E,
0xFB29,3,0x002B,0xFB29,0xFE62,
0xFB3A,2,0xFB3A,0xFB3B,
0xFB3B,2,0xFB3A,0xFB3B,
0xFB43,2,0xFB43,0xFB44,
0xFB44,2,0xFB43,0xFB44,
0xFB50,3,0x0671,0xFB50,0xFB51,
0xFB51,3,0x0671,0xFB50,0xFB51,
0xFB52,5,0x067B,0xFB52,0xFB53,0xFB54,0xFB55,
0xFB53,5,0x067B,0xFB52,0xFB53,0xFB54,0xFB55,
0xFB54,5,0x067B,0xFB52,0xFB53,0xFB54,0xFB55,
0xFB55,5,0x067B,0xFB52,0xFB53,0xFB54,0xFB55,
0xFB56,5,0x067E,0xFB56,0xFB57,0xFB58,0xFB59,
0xFB57,5,0x067E,0xFB56,0xFB57,0xFB58,0xFB59,
0xFB58,5,0x067E,0xFB56,0xFB57,0xFB58,0xFB59,
0xFB59,5,0x067E,0xFB56,0xFB57,0xFB58,0xFB59,
0xFB5A,5,0x0680,0xFB5A,0xFB5B,0xFB5C,0xFB5D,
0xFB5B,5,0x0680,0xFB5A,0xFB5B,0xFB5C,0xFB5D,
0xFB5C,5,0x0680,0xFB5A,0xFB5B,0xFB5C,0xFB5D,
0xFB5D,5,0x0680,0xFB5A,0xFB5B,0xFB5C,0xFB5D,
0xFB5E,5,0x067A,0xFB5E,0xFB5F,0xFB60,0xFB61,
0xFB5F,5,0x067A,0xFB5E,0xFB5F,0xFB60,0xFB61,
0xFB60,5,0x067A,0xFB5E,0xFB5F,0xFB60,0xFB61,
0xFB61,5,0x067A,0xFB5E,0xFB5F,0xFB60,0xFB61,
0xFB62,5,0x067F,0xFB62,0xFB63,0xFB64,0xFB65,
0xFB63,5,0x067F,0xFB62,0xFB63,0xFB64,0xFB65,
0xFB64,5,0x067F,0xFB62,0xFB63,0xFB64,0xFB65,
0xFB65,5,0x067F,0xFB62,0xFB63,0xFB64,0xFB65,
0xFB66,5,0x0679,0xFB66,0xFB67,0xFB68,0xFB69,
0xFB67,5,0x0679,0xFB66,0xFB67,0xFB68,0xFB69,
0xFB68,5,0x0679,0xFB66,0xFB67,0xFB68,0xFB69,
0xFB69,5,0x0679,0xFB66,0xFB67,0xFB68,0xFB69,
0xFB6A,5,0x06A4,0xFB6A,0xFB6B,0xFB6C,0xFB6D,
0xFB6B,5,0x06A4,0xFB6A,0xFB6B,0xFB6C,0xFB6D,
0xFB6C,5,0x06A4,0xFB6A,0xFB6B,0xFB6C,0xFB6D,
0xFB6D,5,0x06A4,0xFB6A,0xFB6B,0xFB6C,0xFB6D,
0xFB6E,5,0x06A6,0xFB6E,0xFB6F,0xFB70,0xFB71,
0xFB6F,5,0x06A6,0xFB6E,0xFB6F,0xFB70,0xFB71,
0xFB70,5,0x06A6,0xFB6E,0xFB6F,0xFB70,0xFB71,
0xFB71,5,0x06A6,0xFB6E,0xFB6F,0xFB70,0xFB71,
0xFB72,5,0x0684,0xFB72,0xFB73,0xFB74,0xFB75,
0xFB73,5,0x0684,0xFB72,0xFB73,0xFB74,0xFB75,
0xFB74,5,0x0684,0xFB72,0xFB73,0xFB74,0xFB75,
0xFB75,5,0x0684,0xFB72,0xFB73,0xFB74,0xFB75,
0xFB76,5,0x0683,0xFB76,0xFB77,0xFB78,0xFB79,
0xFB77,5,0x0683,0xFB76,0xFB77,0xFB78,0xFB79,
0xFB78,5,0x0683,0xFB76,0xFB77,0xFB78,0xFB79,
0xFB79,5,0x0683,0xFB76,0xFB77,0xFB78,0xFB79,
0xFB7A,5,0x0686,0xFB7A,0xFB7B,0xFB7C,0xFB7D,
0xFB7B,5,0x0686,0xFB7A,0xFB7B,0xFB7C,0xFB7D,
0xFB7C,5,0x0686,0xFB7A,0xFB7B,0xFB7C,0xFB7D,
0xFB7D,5,0x0686,0xFB7A,0xFB7B,0xFB7C,0xFB7D,
0xFB7E,5,0x0687,0xFB7E,0xFB7F,0xFB80,0xFB81,
0xFB7F,5,0x0687,0xFB7E,0xFB7F,0xFB80,0xFB81,
0xFB80,5,0x0687,0xFB7E,0xFB7F,0xFB80,0xFB81,
0xFB81,5,0x0687,0xFB7E,0xFB7F,0xFB80,0xFB81,
0xFB82,3,0x068D,0xFB82,0xFB83,
0xFB83,3,0x068D,0xFB82,0xFB83,
0xFB84,3,0x068C,0xFB84,0xFB85,
0xFB85,3,0x068C,0xFB84,0xFB85,
0xFB86,3,0x068E,0xFB86,0xFB87,
0xFB87,3,0x068E,0xFB86,0xFB87,
0xFB88,3,0x0688,0xFB88,0xFB89,
0xFB89,3,0x0688,0xFB88,0xFB89,
0xFB8A,3,0x0698,0xFB8A,0xFB8B,
0xFB8B,3,0x0698,0xFB8A,0xFB8B,
0xFB8C,3,0x0691,0xFB8C,0xFB8D,
0xFB8D,3,0x0691,0xFB8C,0xFB8D,
0xFB8E,5,0x06A9,0xFB8E,0xFB8F,0xFB90,0xFB91,
0xFB8F,5,0x06A9,0xFB8E,0xFB8F,0xFB90,0xFB91,
0xFB90,5,0x06A9,0xFB8E,0xFB8F,0xFB90,0xFB91,
0xFB91,5,0x06A9,0xFB8E,0xFB8F,0xFB90,0xFB91,
0xFB92,5,0x06AF,0xFB92,0xFB93,0xFB94,0xFB95,
0xFB93,5,0x06AF,0xFB92,0xFB93,0xFB94,0xFB95,
0xFB94,5,0x06AF,0xFB92,0xFB93,0xFB94,0xFB95,
0xFB95,5,0x06AF,0xFB92,0xFB93,0xFB94,0xFB95,
0xFB96,5,0x06B3,0xFB96,0xFB97,0xFB98,0xFB99,
0xFB97,5,0x06B3,0xFB96,0xFB97,0xFB98,0xFB99,
0xFB98,5,0x06B3,0xFB96,0xFB97,0xFB98,0xFB99,
0xFB99,5,0x06B3,0xFB96,0xFB97,0xFB98,0xFB99,
0xFB9A,5,0x06B1,0xFB9A,0xFB9B,0xFB9C,0xFB9D,
0xFB9B,5,0x06B1,0xFB9A,0xFB9B,0xFB9C,0xFB9D,
0xFB9C,5,0x06B1,0xFB9A,0xFB9B,0xFB9C,0xFB9D,
0xFB9D,5,0x06B1,0xFB9A,0xFB9B,0xFB9C,0xFB9D,
0xFB9E,3,0x06BA,0xFB9E,0xFB9F,
0xFB9F,3,0x06BA,0xFB9E,0xFB9F,
0xFBA0,5,0x06BB,0xFBA0,0xFBA1,0xFBA2,0xFBA3,
0xFBA1,5,0x06BB,0xFBA0,0xFBA1,0xFBA2,0xFBA3,
0xFBA2,5,0x06BB,0xFBA0,0xFBA1,0xFBA2,0xFBA3,
0xFBA3,5,0x06BB,0xFBA0,0xFBA1,0xFBA2,0xFBA3,
0xFBA4,3,0x06C0,0xFBA4,0xFBA5,
0xFBA5,3,0x06C0,0xFBA4,0xFBA5,
0xFBA6,5,0x06C1,0xFBA6,0xFBA7,0xFBA8,0xFBA9,
0xFBA7,5,0x06C1,0xFBA6,0xFBA7,0xFBA8,0xFBA9,
0xFBA8,5,0x06C1,0xFBA6,0xFBA7,0xFBA8,0xFBA9,
0xFBA9,5,0x06C1,0xFBA6,0xFBA7,0xFBA8,0xFBA9,
0xFBAA,5,0x06BE,0xFBAA,0xFBAB,0xFBAC,0xFBAD,
0xFBAB,5,0x06BE,0xFBAA,0xFBAB,0xFBAC,0xFBAD,
0xFBAC,5,0x06BE,0xFBAA,0xFBAB,0xFBAC,0xFBAD,
0xFBAD,5,0x06BE,0xFBAA,0xFBAB,0xFBAC,0xFBAD,
0xFBAE,3,0x06D2,0xFBAE,0xFBAF,
0xFBAF,3,0x06D2,0xFBAE,0xFBAF,
0xFBB0,3,0x06D3,0xFBB0,0xFBB1,
0xFBB1,3,0x06D3,0xFBB0,0xFBB1,
0xFBD3,5,0x06AD,0xFBD3,0xFBD4,0xFBD5,0xFBD6,
0xFBD4,5,0x06AD,0xFBD3,0xFBD4,0xFBD5,0xFBD6,
0xFBD5,5,0x06AD,0xFBD3,0xFBD4,0xFBD5,0xFBD6,
0xFBD6,5,0x06AD,0xFBD3,0xFBD4,0xFBD5,0xFBD6,
0xFBD7,3,0x06C7,0xFBD7,0xFBD8,
0xFBD8,3,0x06C7,0xFBD7,0xFBD8,
0xFBD9,3,0x06C6,0xFBD9,0xFBDA,
0xFBDA,3,0x06C6,0xFBD9,0xFBDA,
0xFBDB,3,0x06C8,0xFBDB,0xFBDC,
0xFBDC,3,0x06C8,0xFBDB,0xFBDC,
0xFBDD,2,0x0677,0xFBDD,
0xFBDE,3,0x06CB,0xFBDE,0xFBDF,
0xFBDF,3,0x06CB,0xFBDE,0xFBDF,
0xFBE0,3,0x06C5,0xFBE0,0xFBE1,
0xFBE1,3,0x06C5,0xFBE0,0xFBE1,
0xFBE2,3,0x06C9,0xFBE2,0xFBE3,
0xFBE3,3,0x06C9,0xFBE2,0xFBE3,
0xFBE4,5,0x06D0,0xFBE4,0xFBE5,0xFBE6,0xFBE7,
0xFBE5,5,0x06D0,0xFBE4,0xFBE5,0xFBE6,0xFBE7,
0xFBE6,5,0x06D0,0xFBE4,0xFBE5,0xFBE6,0xFBE7,
0xFBE7,5,0x06D0,0xFBE4,0xFBE5,0xFBE6,0xFBE7,
0xFBE8,5,0x0649,0xFBE8,0xFBE9,0xFEEF,0xFEF0,
0xFBE9,5,0x0649,0xFBE8,0xFBE9,0xFEEF,0xFEF0,
0xFBEA,2,0xFBEA,0xFBEB,
0xFBEB,2,0xFBEA,0xFBEB,
0xFBEC,2,0xFBEC,0xFBED,
0xFBED,2,0xFBEC,0xFBED,
0xFBEE,2,0xFBEE,0xFBEF,
0xFBEF,2,0xFBEE,0xFBEF,
0xFBF0,2,0xFBF0,0xFBF1,
0xFBF1,2,0xFBF0,0xFBF1,
0xFBF2,2,0xFBF2,0xFBF3,
0xFBF3,2,0xFBF2,0xFBF3,
0xFBF4,2,0xFBF4,0xFBF5,
0xFBF5,2,0xFBF4,0xFBF5,
0xFBF6,3,0xFBF6,0xFBF7,0xFBF8,
0xFBF7,3,0xFBF6,0xFBF7,0xFBF8,
0xFBF8,3,0xFBF6,0xFBF7,0xFBF8,
0xFBF9,5,0xFBF9,0xFBFA,0xFBFB,0xFC03,0xFC68,
0xFBFA,5,0xFBF9,0xFBFA,0xFBFB,0xFC03,0xFC68,
0xFBFB,5,0xFBF9,0xFBFA,0xFBFB,0xFC03,0xFC68,
0xFBFC,5,0x06CC,0xFBFC,0xFBFD,0xFBFE,0xFBFF,
0xFBFD,5,0x06CC,0xFBFC,0xFBFD,0xFBFE,0xFBFF,
0xFBFE,5,0x06CC,0xFBFC,0xFBFD,0xFBFE,0xFBFF,
0xFBFF,5,0x06CC,0xFBFC,0xFBFD,0xFBFE,0xFBFF,
0xFC00,2,0xFC00,0xFC97,
0xFC01,2,0xFC01,0xFC98,
0xFC02,4,0xFC02,0xFC66,0xFC9A,0xFCDF,
0xFC03,5,0xFBF9,0xFBFA,0xFBFB,0xFC03,0xFC68,
0xFC04,2,0xFC04,0xFC69,
0xFC05,2,0xFC05,0xFC9C,
0xFC06,2,0xFC06,0xFC9D,
0xFC07,2,0xFC07,0xFC9E,
0xFC08,4,0xFC08,0xFC6C,0xFC9F,0xFCE1,
0xFC09,2,0xFC09,0xFC6E,
0xFC0A,2,0xFC0A,0xFC6F,
0xFC0B,2,0xFC0B,0xFCA1,
0xFC0C,2,0xFC0C,0xFCA2,
0xFC0D,2,0xFC0D,0xFCA3,
0xFC0E,4,0xFC0E,0xFC72,0xFCA4,0xFCE3,
0xFC0F,2,0xFC0F,0xFC74,
0xFC10,2,0xFC10,0xFC75,
0xFC12,4,0xFC12,0xFC78,0xFCA6,0xFCE5,
0xFC13,2,0xFC13,0xFC7A,
0xFC14,2,0xFC14,0xFC7B,
0xFC15,2,0xFC15,0xFCA7,
0xFC16,2,0xFC16,0xFCA8,
0xFC17,2,0xFC17,0xFCA9,
0xFC18,2,0xFC18,0xFCAA,
0xFC19,2,0xFC19,0xFCAB,
0xFC1B,2,0xFC1B,0xFCAC,
0xFC1C,3,0xFC1C,0xFCAD,0xFD34,
0xFC1D,3,0xFC1D,0xFCAE,0xFD35,
0xFC1E,3,0xFC1E,0xFCAF,0xFD36,
0xFC1F,3,0xFC1F,0xFCB0,0xFCE7,
0xFC20,2,0xFC20,0xFCB1,
0xFC21,2,0xFC21,0xFCB3,
0xFC22,2,0xFC22,0xFCB4,
0xFC23,2,0xFC23,0xFCB5,
0xFC24,2,0xFC24,0xFCB6,
0xFC25,2,0xFC25,0xFCB7,
0xFC26,2,0xFC26,0xFCB8,
0xFC27,3,0xFC27,0xFD33,0xFD3A,
0xFC28,3,0xFC28,0xFCB9,0xFD3B,
0xFC29,2,0xFC29,0xFCBA,
0xFC2A,2,0xFC2A,0xFCBB,
0xFC2B,2,0xFC2B,0xFCBC,
0xFC2C,2,0xFC2C,0xFCBD,
0xFC2D,2,0xFC2D,0xFCBE,
0xFC2E,2,0xFC2E,0xFCBF,
0xFC2F,2,0xFC2F,0xFCC0,
0xFC30,2,0xFC30,0xFCC1,
0xFC31,2,0xFC31,0xFC7C,
0xFC32,2,0xFC32,0xFC7D,
0xFC33,2,0xFC33,0xFCC2,
0xFC34,2,0xFC34,0xFCC3,
0xFC35,2,0xFC35,0xFC7E,
0xFC36,2,0xFC36,0xFC7F,
0xFC37,2,0xFC37,0xFC80,
0xFC38,2,0xFC38,0xFCC4,
0xFC39,2,0xFC39,0xFCC5,
0xFC3A,2,0xFC3A,0xFCC6,
0xFC3B,4,0xFC3B,0xFC81,0xFCC7,0xFCEB,
0xFC3C,4,0xFC3C,0xFC82,0xFCC8,0xFCEC,
0xFC3D,2,0xFC3D,0xFC83,
0xFC3E,2,0xFC3E,0xFC84,
0xFC3F,2,0xFC3F,0xFCC9,
0xFC40,2,0xFC40,0xFCCA,
0xFC41,2,0xFC41,0xFCCB,
0xFC42,4,0xFC42,0xFC85,0xFCCC,0xFCED,
0xFC43,2,0xFC43,0xFC86,
0xFC44,2,0xFC44,0xFC87,
0xFC45,2,0xFC45,0xFCCE,
0xFC46,2,0xFC46,0xFCCF,
0xFC47,2,0xFC47,0xFCD0,
0xFC48,3,0xFC48,0xFC89,0xFCD1,
0xFC4B,2,0xFC4B,0xFCD2,
0xFC4C,2,0xFC4C,0xFCD3,
0xFC4D,2,0xFC4D,0xFCD4,
0xFC4E,4,0xFC4E,0xFC8C,0xFCD5,0xFCEE,
0xFC4F,2,0xFC4F,0xFC8E,
0xFC50,2,0xFC50,0xFC8F,
0xFC51,2,0xFC51,0xFCD7,
0xFC52,2,0xFC52,0xFCD8,
0xFC55,2,0xFC55,0xFCDA,
0xFC56,2,0xFC56,0xFCDB,
0xFC57,2,0xFC57,0xFCDC,
0xFC58,4,0xFC58,0xFC93,0xFCDD,0xFCF0,
0xFC59,2,0xFC59,0xFC95,
0xFC5A,2,0xFC5A,0xFC96,
0xFC5D,2,0xFC5D,0xFC90,
0xFC5E,3,0x0614,0x1B6E,0xFC5E,
0xFC5F,2,0x1B6F,0xFC5F,
0xFC60,4,0x06DB,0x1B70,0xFC60,0xFCF2,
0xFC61,4,0x0656,0x1B71,0xFC61,0xFCF3,
0xFC62,4,0x0657,0x1B72,0xFC62,0xFCF4,
0xFC63,2,0x06E5,0xFC63,
0xFC66,4,0xFC02,0xFC66,0xFC9A,0xFCDF,
0xFC68,5,0xFBF9,0xFBFA,0xFBFB,0xFC03,0xFC68,
0xFC69,2,0xFC04,0xFC69,
0xFC6C,4,0xFC08,0xFC6C,0xFC9F,0xFCE1,
0xFC6E,2,0xFC09,0xFC6E,
0xFC6F,2,0xFC0A,0xFC6F,
0xFC72,4,0xFC0E,0xFC72,0xFCA4,0xFCE3,
0xFC74,2,0xFC0F,0xFC74,
0xFC75,2,0xFC10,0xFC75,
0xFC78,4,0xFC12,0xFC78,0xFCA6,0xFCE5,
0xFC7A,2,0xFC13,0xFC7A,
0xFC7B,2,0xFC14,0xFC7B,
0xFC7C,2,0xFC31,0xFC7C,
0xFC7D,2,0xFC32,0xFC7D,
0xFC7E,2,0xFC35,0xFC7E,
0xFC7F,2,0xFC36,0xFC7F,
0xFC80,2,0xFC37,0xFC80,
0xFC81,4,0xFC3B,0xFC81,0xFCC7,0xFCEB,
0xFC82,4,0xFC3C,0xFC82,0xFCC8,0xFCEC,
0xFC83,2,0xFC3D,0xFC83,
0xFC84,2,0xFC3E,0xFC84,
0xFC85,4,0xFC42,0xFC85,0xFCCC,0xFCED,
0xFC86,2,0xFC43,0xFC86,
0xFC87,2,0xFC44,0xFC87,
0xFC89,3,0xFC48,0xFC89,0xFCD1,
0xFC8C,4,0xFC4E,0xFC8C,0xFCD5,0xFCEE,
0xFC8E,2,0xFC4F,0xFC8E,
0xFC8F,2,0xFC50,0xFC8F,
0xFC90,2,0xFC5D,0xFC90,
0xFC93,4,0xFC58,0xFC93,0xFCDD,0xFCF0,
0xFC95,2,0xFC59,0xFC95,
0xFC96,2,0xFC5A,0xFC96,
0xFC97,2,0xFC00,0xFC97,
0xFC98,2,0xFC01,0xFC98,
0xFC9A,4,0xFC02,0xFC66,0xFC9A,0xFCDF,
0xFC9B,2,0xFC9B,0xFCE0,
0xFC9C,2,0xFC05,0xFC9C,
0xFC9D,2,0xFC06,0xFC9D,
0xFC9E,2,0xFC07,0xFC9E,
0xFC9F,4,0xFC08,0xFC6C,0xFC9F,0xFCE1,
0xFCA0,2,0xFCA0,0xFCE2,
0xFCA1,2,0xFC0B,0xFCA1,
0xFCA2,2,0xFC0C,0xFCA2,
0xFCA3,2,0xFC0D,0xFCA3,
0xFCA4,4,0xFC0E,0xFC72,0xFCA4,0xFCE3,
0xFCA5,2,0xFCA5,0xFCE4,
0xFCA6,4,0xFC12,0xFC78,0xFCA6,0xFCE5,
0xFCA7,2,0xFC15,0xFCA7,
0xFCA8,2,0xFC16,0xFCA8,
0xFCA9,2,0xFC17,0xFCA9,
0xFCAA,2,0xFC18,0xFCAA,
0xFCAB,2,0xFC19,0xFCAB,
0xFCAC,2,0xFC1B,0xFCAC,
0xFCAD,3,0xFC1C,0xFCAD,0xFD34,
0xFCAE,3,0xFC1D,0xFCAE,0xFD35,
0xFCAF,3,0xFC1E,0xFCAF,0xFD36,
0xFCB0,3,0xFC1F,0xFCB0,0xFCE7,
0xFCB1,2,0xFC20,0xFCB1,
0xFCB3,2,0xFC21,0xFCB3,
0xFCB4,2,0xFC22,0xFCB4,
0xFCB5,2,0xFC23,0xFCB5,
0xFCB6,2,0xFC24,0xFCB6,
0xFCB7,2,0xFC25,0xFCB7,
0xFCB8,2,0xFC26,0xFCB8,
0xFCB9,3,0xFC28,0xFCB9,0xFD3B,
0xFCBA,2,0xFC29,0xFCBA,
0xFCBB,2,0xFC2A,0xFCBB,
0xFCBC,2,0xFC2B,0xFCBC,
0xFCBD,2,0xFC2C,0xFCBD,
0xFCBE,2,0xFC2D,0xFCBE,
0xFCBF,2,0xFC2E,0xFCBF,
0xFCC0,2,0xFC2F,0xFCC0,
0xFCC1,2,0xFC30,0xFCC1,
0xFCC2,2,0xFC33,0xFCC2,
0xFCC3,2,0xFC34,0xFCC3,
0xFCC4,2,0xFC38,0xFCC4,
0xFCC5,2,0xFC39,0xFCC5,
0xFCC6,2,0xFC3A,0xFCC6,
0xFCC7,4,0xFC3B,0xFC81,0xFCC7,0xFCEB,
0xFCC8,4,0xFC3C,0xFC82,0xFCC8,0xFCEC,
0xFCC9,2,0xFC3F,0xFCC9,
0xFCCA,2,0xFC40,0xFCCA,
0xFCCB,2,0xFC41,0xFCCB,
0xFCCC,4,0xFC42,0xFC85,0xFCCC,0xFCED,
0xFCCE,2,0xFC45,0xFCCE,
0xFCCF,2,0xFC46,0xFCCF,
0xFCD0,2,0xFC47,0xFCD0,
0xFCD1,3,0xFC48,0xFC89,0xFCD1,
0xFCD2,2,0xFC4B,0xFCD2,
0xFCD3,2,0xFC4C,0xFCD3,
0xFCD4,2,0xFC4D,0xFCD4,
0xFCD5,4,0xFC4E,0xFC8C,0xFCD5,0xFCEE,
0xFCD6,2,0xFCD6,0xFCEF,
0xFCD7,2,0xFC51,0xFCD7,
0xFCD8,2,0xFC52,0xFCD8,
0xFCD9,2,0x06C2,0xFCD9,
0xFCDA,2,0xFC55,0xFCDA,
0xFCDB,2,0xFC56,0xFCDB,
0xFCDC,2,0xFC57,0xFCDC,
0xFCDD,4,0xFC58,0xFC93,0xFCDD,0xFCF0,
0xFCDE,2,0xFCDE,0xFCF1,
0xFCDF,4,0xFC02,0xFC66,0xFC9A,0xFCDF,
0xFCE0,2,0xFC9B,0xFCE0,
0xFCE1,4,0xFC08,0xFC6C,0xFC9F,0xFCE1,
0xFCE2,2,0xFCA0,0xFCE2,
0xFCE3,4,0xFC0E,0xFC72,0xFCA4,0xFCE3,
0xFCE4,2,0xFCA5,0xFCE4,
0xFCE5,4,0xFC12,0xFC78,0xFCA6,0xFCE5,
0xFCE7,3,0xFC1F,0xFCB0,0xFCE7,
0xFCE8,2,0xFCE8,0xFD31,
0xFCE9,4,0xFCE9,0xFD0C,0xFD28,0xFD30,
0xFCEA,2,0xFCEA,0xFD32,
0xFCEB,4,0xFC3B,0xFC81,0xFCC7,0xFCEB,
0xFCEC,4,0xFC3C,0xFC82,0xFCC8,0xFCEC,
0xFCED,4,0xFC42,0xFC85,0xFCCC,0xFCED,
0xFCEE,4,0xFC4E,0xFC8C,0xFCD5,0xFCEE,
0xFCEF,2,0xFCD6,0xFCEF,
0xFCF0,4,0xFC58,0xFC93,0xFCDD,0xFCF0,
0xFCF1,2,0xFCDE,0xFCF1,
0xFCF2,4,0x06DB,0x1B70,0xFC60,0xFCF2,
0xFCF3,4,0x0656,0x1B71,0xFC61,0xFCF3,
0xFCF4,4,0x0657,0x1B72,0xFC62,0xFCF4,
0xFCF5,2,0xFCF5,0xFD11,
0xFCF6,2,0xFCF6,0xFD12,
0xFCF7,2,0xFCF7,0xFD13,
0xFCF8,2,0xFCF8,0xFD14,
0xFCF9,2,0xFCF9,0xFD15,
0xFCFA,2,0xFCFA,0xFD16,
0xFCFB,2,0xFCFB,0xFD17,
0xFCFC,2,0xFCFC,0xFD18,
0xFCFD,2,0xFCFD,0xFD19,
0xFCFE,2,0xFCFE,0xFD1A,
0xFCFF,2,0xFCFF,0xFD1B,
0xFD00,2,0xFD00,0xFD1C,
0xFD01,2,0xFD01,0xFD1D,
0xFD02,2,0xFD02,0xFD1E,
0xFD03,2,0xFD03,0xFD1F,
0xFD04,2,0xFD04,0xFD20,
0xFD05,2,0xFD05,0xFD21,
0xFD06,2,0xFD06,0xFD22,
0xFD07,2,0xFD07,0xFD23,
0xFD08,2,0xFD08,0xFD24,
0xFD09,4,0xFD09,0xFD25,0xFD2D,0xFD37,
0xFD0A,4,0xFD0A,0xFD26,0xFD2E,0xFD38,
0xFD0B,4,0xFD0B,0xFD27,0xFD2F,0xFD39,
0xFD0C,4,0xFCE9,0xFD0C,0xFD28,0xFD30,
0xFD0D,2,0xFD0D,0xFD29,
0xFD0E,2,0xFD0E,0xFD2A,
0xFD0F,2,0xFD0F,0xFD2B,
0xFD10,2,0xFD10,0xFD2C,
0xFD11,2,0xFCF5,0xFD11,
0xFD12,2,0xFCF6,0xFD12,
0xFD13,2,0xFCF7,0xFD13,
0xFD14,2,0xFCF8,0xFD14,
0xFD15,2,0xFCF9,0xFD15,
0xFD16,2,0xFCFA,0xFD16,
0xFD17,2,0xFCFB,0xFD17,
0xFD18,2,0xFCFC,0xFD18,
0xFD19,2,0xFCFD,0xFD19,
0xFD1A,2,0xFCFE,0xFD1A,
0xFD1B,2,0xFCFF,0xFD1B,
0xFD1C,2,0xFD00,0xFD1C,
0xFD1D,2,0xFD01,0xFD1D,
0xFD1E,2,0xFD02,0xFD1E,
0xFD1F,2,0xFD03,0xFD1F,
0xFD20,2,0xFD04,0xFD20,
0xFD21,2,0xFD05,0xFD21,
0xFD22,2,0xFD06,0xFD22,
0xFD23,2,0xFD07,0xFD23,
0xFD24,2,0xFD08,0xFD24,
0xFD25,4,0xFD09,0xFD25,0xFD2D,0xFD37,
0xFD26,4,0xFD0A,0xFD26,0xFD2E,0xFD38,
0xFD27,4,0xFD0B,0xFD27,0xFD2F,0xFD39,
0xFD28,4,0xFCE9,0xFD0C,0xFD28,0xFD30,
0xFD29,2,0xFD0D,0xFD29,
0xFD2A,2,0xFD0E,0xFD2A,
0xFD2B,2,0xFD0F,0xFD2B,
0xFD2C,2,0xFD10,0xFD2C,
0xFD2D,4,0xFD09,0xFD25,0xFD2D,0xFD37,
0xFD2E,4,0xFD0A,0xFD26,0xFD2E,0xFD38,
0xFD2F,4,0xFD0B,0xFD27,0xFD2F,0xFD39,
0xFD30,4,0xFCE9,0xFD0C,0xFD28,0xFD30,
0xFD31,2,0xFCE8,0xFD31,
0xFD32,2,0xFCEA,0xFD32,
0xFD33,3,0xFC27,0xFD33,0xFD3A,
0xFD34,3,0xFC1C,0xFCAD,0xFD34,
0xFD35,3,0xFC1D,0xFCAE,0xFD35,
0xFD36,3,0xFC1E,0xFCAF,0xFD36,
0xFD37,4,0xFD09,0xFD25,0xFD2D,0xFD37,
0xFD38,4,0xFD0A,0xFD26,0xFD2E,0xFD38,
0xFD39,4,0xFD0B,0xFD27,0xFD2F,0xFD39,
0xFD3A,3,0xFC27,0xFD33,0xFD3A,
0xFD3B,3,0xFC28,0xFCB9,0xFD3B,
0xFD3C,2,0xFD3C,0xFD3D,
0xFD3D,2,0xFD3C,0xFD3D,
0xFD51,2,0xFD51,0xFD52,
0xFD52,2,0xFD51,0xFD52,
0xFD58,2,0xFD58,0xFD59,
0xFD59,2,0xFD58,0xFD59,
0xFD5F,2,0xFD5F,0xFD60,
0xFD60,2,0xFD5F,0xFD60,
0xFD62,2,0xFD62,0xFD63,
0xFD63,2,0xFD62,0xFD63,
0xFD64,2,0xFD64,0xFD65,
0xFD65,2,0xFD64,0xFD65,
0xFD67,2,0xFD67,0xFD68,
0xFD68,2,0xFD67,0xFD68,
0xFD6A,2,0xFD6A,0xFD6B,
0xFD6B,2,0xFD6A,0xFD6B,
0xFD6C,2,0xFD6C,0xFD6D,
0xFD6D,2,0xFD6C,0xFD6D,
0xFD6F,2,0xFD6F,0xFD70,
0xFD70,2,0xFD6F,0xFD70,
0xFD71,2,0xFD71,0xFD72,
0xFD72,2,0xFD71,0xFD72,
0xFD75,2,0xFD75,0xFDC4,
0xFD76,2,0xFD76,0xFD77,
0xFD77,2,0xFD76,0xFD77,
0xFD7C,2,0xFD7C,0xFD7D,
0xFD7D,2,0xFD7C,0xFD7D,
0xFD7E,2,0xFD7E,0xFDB4,
0xFD80,2,0xFD80,0xFDB5,
0xFD83,2,0xFD83,0xFD84,
0xFD84,2,0xFD83,0xFD84,
0xFD85,2,0xFD85,0xFD86,
0xFD86,2,0xFD85,0xFD86,
0xFD87,2,0xFD87,0xFD88,
0xFD88,2,0xFD87,0xFD88,
0xFD97,2,0xFD97,0xFD98,
0xFD98,2,0xFD97,0xFD98,
0xFD9C,2,0xFD9C,0xFD9D,
0xFD9D,2,0xFD9C,0xFD9D,
0xFDB4,2,0xFD7E,0xFDB4,
0xFDB5,2,0xFD80,0xFDB5,
0xFDB8,2,0xFDB8,0xFDBD,
0xFDBA,2,0xFDBA,0xFDBC,
0xFDBB,2,0xFDBB,0xFDC3,
0xFDBC,2,0xFDBA,0xFDBC,
0xFDBD,2,0xFDB8,0xFDBD,
0xFDC3,2,0xFDBB,0xFDC3,
0xFDC4,2,0xFD75,0xFDC4,
0xFDF9,2,0x06D6,0xFDF9,
0xFDFC,2,0xFDFC,0xFE41,
0xFE20,8,0x0303,0x0360,0x05A4,0x0F89,0xFE20,0xFE21,0xFE22,0xFE23,
0xFE21,8,0x0303,0x0360,0x05A4,0x0F89,0xFE20,0xFE21,0xFE22,0xFE23,
0xFE22,8,0x0303,0x0360,0x05A4,0x0F89,0xFE20,0xFE21,0xFE22,0xFE23,
0xFE23,8,0x0303,0x0360,0x05A4,0x0F89,0xFE20,0xFE21,0xFE22,0xFE23,
0xFE24,3,0x030A,0x05A5,0xFE24,
0xFE25,5,0x02BA,0x0328,0x05A6,0x0F8A,0xFE25,
0xFE26,3,0x0327,0x05A7,0xFE26,
0xFE33,3,0x0DF4,0x203F,0xFE33,
0xFE39,2,0x20AC,0xFE39,
0xFE3A,2,0x09F2,0xFE3A,
0xFE3B,2,0x20A9,0xFE3B,
0xFE3C,2,0x20B0,0xFE3C,
0xFE3D,2,0x00A3,0xFE3D,
0xFE3E,2,0x00A5,0xFE3E,
0xFE41,2,0xFDFC,0xFE41,
0xFE43,3,0x20A5,0x20AD,0xFE43,
0xFE44,2,0x20A7,0xFE44,
0xFE49,5,0x203E,0xFE49,0xFE4A,0xFE4B,0xFE4C,
0xFE4A,5,0x203E,0xFE49,0xFE4A,0xFE4B,0xFE4C,
0xFE4B,5,0x203E,0xFE49,0xFE4A,0xFE4B,0xFE4C,
0xFE4C,5,0x203E,0xFE49,0xFE4A,0xFE4B,0xFE4C,
0xFE4D,2,0x05C6,0xFE4D,
0xFE58,2,0x2014,0xFE58,
0xFE5D,2,0x20AE,0xFE5D,
0xFE5E,2,0x0E3F,0xFE5E,
0xFE5F,2,0x204E,0xFE5F,
0xFE60,2,0x204C,0xFE60,
0xFE62,3,0x002B,0xFB29,0xFE62,
0xFE63,2,0x002D,0xFE63,
0xFE64,2,0x003C,0xFE64,
0xFE65,2,0x003E,0xFE65,
0xFE66,2,0x003D,0xFE66,
0xFE69,2,0x2054,0xFE69,
0xFE6A,2,0x2050,0xFE6A,
0xFE71,3,0x064B,0x20D0,0xFE71,
0xFE77,3,0x064E,0x20D3,0xFE77,
0xFE79,3,0x064F,0x20D4,0xFE79,
0xFE7B,3,0x0650,0x20D5,0xFE7B,
0xFE7D,3,0x0651,0x20D7,0xFE7D,
0xFE7F,3,0x0652,0x20D6,0xFE7F,
0xFE80,2,0x0621,0xFE80,
0xFE81,3,0x0622,0xFE81,0xFE82,
0xFE82,3,0x0622,0xFE81,0xFE82,
0xFE83,3,0x0623,0xFE83,0xFE84,
0xFE84,3,0x0623,0xFE83,0xFE84,
0xFE85,3,0x0624,0xFE85,0xFE86,
0xFE86,3,0x0624,0xFE85,0xFE86,
0xFE87,3,0x0625,0xFE87,0xFE88,
0xFE88,3,0x0625,0xFE87,0xFE88,
0xFE89,5,0x0626,0xFE89,0xFE8A,0xFE8B,0xFE8C,
0xFE8A,5,0x0626,0xFE89,0xFE8A,0xFE8B,0xFE8C,
0xFE8B,5,0x0626,0xFE89,0xFE8A,0xFE8B,0xFE8C,
0xFE8C,5,0x0626,0xFE89,0xFE8A,0xFE8B,0xFE8C,
0xFE8D,3,0x0627,0xFE8D,0xFE8E,
0xFE8E,3,0x0627,0xFE8D,0xFE8E,
0xFE8F,5,0x0628,0xFE8F,0xFE90,0xFE91,0xFE92,
0xFE90,5,0x0628,0xFE8F,0xFE90,0xFE91,0xFE92,
0xFE91,5,0x0628,0xFE8F,0xFE90,0xFE91,0xFE92,
0xFE92,5,0x0628,0xFE8F,0xFE90,0xFE91,0xFE92,
0xFE93,3,0x0629,0xFE93,0xFE94,
0xFE94,3,0x0629,0xFE93,0xFE94,
0xFE95,5,0x062A,0xFE95,0xFE96,0xFE97,0xFE98,
0xFE96,5,0x062A,0xFE95,0xFE96,0xFE97,0xFE98,
0xFE97,5,0x062A,0xFE95,0xFE96,0xFE97,0xFE98,
0xFE98,5,0x062A,0xFE95,0xFE96,0xFE97,0xFE98,
0xFE99,5,0x062B,0xFE99,0xFE9A,0xFE9B,0xFE9C,
0xFE9A,5,0x062B,0xFE99,0xFE9A,0xFE9B,0xFE9C,
0xFE9B,5,0x062B,0xFE99,0xFE9A,0xFE9B,0xFE9C,
0xFE9C,5,0x062B,0xFE99,0xFE9A,0xFE9B,0xFE9C,
0xFE9D,5,0x062C,0xFE9D,0xFE9E,0xFE9F,0xFEA0,
0xFE9E,5,0x062C,0xFE9D,0xFE9E,0xFE9F,0xFEA0,
0xFE9F,5,0x062C,0xFE9D,0xFE9E,0xFE9F,0xFEA0,
0xFEA0,5,0x062C,0xFE9D,0xFE9E,0xFE9F,0xFEA0,
0xFEA1,5,0x062D,0xFEA1,0xFEA2,0xFEA3,0xFEA4,
0xFEA2,5,0x062D,0xFEA1,0xFEA2,0xFEA3,0xFEA4,
0xFEA3,5,0x062D,0xFEA1,0xFEA2,0xFEA3,0xFEA4,
0xFEA4,5,0x062D,0xFEA1,0xFEA2,0xFEA3,0xFEA4,
0xFEA5,5,0x062E,0xFEA5,0xFEA6,0xFEA7,0xFEA8,
0xFEA6,5,0x062E,0xFEA5,0xFEA6,0xFEA7,0xFEA8,
0xFEA7,5,0x062E,0xFEA5,0xFEA6,0xFEA7,0xFEA8,
0xFEA8,5,0x062E,0xFEA5,0xFEA6,0xFEA7,0xFEA8,
0xFEA9,3,0x062F,0xFEA9,0xFEAA,
0xFEAA,3,0x062F,0xFEA9,0xFEAA,
0xFEAB,3,0x0630,0xFEAB,0xFEAC,
0xFEAC,3,0x0630,0xFEAB,0xFEAC,
0xFEAD,3,0x0631,0xFEAD,0xFEAE,
0xFEAE,3,0x0631,0xFEAD,0xFEAE,
0xFEAF,3,0x0632,0xFEAF,0xFEB0,
0xFEB0,3,0x0632,0xFEAF,0xFEB0,
0xFEB1,5,0x0633,0xFEB1,0xFEB2,0xFEB3,0xFEB4,
0xFEB2,5,0x0633,0xFEB1,0xFEB2,0xFEB3,0xFEB4,
0xFEB3,5,0x0633,0xFEB1,0xFEB2,0xFEB3,0xFEB4,
0xFEB4,5,0x0633,0xFEB1,0xFEB2,0xFEB3,0xFEB4,
0xFEB5,5,0x0634,0xFEB5,0xFEB6,0xFEB7,0xFEB8,
0xFEB6,5,0x0634,0xFEB5,0xFEB6,0xFEB7,0xFEB8,
0xFEB7,5,0x0634,0xFEB5,0xFEB6,0xFEB7,0xFEB8,
0xFEB8,5,0x0634,0xFEB5,0xFEB6,0xFEB7,0xFEB8,
0xFEB9,5,0x0635,0xFEB9,0xFEBA,0xFEBB,0xFEBC,
0xFEBA,5,0x0635,0xFEB9,0xFEBA,0xFEBB,0xFEBC,
0xFEBB,5,0x0635,0xFEB9,0xFEBA,0xFEBB,0xFEBC,
0xFEBC,5,0x0635,0xFEB9,0xFEBA,0xFEBB,0xFEBC,
0xFEBD,5,0x0636,0xFEBD,0xFEBE,0xFEBF,0xFEC0,
0xFEBE,5,0x0636,0xFEBD,0xFEBE,0xFEBF,0xFEC0,
0xFEBF,5,0x0636,0xFEBD,0xFEBE,0xFEBF,0xFEC0,
0xFEC0,5,0x0636,0xFEBD,0xFEBE,0xFEBF,0xFEC0,
0xFEC1,5,0x0637,0xFEC1,0xFEC2,0xFEC3,0xFEC4,
0xFEC2,5,0x0637,0xFEC1,0xFEC2,0xFEC3,0xFEC4,
0xFEC3,5,0x0637,0xFEC1,0xFEC2,0xFEC3,0xFEC4,
0xFEC4,5,0x0637,0xFEC1,0xFEC2,0xFEC3,0xFEC4,
0xFEC5,5,0x0638,0xFEC5,0xFEC6,0xFEC7,0xFEC8,
0xFEC6,5,0x0638,0xFEC5,0xFEC6,0xFEC7,0xFEC8,
0xFEC7,5,0x0638,0xFEC5,0xFEC6,0xFEC7,0xFEC8,
0xFEC8,5,0x0638,0xFEC5,0xFEC6,0xFEC7,0xFEC8,
0xFEC9,5,0x0639,0xFEC9,0xFECA,0xFECB,0xFECC,
0xFECA,5,0x0639,0xFEC9,0xFECA,0xFECB,0xFECC,
0xFECB,5,0x0639,0xFEC9,0xFECA,0xFECB,0xFECC,
0xFECC,5,0x0639,0xFEC9,0xFECA,0xFECB,0xFECC,
0xFECD,5,0x063A,0xFECD,0xFECE,0xFECF,0xFED0,
0xFECE,5,0x063A,0xFECD,0xFECE,0xFECF,0xFED0,
0xFECF,5,0x063A,0xFECD,0xFECE,0xFECF,0xFED0,
0xFED0,5,0x063A,0xFECD,0xFECE,0xFECF,0xFED0,
0xFED1,5,0x0641,0xFED1,0xFED2,0xFED3,0xFED4,
0xFED2,5,0x0641,0xFED1,0xFED2,0xFED3,0xFED4,
0xFED3,5,0x0641,0xFED1,0xFED2,0xFED3,0xFED4,
0xFED4,5,0x0641,0xFED1,0xFED2,0xFED3,0xFED4,
0xFED5,5,0x0642,0xFED5,0xFED6,0xFED7,0xFED8,
0xFED6,5,0x0642,0xFED5,0xFED6,0xFED7,0xFED8,
0xFED7,5,0x0642,0xFED5,0xFED6,0xFED7,0xFED8,
0xFED8,5,0x0642,0xFED5,0xFED6,0xFED7,0xFED8,
0xFED9,5,0x0643,0xFED9,0xFEDA,0xFEDB,0xFEDC,
0xFEDA,5,0x0643,0xFED9,0xFEDA,0xFEDB,0xFEDC,
0xFEDB,5,0x0643,0xFED9,0xFEDA,0xFEDB,0xFEDC,
0xFEDC,5,0x0643,0xFED9,0xFEDA,0xFEDB,0xFEDC,
0xFEDD,5,0x0644,0xFEDD,0xFEDE,0xFEDF,0xFEE0,
0xFEDE,5,0x0644,0xFEDD,0xFEDE,0xFEDF,0xFEE0,
0xFEDF,5,0x0644,0xFEDD,0xFEDE,0xFEDF,0xFEE0,
0xFEE0,5,0x0644,0xFEDD,0xFEDE,0xFEDF,0xFEE0,
0xFEE1,5,0x0645,0xFEE1,0xFEE2,0xFEE3,0xFEE4,
0xFEE2,5,0x0645,0xFEE1,0xFEE2,0xFEE3,0xFEE4,
0xFEE3,5,0x0645,0xFEE1,0xFEE2,0xFEE3,0xFEE4,
0xFEE4,5,0x0645,0xFEE1,0xFEE2,0xFEE3,0xFEE4,
0xFEE5,5,0x0646,0xFEE5,0xFEE6,0xFEE7,0xFEE8,
0xFEE6,5,0x0646,0xFEE5,0xFEE6,0xFEE7,0xFEE8,
0xFEE7,5,0x0646,0xFEE5,0xFEE6,0xFEE7,0xFEE8,
0xFEE8,5,0x0646,0xFEE5,0xFEE6,0xFEE7,0xFEE8,
0xFEE9,5,0x0647,0xFEE9,0xFEEA,0xFEEB,0xFEEC,
0xFEEA,5,0x0647,0xFEE9,0xFEEA,0xFEEB,0xFEEC,
0xFEEB,5,0x0647,0xFEE9,0xFEEA,0xFEEB,0xFEEC,
0xFEEC,5,0x0647,0xFEE9,0xFEEA,0xFEEB,0xFEEC,
0xFEED,3,0x0648,0xFEED,0xFEEE,
0xFEEE,3,0x0648,0xFEED,0xFEEE,
0xFEEF,5,0x0649,0xFBE8,0xFBE9,0xFEEF,0xFEF0,
0xFEF0,5,0x0649,0xFBE8,0xFBE9,0xFEEF,0xFEF0,
0xFEF1,5,0x064A,0xFEF1,0xFEF2,0xFEF3,0xFEF4,
0xFEF2,5,0x064A,0xFEF1,0xFEF2,0xFEF3,0xFEF4,
0xFEF3,5,0x064A,0xFEF1,0xFEF2,0xFEF3,0xFEF4,
0xFEF4,5,0x064A,0xFEF1,0xFEF2,0xFEF3,0xFEF4,
0xFEF5,2,0xFEF5,0xFEF6,
0xFEF6,2,0xFEF5,0xFEF6,
0xFEF7,2,0xFEF7,0xFEF8,
0xFEF8,2,0xFEF7,0xFEF8,
0xFEF9,2,0xFEF9,0xFEFA,
0xFEFA,2,0xFEF9,0xFEFA,
0xFEFB,2,0xFEFB,0xFEFC,
0xFEFC,2,0xFEFB,0xFEFC,
0xFF21,2,0xFF21,0xFF41,
0xFF22,2,0xFF22,0xFF42,
0xFF23,2,0xFF23,0xFF43,
0xFF24,2,0xFF24,0xFF44,
0xFF25,2,0xFF25,0xFF45,
0xFF26,2,0xFF26,0xFF46,
0xFF27,2,0xFF27,0xFF47,
0xFF28,3,0x2095,0xFF28,0xFF48,
0xFF29,2,0xFF29,0xFF49,
0xFF2A,2,0xFF2A,0xFF4A,
0xFF2B,3,0x2096,0xFF2B,0xFF4B,
0xFF2C,3,0x2097,0xFF2C,0xFF4C,
0xFF2D,3,0x2098,0xFF2D,0xFF4D,
0xFF2E,2,0xFF2E,0xFF4E,
0xFF2F,2,0xFF2F,0xFF4F,
0xFF30,3,0x209A,0xFF30,0xFF50,
0xFF31,2,0xFF31,0xFF51,
0xFF32,2,0xFF32,0xFF52,
0xFF33,3,0x209B,0xFF33,0xFF53,
0xFF34,3,0x209C,0xFF34,0xFF54,
0xFF35,2,0xFF35,0xFF55,
0xFF36,2,0xFF36,0xFF56,
0xFF37,2,0xFF37,0xFF57,
0xFF38,2,0xFF38,0xFF58,
0xFF39,2,0xFF39,0xFF59,
0xFF3A,2,0xFF3A,0xFF5A,
0xFF41,2,0xFF21,0xFF41,
0xFF42,2,0xFF22,0xFF42,
0xFF43,2,0xFF23,0xFF43,
0xFF44,2,0xFF24,0xFF44,
0xFF45,2,0xFF25,0xFF45,
0xFF46,2,0xFF26,0xFF46,
0xFF47,2,0xFF27,0xFF47,
0xFF48,3,0x2095,0xFF28,0xFF48,
0xFF49,2,0xFF29,0xFF49,
0xFF4A,2,0xFF2A,0xFF4A,
0xFF4B,3,0x2096,0xFF2B,0xFF4B,
0xFF4C,3,0x2097,0xFF2C,0xFF4C,
0xFF4D,3,0x2098,0xFF2D,0xFF4D,
0xFF4E,2,0xFF2E,0xFF4E,
0xFF4F,2,0xFF2F,0xFF4F,
0xFF50,3,0x209A,0xFF30,0xFF50,
0xFF51,2,0xFF31,0xFF51,
0xFF52,2,0xFF32,0xFF52,
0xFF53,3,0x209B,0xFF33,0xFF53,
0xFF54,3,0x209C,0xFF34,0xFF54,
0xFF55,2,0xFF35,0xFF55,
0xFF56,2,0xFF36,0xFF56,
0xFF57,2,0xFF37,0xFF57,
0xFF58,2,0xFF38,0xFF58,
0xFF59,2,0xFF39,0xFF59,
0xFF5A,2,0xFF3A,0xFF5A,
0xFF62,2,0x20B1,0xFF62,
0xFF63,2,0x20A0,0xFF63,
};
const unsigned wia_sci_nsetrows = 5390;
