/* changes/281-strchriw/foldpairs.c: GENERATED by probes/gentable.c. Do not edit by hand.
 *
 * shlwapi!StrChrIW's fold relation, extracted from the LIVE export: for every code unit that
 * shares a class with any other, the code unit and the smallest code unit in its class.
 *
 * Only 8472 of the 65535 code units are in a class with anybody else, 57063 of the 59321 classes are
 * singletons, so this is the whole relation and it fits in 8472 pairs. The largest class has 3237
 * members (U+00AD and the other ignorables).
 *
 * tables.c rebuilds the full map from these pairs and then CHECKS IT against the live export at
 * init, in milliseconds. Asking the export for the whole relation directly takes 86.5 seconds,
 * and the cheap shortcut through LCMapStringW sort keys splits 116 Hangul classes, see
 * probes/sortkey.c. That is why this file is generated rather than computed.
 */
const unsigned short wia_sci_pairs[] = {
0x0020,0x0020,0x0022,0x0022,0x0023,0x0023,0x0024,0x0024,0x0025,0x0025,0x0026,0x0026,0x002B,0x002B,0x002D,0x002D,
0x002E,0x002E,0x0030,0x0030,0x0031,0x0031,0x0032,0x0032,0x0033,0x0033,0x0034,0x0034,0x0035,0x0035,0x0036,0x0036,
0x0037,0x0037,0x0038,0x0038,0x0039,0x0039,0x003B,0x003B,0x003C,0x003C,0x003D,0x003D,0x003E,0x003E,0x0041,0x0041,
0x0042,0x0042,0x0043,0x0043,0x0044,0x0044,0x0045,0x0045,0x0046,0x0046,0x0047,0x0047,0x0048,0x0048,0x0049,0x0049,
0x004A,0x004A,0x004B,0x004B,0x004C,0x004C,0x004D,0x004D,0x004E,0x004E,0x004F,0x004F,0x0050,0x0050,0x0051,0x0051,
0x0052,0x0052,0x0053,0x0053,0x0054,0x0054,0x0055,0x0055,0x0056,0x0056,0x0057,0x0057,0x0058,0x0058,0x0059,0x0059,
0x005A,0x005A,0x005E,0x005E,0x0060,0x0060,0x0061,0x0041,0x0062,0x0042,0x0063,0x0043,0x0064,0x0044,0x0065,0x0045,
0x0066,0x0046,0x0067,0x0047,0x0068,0x0048,0x0069,0x0049,0x006A,0x004A,0x006B,0x004B,0x006C,0x004C,0x006D,0x004D,
0x006E,0x004E,0x006F,0x004F,0x0070,0x0050,0x0071,0x0051,0x0072,0x0052,0x0073,0x0053,0x0074,0x0054,0x0075,0x0055,
0x0076,0x0056,0x0077,0x0057,0x0078,0x0058,0x0079,0x0059,0x007A,0x005A,0x0080,0x0080,0x0081,0x0081,0x0082,0x0082,
0x0083,0x0083,0x00A2,0x00A2,0x00A3,0x00A3,0x00A4,0x00A4,0x00A5,0x00A5,0x00AD,0x00AD,0x00B2,0x00B2,0x00B3,0x00B3,
0x00B4,0x00B4,0x00B7,0x00B7,0x00B9,0x00B9,0x00C0,0x00C0,0x00C1,0x00C1,0x00C2,0x00C2,0x00C3,0x00C3,0x00C4,0x00C4,
0x00C5,0x00C5,0x00C6,0x00C6,0x00C7,0x00C7,0x00C8,0x00C8,0x00C9,0x00C9,0x00CA,0x00CA,0x00CB,0x00CB,0x00CC,0x00CC,
0x00CD,0x00CD,0x00CE,0x00CE,0x00CF,0x00CF,0x00D0,0x00D0,0x00D1,0x00D1,0x00D2,0x00D2,0x00D3,0x00D3,0x00D4,0x00D4,
0x00D5,0x00D5,0x00D6,0x00D6,0x00D8,0x00D8,0x00D9,0x00D9,0x00DA,0x00DA,0x00DB,0x00DB,0x00DC,0x00DC,0x00DD,0x00DD,
0x00DE,0x00DE,0x00DF,0x00DF,0x00E0,0x00C0,0x00E1,0x00C1,0x00E2,0x00C2,0x00E3,0x00C3,0x00E4,0x00C4,0x00E5,0x00C5,
0x00E6,0x00C6,0x00E7,0x00C7,0x00E8,0x00C8,0x00E9,0x00C9,0x00EA,0x00CA,0x00EB,0x00CB,0x00EC,0x00CC,0x00ED,0x00CD,
0x00EE,0x00CE,0x00EF,0x00CF,0x00F0,0x00D0,0x00F1,0x00D1,0x00F2,0x00D2,0x00F3,0x00D3,0x00F4,0x00D4,0x00F5,0x00D5,
0x00F6,0x00D6,0x00F8,0x00D8,0x00F9,0x00D9,0x00FA,0x00DA,0x00FB,0x00DB,0x00FC,0x00DC,0x00FD,0x00DD,0x00FE,0x00DE,
0x00FF,0x00FF,0x0100,0x0100,0x0101,0x0100,0x0102,0x0102,0x0103,0x0102,0x0104,0x0104,0x0105,0x0104,0x0106,0x0106,
0x0107,0x0106,0x0108,0x0108,0x0109,0x0108,0x010A,0x010A,0x010B,0x010A,0x010C,0x010C,0x010D,0x010C,0x010E,0x010E,
0x010F,0x010E,0x0110,0x0110,0x0111,0x0110,0x0112,0x0112,0x0113,0x0112,0x0114,0x0114,0x0115,0x0114,0x0116,0x0116,
0x0117,0x0116,0x0118,0x0118,0x0119,0x0118,0x011A,0x011A,0x011B,0x011A,0x011C,0x011C,0x011D,0x011C,0x011E,0x011E,
0x011F,0x011E,0x0120,0x0120,0x0121,0x0120,0x0122,0x0122,0x0123,0x0122,0x0124,0x0124,0x0125,0x0124,0x0126,0x0126,
0x0127,0x0126,0x0128,0x0128,0x0129,0x0128,0x012A,0x012A,0x012B,0x012A,0x012C,0x012C,0x012D,0x012C,0x012E,0x012E,
0x012F,0x012E,0x0132,0x0132,0x0133,0x0132,0x0134,0x0134,0x0135,0x0134,0x0136,0x0136,0x0137,0x0136,0x0139,0x0139,
0x013A,0x0139,0x013B,0x013B,0x013C,0x013B,0x013D,0x013D,0x013E,0x013D,0x013F,0x013F,0x0140,0x013F,0x0141,0x0141,
0x0142,0x0141,0x0143,0x0143,0x0144,0x0143,0x0145,0x0145,0x0146,0x0145,0x0147,0x0147,0x0148,0x0147,0x014A,0x014A,
0x014B,0x014A,0x014C,0x014C,0x014D,0x014C,0x014E,0x014E,0x014F,0x014E,0x0150,0x0150,0x0151,0x0150,0x0152,0x0152,
0x0153,0x0152,0x0154,0x0154,0x0155,0x0154,0x0156,0x0156,0x0157,0x0156,0x0158,0x0158,0x0159,0x0158,0x015A,0x015A,
0x015B,0x015A,0x015C,0x015C,0x015D,0x015C,0x015E,0x015E,0x015F,0x015E,0x0160,0x0160,0x0161,0x0160,0x0162,0x0162,
0x0163,0x0162,0x0164,0x0164,0x0165,0x0164,0x0166,0x0166,0x0167,0x0166,0x0168,0x0168,0x0169,0x0168,0x016A,0x016A,
0x016B,0x016A,0x016C,0x016C,0x016D,0x016C,0x016E,0x016E,0x016F,0x016E,0x0170,0x0170,0x0171,0x0170,0x0172,0x0172,
0x0173,0x0172,0x0174,0x0174,0x0175,0x0174,0x0176,0x0176,0x0177,0x0176,0x0178,0x00FF,0x0179,0x0179,0x017A,0x0179,
0x017B,0x017B,0x017C,0x017B,0x017D,0x017D,0x017E,0x017D,0x0180,0x0180,0x0181,0x0181,0x0182,0x0182,0x0183,0x0182,
0x0184,0x0184,0x0185,0x0184,0x0186,0x0186,0x0187,0x0187,0x0188,0x0187,0x0189,0x0189,0x018A,0x018A,0x018B,0x018B,
0x018C,0x018B,0x018E,0x018E,0x018F,0x018F,0x0190,0x0190,0x0191,0x0191,0x0192,0x0191,0x0193,0x0193,0x0194,0x0194,
0x0195,0x0195,0x0196,0x0196,0x0197,0x0197,0x0198,0x0198,0x0199,0x0198,0x019A,0x019A,0x019C,0x019C,0x019D,0x019D,
0x019E,0x019E,0x019F,0x019F,0x01A0,0x01A0,0x01A1,0x01A0,0x01A2,0x01A2,0x01A3,0x01A2,0x01A4,0x01A4,0x01A5,0x01A4,
0x01A6,0x01A6,0x01A7,0x01A7,0x01A8,0x01A7,0x01A9,0x01A9,0x01AB,0x01AB,0x01AC,0x01AC,0x01AD,0x01AC,0x01AE,0x01AE,
0x01AF,0x01AF,0x01B0,0x01AF,0x01B1,0x01B1,0x01B2,0x01B2,0x01B3,0x01B3,0x01B4,0x01B3,0x01B5,0x01B5,0x01B6,0x01B5,
0x01B7,0x01B7,0x01B8,0x01B8,0x01B9,0x01B8,0x01BB,0x0032,0x01BC,0x0035,0x01BD,0x0035,0x01BF,0x01BF,0x01C2,0x01C2,
0x01C4,0x01C4,0x01C5,0x01C4,0x01C6,0x01C4,0x01C7,0x01C7,0x01C8,0x01C7,0x01C9,0x01C7,0x01CA,0x01CA,0x01CB,0x01CA,
0x01CC,0x01CA,0x01CD,0x01CD,0x01CE,0x01CD,0x01CF,0x01CF,0x01D0,0x01CF,0x01D1,0x01D1,0x01D2,0x01D1,0x01D3,0x01D3,
0x01D4,0x01D3,0x01D5,0x01D5,0x01D6,0x01D5,0x01D7,0x01D7,0x01D8,0x01D7,0x01D9,0x01D9,0x01DA,0x01D9,0x01DB,0x01DB,
0x01DC,0x01DB,0x01DD,0x018E,0x01DE,0x01DE,0x01DF,0x01DE,0x01E0,0x01E0,0x01E1,0x01E0,0x01E2,0x01E2,0x01E3,0x01E2,
0x01E4,0x01E4,0x01E5,0x01E4,0x01E6,0x01E6,0x01E7,0x01E6,0x01E8,0x01E8,0x01E9,0x01E8,0x01EA,0x01EA,0x01EB,0x01EA,
0x01EC,0x01EC,0x01ED,0x01EC,0x01EE,0x01EE,0x01EF,0x01EE,0x01F1,0x01F1,0x01F2,0x01F1,0x01F3,0x01F1,0x01F4,0x01F4,
0x01F5,0x01F4,0x01F6,0x0195,0x01F7,0x01BF,0x01F8,0x01F8,0x01F9,0x01F8,0x01FA,0x01FA,0x01FB,0x01FA,0x01FC,0x01FC,
0x01FD,0x01FC,0x01FE,0x01FE,0x01FF,0x01FE,0x0200,0x0200,0x0201,0x0200,0x0202,0x0202,0x0203,0x0202,0x0204,0x0204,
0x0205,0x0204,0x0206,0x0206,0x0207,0x0206,0x0208,0x0208,0x0209,0x0208,0x020A,0x020A,0x020B,0x020A,0x020C,0x020C,
0x020D,0x020C,0x020E,0x020E,0x020F,0x020E,0x0210,0x0210,0x0211,0x0210,0x0212,0x0212,0x0213,0x0212,0x0214,0x0214,
0x0215,0x0214,0x0216,0x0216,0x0217,0x0216,0x0218,0x0218,0x0219,0x0218,0x021A,0x021A,0x021B,0x021A,0x021C,0x021C,
0x021D,0x021C,0x021E,0x021E,0x021F,0x021E,0x0220,0x019E,0x0222,0x0222,0x0223,0x0222,0x0224,0x0224,0x0225,0x0224,
0x0226,0x0226,0x0227,0x0226,0x0228,0x0228,0x0229,0x0228,0x022A,0x022A,0x022B,0x022A,0x022C,0x022C,0x022D,0x022C,
0x022E,0x022E,0x022F,0x022E,0x0230,0x0230,0x0231,0x0230,0x0232,0x0232,0x0233,0x0232,0x0238,0x0238,0x023A,0x023A,
0x023B,0x023B,0x023C,0x023B,0x023D,0x019A,0x023E,0x023E,0x023F,0x023F,0x0240,0x0240,0x0241,0x0241,0x0242,0x0241,
0x0243,0x0180,0x0244,0x0244,0x0245,0x0245,0x0246,0x0246,0x0247,0x0246,0x0248,0x0248,0x0249,0x0248,0x024A,0x024A,
0x024B,0x024A,0x024C,0x024C,0x024D,0x024C,0x024E,0x024E,0x024F,0x024E,0x0250,0x0250,0x0251,0x0251,0x0252,0x0252,
0x0253,0x0181,0x0254,0x0186,0x0255,0x0255,0x0256,0x0189,0x0257,0x018A,0x0259,0x018F,0x025B,0x0190,0x025C,0x025C,
0x025F,0x025F,0x0260,0x0193,0x0261,0x0261,0x0263,0x0194,0x0265,0x0265,0x0266,0x0266,0x0268,0x0197,0x0269,0x0196,
0x026A,0x026A,0x026B,0x026B,0x026D,0x026D,0x026F,0x019C,0x0270,0x0270,0x0271,0x0271,0x0272,0x019D,0x0273,0x0273,
0x0274,0x0274,0x0275,0x019F,0x0278,0x0278,0x0279,0x0279,0x027B,0x027B,0x027D,0x027D,0x0280,0x01A6,0x0281,0x0281,
0x0282,0x0282,0x0283,0x01A9,0x0288,0x01AE,0x0289,0x0244,0x028A,0x01B1,0x028B,0x01B2,0x028C,0x0245,0x0290,0x0290,
0x0291,0x0291,0x0292,0x01B7,0x0294,0x0241,0x029D,0x029D,0x029F,0x029F,0x02B0,0x0048,0x02B1,0x0266,0x02B2,0x004A,
0x02B3,0x0052,0x02B4,0x0279,0x02B5,0x027B,0x02B6,0x0281,0x02B7,0x0057,0x02B8,0x0059,0x02B9,0x02B9,0x02BA,0x02BA,
0x02BB,0x02BB,0x02BC,0x02BC,0x02BD,0x02BD,0x02C0,0x02C0,0x02C2,0x02C2,0x02C3,0x02C3,0x02C4,0x02C4,0x02C5,0x02C5,
0x02C6,0x005E,0x02CB,0x0060,0x02CC,0x02CC,0x02CD,0x02CD,0x02CE,0x02CE,0x02D0,0x02D0,0x02D4,0x02D4,0x02D5,0x02D5,
0x02D6,0x02D6,0x02D7,0x02D7,0x02DF,0x02DF,0x02E0,0x0194,0x02E1,0x004C,0x02E2,0x0053,0x02E3,0x0058,0x02EA,0x02EA,
0x02F2,0x02F2,0x02F3,0x02F3,0x02F4,0x02F4,0x02F5,0x02F5,0x02F6,0x02F6,0x02F7,0x02F7,0x02F8,0x02F8,0x02F9,0x02F9,
0x02FA,0x02FA,0x02FB,0x02FB,0x02FD,0x02FD,0x02FE,0x02FD,0x0300,0x0300,0x0301,0x02B9,0x0302,0x0302,0x0303,0x0303,
0x0304,0x0304,0x0306,0x0306,0x0307,0x0307,0x0308,0x0308,0x0309,0x02C0,0x030A,0x030A,0x030B,0x030B,0x030C,0x030C,
0x030D,0x030D,0x0311,0x0311,0x0312,0x02BB,0x0313,0x02BC,0x0314,0x02BD,0x031D,0x02D4,0x031E,0x02D5,0x031F,0x02D6,
0x0320,0x02D7,0x0321,0x0321,0x0322,0x0322,0x0323,0x0323,0x0324,0x0324,0x0325,0x0325,0x0326,0x0326,0x0327,0x0327,
0x0328,0x02BA,0x0329,0x02CC,0x032A,0x032A,0x032B,0x032B,0x032C,0x032C,0x032D,0x032D,0x032E,0x032E,0x032F,0x032F,
0x0330,0x0330,0x0331,0x02CD,0x0333,0x0333,0x0334,0x0334,0x0335,0x0335,0x0336,0x0335,0x0337,0x0337,0x0338,0x0338,
0x0339,0x0339,0x033A,0x033A,0x033B,0x033B,0x033C,0x033C,0x033D,0x033D,0x033E,0x033E,0x033F,0x033F,0x0340,0x0300,
0x0341,0x02B9,0x0342,0x0342,0x0343,0x02BC,0x0344,0x0337,0x0345,0x0345,0x0349,0x032B,0x034A,0x032C,0x034B,0x032D,
0x034C,0x032E,0x034D,0x032F,0x034E,0x0330,0x034F,0x00AD,0x0350,0x0321,0x0351,0x0322,0x0352,0x0323,0x0353,0x0324,
0x0354,0x0325,0x0355,0x0326,0x0356,0x02CC,0x0357,0x032A,0x0358,0x0338,0x0359,0x0359,0x035A,0x035A,0x035B,0x035B,
0x035C,0x035C,0x035E,0x0304,0x035F,0x0304,0x0360,0x0303,0x0361,0x0311,0x0362,0x0362,0x0363,0x0363,0x0370,0x0370,
0x0371,0x0370,0x0372,0x0372,0x0373,0x0372,0x0374,0x02B9,0x0376,0x0376,0x0377,0x0376,0x0378,0x00AD,0x0379,0x00AD,
0x037B,0x037B,0x037C,0x037C,0x037D,0x037D,0x037E,0x003B,0x037F,0x00AD,0x0380,0x00AD,0x0381,0x00AD,0x0382,0x00AD,
0x0383,0x00AD,0x0385,0x0385,0x0386,0x0386,0x0387,0x00B7,0x0388,0x0388,0x0389,0x0389,0x038A,0x038A,0x038B,0x00AD,
0x038C,0x038C,0x038D,0x00AD,0x038E,0x038E,0x038F,0x038F,0x0390,0x0390,0x0391,0x0391,0x0392,0x0392,0x0393,0x0393,
0x0394,0x0394,0x0395,0x0395,0x0396,0x0396,0x0397,0x0397,0x0398,0x0398,0x0399,0x0399,0x039A,0x039A,0x039B,0x039B,
0x039C,0x039C,0x039D,0x039D,0x039E,0x039E,0x039F,0x039F,0x03A0,0x03A0,0x03A1,0x03A1,0x03A2,0x00AD,0x03A3,0x03A3,
0x03A4,0x03A4,0x03A5,0x03A5,0x03A6,0x03A6,0x03A7,0x03A7,0x03A8,0x03A8,0x03A9,0x03A9,0x03AA,0x03AA,0x03AB,0x03AB,
0x03AC,0x0386,0x03AD,0x0388,0x03AE,0x0389,0x03AF,0x038A,0x03B0,0x03B0,0x03B1,0x0391,0x03B2,0x0392,0x03B3,0x0393,
0x03B4,0x0394,0x03B5,0x0395,0x03B6,0x0396,0x03B7,0x0397,0x03B8,0x0398,0x03B9,0x0399,0x03BA,0x039A,0x03BB,0x039B,
0x03BC,0x039C,0x03BD,0x039D,0x03BE,0x039E,0x03BF,0x039F,0x03C0,0x03A0,0x03C1,0x03A1,0x03C2,0x03A3,0x03C3,0x03A3,
0x03C4,0x03A4,0x03C5,0x03A5,0x03C6,0x03A6,0x03C7,0x03A7,0x03C8,0x03A8,0x03C9,0x03A9,0x03CA,0x03AA,0x03CB,0x03AB,
0x03CC,0x038C,0x03CD,0x038E,0x03CE,0x038F,0x03CF,0x03CF,0x03D1,0x03D1,0x03D7,0x03CF,0x03D8,0x03D8,0x03D9,0x03D8,
0x03DA,0x03DA,0x03DB,0x03DA,0x03DC,0x03DC,0x03DD,0x03DC,0x03DE,0x03DE,0x03DF,0x03DE,0x03E0,0x03E0,0x03E1,0x03E0,
0x03E2,0x03E2,0x03E3,0x03E2,0x03E4,0x03E4,0x03E5,0x03E4,0x03E6,0x03E6,0x03E7,0x03E6,0x03E8,0x03E8,0x03E9,0x03E8,
0x03EA,0x03EA,0x03EB,0x03EA,0x03EC,0x03EC,0x03ED,0x03EC,0x03EE,0x03EE,0x03EF,0x03EE,0x03F2,0x03F2,0x03F3,0x0376,
0x03F4,0x03D1,0x03F5,0x0395,0x03F7,0x03F7,0x03F8,0x03F7,0x03F9,0x03F2,0x03FA,0x03FA,0x03FB,0x03FA,0x03FD,0x037B,
0x03FE,0x037C,0x03FF,0x037D,0x0400,0x0400,0x0401,0x0401,0x0402,0x0402,0x0403,0x0403,0x0404,0x0404,0x0405,0x0405,
0x0406,0x0406,0x0407,0x0407,0x0408,0x0408,0x0409,0x0409,0x040A,0x040A,0x040B,0x040B,0x040C,0x040C,0x040D,0x040D,
0x040E,0x040E,0x040F,0x040F,0x0410,0x0410,0x0411,0x0411,0x0412,0x0412,0x0413,0x0413,0x0414,0x0414,0x0415,0x0415,
0x0416,0x0416,0x0417,0x0417,0x0418,0x0418,0x0419,0x0419,0x041A,0x041A,0x041B,0x041B,0x041C,0x041C,0x041D,0x041D,
0x041E,0x041E,0x041F,0x041F,0x0420,0x0420,0x0421,0x0421,0x0422,0x0422,0x0423,0x0423,0x0424,0x0424,0x0425,0x0425,
0x0426,0x0426,0x0427,0x0427,0x0428,0x0428,0x0429,0x0429,0x042A,0x042A,0x042B,0x042B,0x042C,0x042C,0x042D,0x042D,
0x042E,0x042E,0x042F,0x042F,0x0430,0x0410,0x0431,0x0411,0x0432,0x0412,0x0433,0x0413,0x0434,0x0414,0x0435,0x0415,
0x0436,0x0416,0x0437,0x0417,0x0438,0x0418,0x0439,0x0419,0x043A,0x041A,0x043B,0x041B,0x043C,0x041C,0x043D,0x041D,
0x043E,0x041E,0x043F,0x041F,0x0440,0x0420,0x0441,0x0421,0x0442,0x0422,0x0443,0x0423,0x0444,0x0424,0x0445,0x0425,
0x0446,0x0426,0x0447,0x0427,0x0448,0x0428,0x0449,0x0429,0x044A,0x042A,0x044B,0x042B,0x044C,0x042C,0x044D,0x042D,
0x044E,0x042E,0x044F,0x042F,0x0450,0x0400,0x0451,0x0401,0x0452,0x0402,0x0453,0x0403,0x0454,0x0404,0x0455,0x0405,
0x0456,0x0406,0x0457,0x0407,0x0458,0x0408,0x0459,0x0409,0x045A,0x040A,0x045B,0x040B,0x045C,0x040C,0x045D,0x040D,
0x045E,0x040E,0x045F,0x040F,0x0460,0x0460,0x0461,0x0460,0x0462,0x0462,0x0463,0x0462,0x0464,0x0464,0x0465,0x0464,
0x0466,0x0466,0x0467,0x0466,0x0468,0x0468,0x0469,0x0468,0x046A,0x046A,0x046B,0x046A,0x046C,0x046C,0x046D,0x046C,
0x046E,0x046E,0x046F,0x046E,0x0470,0x0470,0x0471,0x0470,0x0472,0x0472,0x0473,0x0472,0x0474,0x0474,0x0475,0x0474,
0x0476,0x0476,0x0477,0x0476,0x0478,0x0478,0x0479,0x0478,0x047A,0x047A,0x047B,0x047A,0x047C,0x047C,0x047D,0x047C,
0x047E,0x047E,0x047F,0x047E,0x0480,0x0480,0x0481,0x0480,0x0483,0x0483,0x0484,0x0484,0x0485,0x0485,0x0486,0x0486,
0x0487,0x0487,0x048A,0x048A,0x048B,0x048A,0x048C,0x048C,0x048D,0x048C,0x048E,0x048E,0x048F,0x048E,0x0490,0x0490,
0x0491,0x0490,0x0492,0x0492,0x0493,0x0492,0x0494,0x0494,0x0495,0x0494,0x0496,0x0496,0x0497,0x0496,0x0498,0x0498,
0x0499,0x0498,0x049A,0x049A,0x049B,0x049A,0x049C,0x049C,0x049D,0x049C,0x049E,0x049E,0x049F,0x049E,0x04A0,0x04A0,
0x04A1,0x04A0,0x04A2,0x04A2,0x04A3,0x04A2,0x04A4,0x04A4,0x04A5,0x04A4,0x04A6,0x04A6,0x04A7,0x04A6,0x04A8,0x04A8,
0x04A9,0x04A8,0x04AA,0x04AA,0x04AB,0x04AA,0x04AC,0x04AC,0x04AD,0x04AC,0x04AE,0x04AE,0x04AF,0x04AE,0x04B0,0x04B0,
0x04B1,0x04B0,0x04B2,0x04B2,0x04B3,0x04B2,0x04B4,0x04B4,0x04B5,0x04B4,0x04B6,0x04B6,0x04B7,0x04B6,0x04B8,0x04B8,
0x04B9,0x04B8,0x04BA,0x04BA,0x04BB,0x04BA,0x04BC,0x04BC,0x04BD,0x04BC,0x04BE,0x04BE,0x04BF,0x04BE,0x04C0,0x04C0,
0x04C1,0x04C1,0x04C2,0x04C1,0x04C3,0x04C3,0x04C4,0x04C3,0x04C5,0x04C5,0x04C6,0x04C5,0x04C7,0x04C7,0x04C8,0x04C7,
0x04C9,0x04C9,0x04CA,0x04C9,0x04CB,0x04CB,0x04CC,0x04CB,0x04CD,0x04CD,0x04CE,0x04CD,0x04CF,0x04C0,0x04D0,0x04D0,
0x04D1,0x04D0,0x04D2,0x04D2,0x04D3,0x04D2,0x04D4,0x04D4,0x04D5,0x04D4,0x04D6,0x04D6,0x04D7,0x04D6,0x04D8,0x04D8,
0x04D9,0x04D8,0x04DA,0x04DA,0x04DB,0x04DA,0x04DC,0x04DC,0x04DD,0x04DC,0x04DE,0x04DE,0x04DF,0x04DE,0x04E0,0x04E0,
0x04E1,0x04E0,0x04E2,0x04E2,0x04E3,0x04E2,0x04E4,0x04E4,0x04E5,0x04E4,0x04E6,0x04E6,0x04E7,0x04E6,0x04E8,0x04E8,
0x04E9,0x04E8,0x04EA,0x04EA,0x04EB,0x04EA,0x04EC,0x04EC,0x04ED,0x04EC,0x04EE,0x04EE,0x04EF,0x04EE,0x04F0,0x04F0,
0x04F1,0x04F0,0x04F2,0x04F2,0x04F3,0x04F2,0x04F4,0x04F4,0x04F5,0x04F4,0x04F6,0x04F6,0x04F7,0x04F6,0x04F8,0x04F8,
0x04F9,0x04F8,0x04FA,0x04FA,0x04FB,0x04FA,0x04FC,0x04FC,0x04FD,0x04FC,0x04FE,0x04FE,0x04FF,0x04FE,0x0500,0x0500,
0x0501,0x0500,0x0502,0x0502,0x0503,0x0502,0x0504,0x0504,0x0505,0x0504,0x0506,0x0506,0x0507,0x0506,0x0508,0x0508,
0x0509,0x0508,0x050A,0x050A,0x050B,0x050A,0x050C,0x050C,0x050D,0x050C,0x050E,0x050E,0x050F,0x050E,0x0510,0x0510,
0x0511,0x0510,0x0512,0x0512,0x0513,0x0512,0x0514,0x0514,0x0515,0x0514,0x0516,0x0516,0x0517,0x0516,0x0518,0x0518,
0x0519,0x0518,0x051A,0x051A,0x051B,0x051A,0x051C,0x051C,0x051D,0x051C,0x051E,0x051E,0x051F,0x051E,0x0520,0x0520,
0x0521,0x0520,0x0522,0x0522,0x0523,0x0522,0x0524,0x00AD,0x0525,0x00AD,0x0526,0x0526,0x0527,0x0526,0x0528,0x00AD,
0x0529,0x00AD,0x052A,0x00AD,0x052B,0x00AD,0x052C,0x00AD,0x052D,0x00AD,0x052E,0x00AD,0x052F,0x00AD,0x0530,0x00AD,
0x0531,0x0531,0x0532,0x0532,0x0533,0x0533,0x0534,0x0534,0x0535,0x0535,0x0536,0x0536,0x0537,0x0537,0x0538,0x0538,
0x0539,0x0539,0x053A,0x053A,0x053B,0x053B,0x053C,0x053C,0x053D,0x053D,0x053E,0x053E,0x053F,0x053F,0x0540,0x0540,
0x0541,0x0541,0x0542,0x0542,0x0543,0x0543,0x0544,0x0544,0x0545,0x0545,0x0546,0x0546,0x0547,0x0547,0x0548,0x0548,
0x0549,0x0549,0x054A,0x054A,0x054B,0x054B,0x054C,0x054C,0x054D,0x054D,0x054E,0x054E,0x054F,0x054F,0x0550,0x0550,
0x0551,0x0551,0x0552,0x0552,0x0553,0x0553,0x0554,0x0554,0x0555,0x0555,0x0556,0x0556,0x0557,0x00AD,0x0558,0x00AD,
0x0559,0x0487,0x055A,0x055A,0x055C,0x055C,0x055E,0x055E,0x0560,0x00AD,0x0561,0x0531,0x0562,0x0532,0x0563,0x0533,
0x0564,0x0534,0x0565,0x0535,0x0566,0x0536,0x0567,0x0537,0x0568,0x0538,0x0569,0x0539,0x056A,0x053A,0x056B,0x053B,
0x056C,0x053C,0x056D,0x053D,0x056E,0x053E,0x056F,0x053F,0x0570,0x0540,0x0571,0x0541,0x0572,0x0542,0x0573,0x0543,
0x0574,0x0544,0x0575,0x0545,0x0576,0x0546,0x0577,0x0547,0x0578,0x0548,0x0579,0x0549,0x057A,0x054A,0x057B,0x054B,
0x057C,0x054C,0x057D,0x054D,0x057E,0x054E,0x057F,0x054F,0x0580,0x0550,0x0581,0x0551,0x0582,0x0552,0x0583,0x0553,
0x0584,0x0554,0x0585,0x0555,0x0586,0x0556,0x0588,0x00AD,0x058B,0x00AD,0x058C,0x00AD,0x058D,0x00AD,0x058E,0x00AD,
0x058F,0x00AD,0x0590,0x00AD,0x0591,0x0591,0x0592,0x0592,0x0593,0x0593,0x0594,0x0594,0x0595,0x0595,0x0596,0x0596,
0x0597,0x0597,0x0598,0x0598,0x0599,0x02B9,0x059A,0x0300,0x059B,0x0307,0x059C,0x059C,0x059D,0x0302,0x059E,0x0308,
0x059F,0x030C,0x05A0,0x0306,0x05A1,0x0304,0x05A2,0x030D,0x05A4,0x0303,0x05A5,0x030A,0x05A6,0x02BA,0x05A7,0x0327,
0x05A8,0x030B,0x05A9,0x0335,0x05AA,0x0337,0x05AB,0x0338,0x05AC,0x0359,0x05AD,0x035A,0x05AE,0x035B,0x05AF,0x05AF,
0x05B2,0x05B2,0x05B3,0x05B3,0x05B4,0x0362,0x05B5,0x035C,0x05B6,0x05B6,0x05B7,0x05B7,0x05B8,0x05B8,0x05B9,0x05B9,
0x05BA,0x05B9,0x05C0,0x05C0,0x05C2,0x02DF,0x05C4,0x035B,0x05C5,0x02EA,0x05C6,0x05C6,0x05C7,0x05B8,0x05C8,0x00AD,
0x05C9,0x00AD,0x05CA,0x00AD,0x05CB,0x00AD,0x05CC,0x00AD,0x05CD,0x00AD,0x05CE,0x00AD,0x05CF,0x00AD,0x05DA,0x05DA,
0x05DB,0x05DA,0x05DD,0x05DD,0x05DE,0x05DD,0x05DF,0x05DF,0x05E0,0x05DF,0x05E3,0x05E3,0x05E4,0x05E3,0x05E5,0x05E5,
0x05E6,0x05E5,0x05EB,0x00AD,0x05EC,0x00AD,0x05ED,0x00AD,0x05EE,0x00AD,0x05EF,0x00AD,0x05F5,0x00AD,0x05F6,0x00AD,
0x05F7,0x00AD,0x05F8,0x00AD,0x05F9,0x00AD,0x05FA,0x00AD,0x05FB,0x00AD,0x05FC,0x00AD,0x05FD,0x00AD,0x05FE,0x00AD,
0x05FF,0x00AD,0x0604,0x00AD,0x0605,0x00AD,0x060B,0x060B,0x0610,0x0610,0x0611,0x0611,0x0612,0x0612,0x0613,0x0613,
0x0614,0x0614,0x0616,0x0616,0x0617,0x0617,0x0618,0x0618,0x0619,0x0619,0x061A,0x061A,0x061C,0x00AD,0x061D,0x00AD,
0x061E,0x0023,0x0621,0x0621,0x0622,0x0622,0x0623,0x0623,0x0624,0x0624,0x0625,0x0625,0x0626,0x0626,0x0627,0x0627,
0x0628,0x0628,0x0629,0x0629,0x062A,0x062A,0x062B,0x062B,0x062C,0x062C,0x062D,0x062D,0x062E,0x062E,0x062F,0x062F,
0x0630,0x0630,0x0631,0x0631,0x0632,0x0632,0x0633,0x0633,0x0634,0x0634,0x0635,0x0635,0x0636,0x0636,0x0637,0x0637,
0x0638,0x0638,0x0639,0x0639,0x063A,0x063A,0x0640,0x00AD,0x0641,0x0641,0x0642,0x0642,0x0643,0x0643,0x0644,0x0644,
0x0645,0x0645,0x0646,0x0646,0x0647,0x0647,0x0648,0x0648,0x0649,0x0649,0x064A,0x064A,0x064B,0x064B,0x064C,0x064C,
0x064D,0x064D,0x064E,0x064E,0x064F,0x064F,0x0650,0x0650,0x0651,0x0651,0x0652,0x0652,0x0656,0x0656,0x0657,0x0657,
0x0659,0x0659,0x065A,0x065A,0x065B,0x065B,0x065C,0x065C,0x0670,0x0670,0x0671,0x0671,0x0677,0x0677,0x0679,0x0679,
0x067A,0x067A,0x067B,0x067B,0x067E,0x067E,0x067F,0x067F,0x0680,0x0680,0x0683,0x0683,0x0684,0x0684,0x0686,0x0686,
0x0687,0x0687,0x0688,0x0688,0x068C,0x068C,0x068D,0x068D,0x068E,0x068E,0x0691,0x0691,0x0698,0x0698,0x06A4,0x06A4,
0x06A6,0x06A6,0x06A9,0x06A9,0x06AD,0x06AD,0x06AF,0x06AF,0x06B1,0x06B1,0x06B3,0x06B3,0x06BA,0x06BA,0x06BB,0x06BB,
0x06BE,0x06BE,0x06C0,0x06C0,0x06C1,0x06C1,0x06C2,0x06C2,0x06C5,0x06C5,0x06C6,0x06C6,0x06C7,0x06C7,0x06C8,0x06C8,
0x06C9,0x06C9,0x06CB,0x06CB,0x06CC,0x06CC,0x06D0,0x06D0,0x06D2,0x06D2,0x06D3,0x06D3,0x06D6,0x06D6,0x06DB,0x06DB,
0x06DF,0x06DF,0x06E0,0x06DF,0x06E5,0x06E5,0x06EC,0x06EC,0x0700,0x0700,0x0701,0x0701,0x0702,0x0702,0x0703,0x0703,
0x0704,0x0704,0x0705,0x0705,0x0706,0x0706,0x0707,0x0707,0x0708,0x0708,0x0709,0x0709,0x070A,0x070A,0x070B,0x070B,
0x070C,0x070C,0x070D,0x070D,0x070E,0x00AD,0x070F,0x070F,0x0711,0x0711,0x0732,0x0483,0x0735,0x0484,0x0738,0x0485,
0x0739,0x0486,0x073C,0x0487,0x073F,0x055A,0x0740,0x0342,0x0741,0x0741,0x0742,0x0742,0x0743,0x0743,0x0746,0x0746,
0x0747,0x0345,0x074B,0x00AD,0x074C,0x00AD,0x07B2,0x00AD,0x07B3,0x00AD,0x07B4,0x00AD,0x07B5,0x00AD,0x07B6,0x00AD,
0x07B7,0x00AD,0x07B8,0x00AD,0x07B9,0x00AD,0x07BA,0x00AD,0x07BB,0x00AD,0x07BC,0x00AD,0x07BD,0x00AD,0x07BE,0x00AD,
0x07BF,0x00AD,0x07EB,0x0597,0x07EC,0x0598,0x07ED,0x02B9,0x07EE,0x0300,0x07EF,0x0307,0x07F0,0x059C,0x07F1,0x0302,
0x07F2,0x0308,0x07F3,0x0306,0x07FB,0x00AD,0x07FC,0x00AD,0x07FD,0x00AD,0x07FE,0x00AD,0x07FF,0x00AD,0x0818,0x0818,
0x0819,0x0819,0x081C,0x0322,0x081D,0x0323,0x081E,0x0324,0x081F,0x0325,0x0820,0x0326,0x0821,0x0333,0x0822,0x0334,
0x0823,0x0339,0x0824,0x033A,0x0825,0x033B,0x0826,0x033C,0x0827,0x033D,0x0828,0x033E,0x0829,0x033F,0x082C,0x082C,
0x082E,0x00AD,0x082F,0x00AD,0x083F,0x00AD,0x0859,0x0746,0x085A,0x0746,0x085B,0x0746,0x085C,0x00AD,0x085D,0x00AD,
0x085F,0x00AD,0x0860,0x00AD,0x0861,0x00AD,0x0862,0x00AD,0x0863,0x00AD,0x0864,0x00AD,0x0865,0x00AD,0x0866,0x00AD,
0x0867,0x00AD,0x0868,0x00AD,0x0869,0x00AD,0x086A,0x00AD,0x086B,0x00AD,0x086C,0x00AD,0x086D,0x00AD,0x086E,0x00AD,
0x086F,0x00AD,0x0870,0x00AD,0x0871,0x00AD,0x0872,0x00AD,0x0873,0x00AD,0x0874,0x00AD,0x0875,0x00AD,0x0876,0x00AD,
0x0877,0x00AD,0x0878,0x00AD,0x0879,0x00AD,0x087A,0x00AD,0x087B,0x00AD,0x087C,0x00AD,0x087D,0x00AD,0x087E,0x00AD,
0x087F,0x00AD,0x0880,0x00AD,0x0881,0x00AD,0x0882,0x00AD,0x0883,0x00AD,0x0884,0x00AD,0x0885,0x00AD,0x0886,0x00AD,
0x0887,0x00AD,0x0888,0x00AD,0x0889,0x00AD,0x088A,0x00AD,0x088B,0x00AD,0x088C,0x00AD,0x088D,0x00AD,0x088E,0x00AD,
0x088F,0x00AD,0x0890,0x00AD,0x0891,0x00AD,0x0892,0x00AD,0x0893,0x00AD,0x0894,0x00AD,0x0895,0x00AD,0x0896,0x00AD,
0x0897,0x00AD,0x0898,0x00AD,0x0899,0x00AD,0x089A,0x00AD,0x089B,0x00AD,0x089C,0x00AD,0x089D,0x00AD,0x089E,0x00AD,
0x089F,0x00AD,0x08A0,0x00AD,0x08A1,0x00AD,0x08A2,0x00AD,0x08A3,0x00AD,0x08A4,0x00AD,0x08A5,0x00AD,0x08A6,0x00AD,
0x08A7,0x00AD,0x08A8,0x00AD,0x08A9,0x00AD,0x08AA,0x00AD,0x08AB,0x00AD,0x08AC,0x00AD,0x08AD,0x00AD,0x08AE,0x00AD,
0x08AF,0x00AD,0x08B0,0x00AD,0x08B1,0x00AD,0x08B2,0x00AD,0x08B3,0x00AD,0x08B4,0x00AD,0x08B5,0x00AD,0x08B6,0x00AD,
0x08B7,0x00AD,0x08B8,0x00AD,0x08B9,0x00AD,0x08BA,0x00AD,0x08BB,0x00AD,0x08BC,0x00AD,0x08BD,0x00AD,0x08BE,0x00AD,
0x08BF,0x00AD,0x08C0,0x00AD,0x08C1,0x00AD,0x08C2,0x00AD,0x08C3,0x00AD,0x08C4,0x00AD,0x08C5,0x00AD,0x08C6,0x00AD,
0x08C7,0x00AD,0x08C8,0x00AD,0x08C9,0x00AD,0x08CA,0x00AD,0x08CB,0x00AD,0x08CC,0x00AD,0x08CD,0x00AD,0x08CE,0x00AD,
0x08CF,0x00AD,0x08D0,0x00AD,0x08D1,0x00AD,0x08D2,0x00AD,0x08D3,0x00AD,0x08D4,0x00AD,0x08D5,0x00AD,0x08D6,0x00AD,
0x08D7,0x00AD,0x08D8,0x00AD,0x08D9,0x00AD,0x08DA,0x00AD,0x08DB,0x00AD,0x08DC,0x00AD,0x08DD,0x00AD,0x08DE,0x00AD,
0x08DF,0x00AD,0x08E0,0x00AD,0x08E1,0x00AD,0x08E2,0x00AD,0x08E3,0x00AD,0x08E4,0x00AD,0x08E5,0x00AD,0x08E6,0x00AD,
0x08E7,0x00AD,0x08E8,0x00AD,0x08E9,0x00AD,0x08EA,0x00AD,0x08EB,0x00AD,0x08EC,0x00AD,0x08ED,0x00AD,0x08EE,0x00AD,
0x08EF,0x00AD,0x08F0,0x00AD,0x08F1,0x00AD,0x08F2,0x00AD,0x08F3,0x00AD,0x08F4,0x00AD,0x08F5,0x00AD,0x08F6,0x00AD,
0x08F7,0x00AD,0x08F8,0x00AD,0x08F9,0x00AD,0x08FA,0x00AD,0x08FB,0x00AD,0x08FC,0x00AD,0x08FD,0x00AD,0x08FE,0x00AD,
0x08FF,0x00AD,0x0900,0x00AD,0x0902,0x0902,0x0903,0x0903,0x093C,0x0593,0x0950,0x0950,0x0951,0x0597,0x0952,0x02B9,
0x0953,0x0307,0x0954,0x0302,0x0964,0x0964,0x0965,0x0965,0x0970,0x0970,0x0971,0x0594,0x0978,0x00AD,0x0980,0x00AD,
0x0984,0x00AD,0x098D,0x00AD,0x098E,0x00AD,0x0991,0x00AD,0x0992,0x00AD,0x09A9,0x00AD,0x09B1,0x00AD,0x09B3,0x00AD,
0x09B4,0x00AD,0x09B5,0x00AD,0x09BA,0x00AD,0x09BB,0x00AD,0x09BC,0x0591,0x09C5,0x00AD,0x09C6,0x00AD,0x09C9,0x00AD,
0x09CA,0x00AD,0x09CF,0x00AD,0x09D0,0x00AD,0x09D1,0x00AD,0x09D2,0x00AD,0x09D3,0x00AD,0x09D4,0x00AD,0x09D5,0x00AD,
0x09D6,0x00AD,0x09D8,0x00AD,0x09D9,0x00AD,0x09DA,0x00AD,0x09DB,0x00AD,0x09DE,0x00AD,0x09E4,0x00AD,0x09E5,0x00AD,
0x09F2,0x09F2,0x09F3,0x09F3,0x09FB,0x00AD,0x09FC,0x00AD,0x09FD,0x00AD,0x09FE,0x00AD,0x09FF,0x00AD,0x0A00,0x00AD,
0x0A01,0x0597,0x0A02,0x0597,0x0A04,0x00AD,0x0A0B,0x00AD,0x0A0C,0x00AD,0x0A0D,0x00AD,0x0A0E,0x00AD,0x0A11,0x00AD,
0x0A12,0x00AD,0x0A29,0x00AD,0x0A31,0x00AD,0x0A34,0x00AD,0x0A37,0x00AD,0x0A3A,0x00AD,0x0A3B,0x00AD,0x0A3C,0x0591,
0x0A3D,0x00AD,0x0A43,0x00AD,0x0A44,0x00AD,0x0A45,0x00AD,0x0A46,0x00AD,0x0A49,0x00AD,0x0A4A,0x00AD,0x0A4E,0x00AD,
0x0A4F,0x00AD,0x0A50,0x00AD,0x0A52,0x00AD,0x0A53,0x00AD,0x0A54,0x00AD,0x0A55,0x00AD,0x0A56,0x00AD,0x0A57,0x00AD,
0x0A58,0x00AD,0x0A5D,0x00AD,0x0A5F,0x00AD,0x0A60,0x00AD,0x0A61,0x00AD,0x0A62,0x00AD,0x0A63,0x00AD,0x0A64,0x00AD,
0x0A65,0x00AD,0x0A70,0x0307,0x0A71,0x0593,0x0A76,0x00AD,0x0A77,0x00AD,0x0A78,0x00AD,0x0A79,0x00AD,0x0A7A,0x00AD,
0x0A7B,0x00AD,0x0A7C,0x00AD,0x0A7D,0x00AD,0x0A7E,0x00AD,0x0A7F,0x00AD,0x0A80,0x00AD,0x0A84,0x00AD,0x0A8E,0x00AD,
0x0A92,0x00AD,0x0AA9,0x00AD,0x0AB1,0x00AD,0x0AB4,0x00AD,0x0ABA,0x00AD,0x0ABB,0x00AD,0x0ABC,0x0598,0x0AC6,0x00AD,
0x0ACA,0x00AD,0x0ACE,0x00AD,0x0ACF,0x00AD,0x0AD1,0x00AD,0x0AD2,0x00AD,0x0AD3,0x00AD,0x0AD4,0x00AD,0x0AD5,0x00AD,
0x0AD6,0x00AD,0x0AD7,0x00AD,0x0AD8,0x00AD,0x0AD9,0x00AD,0x0ADA,0x00AD,0x0ADB,0x00AD,0x0ADC,0x00AD,0x0ADD,0x00AD,
0x0ADE,0x00AD,0x0ADF,0x00AD,0x0AE4,0x00AD,0x0AE5,0x00AD,0x0AF0,0x00AD,0x0AF1,0x0AF1,0x0AF2,0x00AD,0x0AF3,0x00AD,
0x0AF4,0x00AD,0x0AF5,0x00AD,0x0AF6,0x00AD,0x0AF7,0x00AD,0x0AF8,0x00AD,0x0AF9,0x00AD,0x0AFA,0x00AD,0x0AFB,0x00AD,
0x0AFC,0x00AD,0x0AFD,0x00AD,0x0AFE,0x00AD,0x0AFF,0x00AD,0x0B00,0x00AD,0x0B04,0x00AD,0x0B0D,0x00AD,0x0B0E,0x00AD,
0x0B11,0x00AD,0x0B12,0x00AD,0x0B29,0x00AD,0x0B31,0x00AD,0x0B34,0x00AD,0x0B3A,0x00AD,0x0B3B,0x00AD,0x0B3C,0x0591,
0x0B45,0x00AD,0x0B46,0x00AD,0x0B49,0x00AD,0x0B4A,0x00AD,0x0B4E,0x00AD,0x0B4F,0x00AD,0x0B50,0x00AD,0x0B51,0x00AD,
0x0B52,0x00AD,0x0B53,0x00AD,0x0B54,0x00AD,0x0B55,0x00AD,0x0B58,0x00AD,0x0B59,0x00AD,0x0B5A,0x00AD,0x0B5B,0x00AD,
0x0B5E,0x00AD,0x0B64,0x00AD,0x0B65,0x00AD,0x0B70,0x030D,0x0B78,0x00AD,0x0B79,0x00AD,0x0B7A,0x00AD,0x0B7B,0x00AD,
0x0B7C,0x00AD,0x0B7D,0x00AD,0x0B7E,0x00AD,0x0B7F,0x00AD,0x0B80,0x00AD,0x0B81,0x00AD,0x0B84,0x00AD,0x0B8B,0x00AD,
0x0B8C,0x00AD,0x0B8D,0x00AD,0x0B91,0x00AD,0x0B96,0x00AD,0x0B97,0x00AD,0x0B98,0x00AD,0x0B9B,0x00AD,0x0B9D,0x00AD,
0x0BA0,0x00AD,0x0BA1,0x00AD,0x0BA2,0x00AD,0x0BA5,0x00AD,0x0BA6,0x00AD,0x0BA7,0x00AD,0x0BAB,0x00AD,0x0BAC,0x00AD,
0x0BAD,0x00AD,0x0BBA,0x00AD,0x0BBB,0x00AD,0x0BBC,0x00AD,0x0BBD,0x00AD,0x0BC3,0x00AD,0x0BC4,0x00AD,0x0BC5,0x00AD,
0x0BC9,0x00AD,0x0BCE,0x00AD,0x0BCF,0x00AD,0x0BD1,0x00AD,0x0BD2,0x00AD,0x0BD3,0x00AD,0x0BD4,0x00AD,0x0BD5,0x00AD,
0x0BD6,0x00AD,0x0BD8,0x00AD,0x0BD9,0x00AD,0x0BDA,0x00AD,0x0BDB,0x00AD,0x0BDC,0x00AD,0x0BDD,0x00AD,0x0BDE,0x00AD,
0x0BDF,0x00AD,0x0BE0,0x00AD,0x0BE1,0x00AD,0x0BE2,0x00AD,0x0BE3,0x00AD,0x0BE4,0x00AD,0x0BE5,0x00AD,0x0BF9,0x0BF9,
0x0BFB,0x00AD,0x0BFC,0x00AD,0x0BFD,0x00AD,0x0BFE,0x00AD,0x0BFF,0x00AD,0x0C00,0x00AD,0x0C04,0x00AD,0x0C0D,0x00AD,
0x0C11,0x00AD,0x0C29,0x00AD,0x0C34,0x00AD,0x0C3A,0x00AD,0x0C3B,0x00AD,0x0C3C,0x00AD,0x0C45,0x00AD,0x0C49,0x00AD,
0x0C4E,0x00AD,0x0C4F,0x00AD,0x0C50,0x00AD,0x0C51,0x00AD,0x0C52,0x00AD,0x0C53,0x00AD,0x0C54,0x00AD,0x0C55,0x0300,
0x0C56,0x0307,0x0C57,0x00AD,0x0C5A,0x00AD,0x0C5B,0x00AD,0x0C5C,0x00AD,0x0C5D,0x00AD,0x0C5E,0x00AD,0x0C5F,0x00AD,
0x0C64,0x00AD,0x0C65,0x00AD,0x0C70,0x00AD,0x0C71,0x00AD,0x0C72,0x00AD,0x0C73,0x00AD,0x0C74,0x00AD,0x0C75,0x00AD,
0x0C76,0x00AD,0x0C77,0x00AD,0x0C80,0x00AD,0x0C81,0x00AD,0x0C84,0x00AD,0x0C8D,0x00AD,0x0C91,0x00AD,0x0CA9,0x00AD,
0x0CB4,0x00AD,0x0CBA,0x00AD,0x0CBB,0x00AD,0x0CBC,0x0591,0x0CC5,0x00AD,0x0CC9,0x00AD,0x0CCE,0x00AD,0x0CCF,0x00AD,
0x0CD0,0x00AD,0x0CD1,0x00AD,0x0CD2,0x00AD,0x0CD3,0x00AD,0x0CD4,0x00AD,0x0CD5,0x0591,0x0CD6,0x0592,0x0CD7,0x00AD,
0x0CD8,0x00AD,0x0CD9,0x00AD,0x0CDA,0x00AD,0x0CDB,0x00AD,0x0CDC,0x00AD,0x0CDD,0x00AD,0x0CDF,0x00AD,0x0CE4,0x00AD,
0x0CE5,0x00AD,0x0CF0,0x00AD,0x0CF1,0x0CF1,0x0CF2,0x0CF2,0x0CF3,0x00AD,0x0CF4,0x00AD,0x0CF5,0x00AD,0x0CF6,0x00AD,
0x0CF7,0x00AD,0x0CF8,0x00AD,0x0CF9,0x00AD,0x0CFA,0x00AD,0x0CFB,0x00AD,0x0CFC,0x00AD,0x0CFD,0x00AD,0x0CFE,0x00AD,
0x0CFF,0x00AD,0x0D00,0x00AD,0x0D01,0x00AD,0x0D04,0x00AD,0x0D0D,0x00AD,0x0D11,0x00AD,0x0D3B,0x00AD,0x0D3C,0x00AD,
0x0D45,0x00AD,0x0D49,0x00AD,0x0D4C,0x0D4C,0x0D4F,0x00AD,0x0D50,0x00AD,0x0D51,0x00AD,0x0D52,0x00AD,0x0D53,0x00AD,
0x0D54,0x00AD,0x0D55,0x00AD,0x0D56,0x00AD,0x0D57,0x0D4C,0x0D58,0x00AD,0x0D59,0x00AD,0x0D5A,0x00AD,0x0D5B,0x00AD,
0x0D5C,0x00AD,0x0D5D,0x00AD,0x0D5E,0x00AD,0x0D5F,0x00AD,0x0D64,0x00AD,0x0D65,0x00AD,0x0D76,0x00AD,0x0D77,0x00AD,
0x0D78,0x00AD,0x0D80,0x00AD,0x0D81,0x00AD,0x0D84,0x00AD,0x0D97,0x00AD,0x0D98,0x00AD,0x0D99,0x00AD,0x0DB2,0x00AD,
0x0DBC,0x00AD,0x0DBE,0x00AD,0x0DBF,0x00AD,0x0DC7,0x00AD,0x0DC8,0x00AD,0x0DC9,0x00AD,0x0DCB,0x00AD,0x0DCC,0x00AD,
0x0DCD,0x00AD,0x0DCE,0x00AD,0x0DD5,0x00AD,0x0DD7,0x00AD,0x0DE0,0x00AD,0x0DE1,0x00AD,0x0DE2,0x00AD,0x0DE3,0x00AD,
0x0DE4,0x00AD,0x0DE5,0x00AD,0x0DE6,0x00AD,0x0DE7,0x00AD,0x0DE8,0x00AD,0x0DE9,0x00AD,0x0DEA,0x00AD,0x0DEB,0x00AD,
0x0DEC,0x00AD,0x0DED,0x00AD,0x0DEE,0x00AD,0x0DEF,0x00AD,0x0DF0,0x00AD,0x0DF1,0x00AD,0x0DF4,0x0DF4,0x0DF5,0x00AD,
0x0DF6,0x00AD,0x0DF7,0x00AD,0x0DF8,0x00AD,0x0DF9,0x00AD,0x0DFA,0x00AD,0x0DFB,0x00AD,0x0DFC,0x00AD,0x0DFD,0x00AD,
0x0DFE,0x00AD,0x0DFF,0x00AD,0x0E00,0x00AD,0x0E3B,0x00AD,0x0E3C,0x00AD,0x0E3D,0x00AD,0x0E3E,0x00AD,0x0E3F,0x0E3F,
0x0E47,0x0595,0x0E48,0x030D,0x0E49,0x0591,0x0E4A,0x0592,0x0E4B,0x0593,0x0E4C,0x0596,0x0E4D,0x0594,0x0E5C,0x00AD,
0x0E5D,0x00AD,0x0E5E,0x00AD,0x0E5F,0x00AD,0x0E60,0x00AD,0x0E61,0x00AD,0x0E62,0x00AD,0x0E63,0x00AD,0x0E64,0x00AD,
0x0E65,0x00AD,0x0E66,0x00AD,0x0E67,0x00AD,0x0E68,0x00AD,0x0E69,0x00AD,0x0E6A,0x00AD,0x0E6B,0x00AD,0x0E6C,0x00AD,
0x0E6D,0x00AD,0x0E6E,0x00AD,0x0E6F,0x00AD,0x0E70,0x00AD,0x0E71,0x00AD,0x0E72,0x00AD,0x0E73,0x00AD,0x0E74,0x00AD,
0x0E75,0x00AD,0x0E76,0x00AD,0x0E77,0x00AD,0x0E78,0x00AD,0x0E79,0x00AD,0x0E7A,0x00AD,0x0E7B,0x00AD,0x0E7C,0x00AD,
0x0E7D,0x00AD,0x0E7E,0x00AD,0x0E7F,0x00AD,0x0E80,0x00AD,0x0E83,0x00AD,0x0E85,0x00AD,0x0E86,0x00AD,0x0E89,0x00AD,
0x0E8B,0x00AD,0x0E8C,0x00AD,0x0E8E,0x00AD,0x0E8F,0x00AD,0x0E90,0x00AD,0x0E91,0x00AD,0x0E92,0x00AD,0x0E93,0x00AD,
0x0E98,0x00AD,0x0EA0,0x00AD,0x0EA4,0x00AD,0x0EA6,0x00AD,0x0EA8,0x00AD,0x0EA9,0x00AD,0x0EAC,0x00AD,0x0EBA,0x00AD,
0x0EBE,0x00AD,0x0EBF,0x00AD,0x0EC5,0x00AD,0x0EC7,0x00AD,0x0ECC,0x00AD,0x0ECE,0x00AD,0x0ECF,0x00AD,0x0EDA,0x00AD,
0x0EDB,0x00AD,0x0EDE,0x00AD,0x0EDF,0x00AD,0x0EE0,0x00AD,0x0EE1,0x00AD,0x0EE2,0x00AD,0x0EE3,0x00AD,0x0EE4,0x00AD,
0x0EE5,0x00AD,0x0EE6,0x00AD,0x0EE7,0x00AD,0x0EE8,0x00AD,0x0EE9,0x00AD,0x0EEA,0x00AD,0x0EEB,0x00AD,0x0EEC,0x00AD,
0x0EED,0x00AD,0x0EEE,0x00AD,0x0EEF,0x00AD,0x0EF0,0x00AD,0x0EF1,0x00AD,0x0EF2,0x00AD,0x0EF3,0x00AD,0x0EF4,0x00AD,
0x0EF5,0x00AD,0x0EF6,0x00AD,0x0EF7,0x00AD,0x0EF8,0x00AD,0x0EF9,0x00AD,0x0EFA,0x00AD,0x0EFB,0x00AD,0x0EFC,0x00AD,
0x0EFD,0x00AD,0x0EFE,0x00AD,0x0EFF,0x00AD,0x0F39,0x059C,0x0F48,0x00AD,0x0F4A,0x0F4A,0x0F4B,0x0F4B,0x0F4C,0x0F4C,
0x0F4D,0x0F4D,0x0F4E,0x0F4E,0x0F4F,0x0F4A,0x0F50,0x0F4B,0x0F51,0x0F4C,0x0F52,0x0F4D,0x0F53,0x0F4E,0x0F58,0x0F58,
0x0F62,0x0F62,0x0F64,0x0F64,0x0F65,0x0F64,0x0F6A,0x0F62,0x0F6D,0x00AD,0x0F6E,0x00AD,0x0F6F,0x00AD,0x0F70,0x00AD,
0x0F71,0x0300,0x0F72,0x0F72,0x0F73,0x0F73,0x0F7A,0x0F7A,0x0F7B,0x0F7A,0x0F7C,0x0F7C,0x0F7D,0x0F7C,0x0F7E,0x0F58,
0x0F7F,0x0308,0x0F80,0x0F72,0x0F81,0x0F73,0x0F82,0x0F58,0x0F83,0x0F58,0x0F84,0x0598,0x0F85,0x0306,0x0F88,0x0304,
0x0F89,0x0303,0x0F8A,0x02BA,0x0F8B,0x030B,0x0F8C,0x0338,0x0F8D,0x0335,0x0F8E,0x0337,0x0F8F,0x0359,0x0F98,0x00AD,
0x0F9A,0x0F9A,0x0F9B,0x0F9B,0x0F9C,0x0F9C,0x0F9D,0x0F9D,0x0F9E,0x0F9E,0x0F9F,0x0F9A,0x0FA0,0x0F9B,0x0FA1,0x0F9C,
0x0FA2,0x0F9D,0x0FA3,0x0F9E,0x0FAD,0x0FAD,0x0FB1,0x0FB1,0x0FB2,0x0FB2,0x0FB4,0x0FB4,0x0FB5,0x0FB4,0x0FBA,0x0FAD,
0x0FBB,0x0FB1,0x0FBC,0x0FB2,0x0FBD,0x00AD,0x0FCD,0x00AD,0x0FDB,0x00AD,0x0FDC,0x00AD,0x0FDD,0x00AD,0x0FDE,0x00AD,
0x0FDF,0x00AD,0x0FE0,0x00AD,0x0FE1,0x00AD,0x0FE2,0x00AD,0x0FE3,0x00AD,0x0FE4,0x00AD,0x0FE5,0x00AD,0x0FE6,0x00AD,
0x0FE7,0x00AD,0x0FE8,0x00AD,0x0FE9,0x00AD,0x0FEA,0x00AD,0x0FEB,0x00AD,0x0FEC,0x00AD,0x0FED,0x00AD,0x0FEE,0x00AD,
0x0FEF,0x00AD,0x0FF0,0x00AD,0x0FF1,0x00AD,0x0FF2,0x00AD,0x0FF3,0x00AD,0x0FF4,0x00AD,0x0FF5,0x00AD,0x0FF6,0x00AD,
0x0FF7,0x00AD,0x0FF8,0x00AD,0x0FF9,0x00AD,0x0FFA,0x00AD,0x0FFB,0x00AD,0x0FFC,0x00AD,0x0FFD,0x00AD,0x0FFE,0x00AD,
0x0FFF,0x00AD,0x1036,0x0950,0x1037,0x1037,0x1038,0x0964,0x108D,0x108D,0x10A0,0x10A0,0x10A1,0x10A1,0x10A2,0x10A2,
0x10A3,0x10A3,0x10A4,0x10A4,0x10A5,0x10A5,0x10A6,0x10A6,0x10A7,0x10A7,0x10A8,0x10A8,0x10A9,0x10A9,0x10AA,0x10AA,
0x10AB,0x10AB,0x10AC,0x10AC,0x10AD,0x10AD,0x10AE,0x10AE,0x10AF,0x10AF,0x10B0,0x10B0,0x10B1,0x10B1,0x10B2,0x10B2,
0x10B3,0x10B3,0x10B4,0x10B4,0x10B5,0x10B5,0x10B6,0x10B6,0x10B7,0x10B7,0x10B8,0x10B8,0x10B9,0x10B9,0x10BA,0x10BA,
0x10BB,0x10BB,0x10BC,0x10BC,0x10BD,0x10BD,0x10BE,0x10BE,0x10BF,0x10BF,0x10C0,0x10C0,0x10C1,0x10C1,0x10C2,0x10C2,
0x10C3,0x10C3,0x10C4,0x10C4,0x10C5,0x10C5,0x10C6,0x00AD,0x10C7,0x00AD,0x10C8,0x00AD,0x10C9,0x00AD,0x10CA,0x00AD,
0x10CB,0x00AD,0x10CC,0x00AD,0x10CD,0x00AD,0x10CE,0x00AD,0x10CF,0x00AD,0x10D2,0x10D2,0x10FA,0x10D2,0x10FB,0x10FB,
0x10FC,0x02F2,0x10FD,0x00AD,0x10FE,0x00AD,0x10FF,0x00AD,0x1101,0x1101,0x1102,0x1102,0x1103,0x1103,0x1104,0x1104,
0x1105,0x1105,0x1106,0x1106,0x1107,0x1107,0x1108,0x1108,0x1109,0x1109,0x110A,0x110A,0x110B,0x110B,0x110C,0x110C,
0x110D,0x110D,0x110E,0x110E,0x110F,0x110F,0x1110,0x1110,0x1111,0x1111,0x1112,0x1112,0x1113,0x1113,0x1117,0x1117,
0x1118,0x1118,0x111C,0x111C,0x111E,0x111E,0x1121,0x1121,0x112D,0x112D,0x1134,0x1134,0x1141,0x1141,0x114D,0x114D,
0x114E,0x114E,0x1152,0x1152,0x1156,0x1156,0x1158,0x1158,0x115A,0x115A,0x115E,0x115E,0x115F,0x115F,0x1160,0x115F,
0x1161,0x115F,0x117F,0x117F,0x1184,0x1184,0x1190,0x1190,0x1195,0x1195,0x119B,0x119B,0x11A0,0x11A0,0x11A7,0x117F,
0x11D9,0x11D9,0x1249,0x00AD,0x124E,0x00AD,0x124F,0x00AD,0x1257,0x00AD,0x1259,0x00AD,0x125E,0x00AD,0x125F,0x00AD,
0x1289,0x00AD,0x128E,0x00AD,0x128F,0x00AD,0x12B1,0x00AD,0x12B6,0x00AD,0x12B7,0x00AD,0x12BF,0x00AD,0x12C1,0x00AD,
0x12C6,0x00AD,0x12C7,0x00AD,0x12D7,0x00AD,0x1311,0x00AD,0x1316,0x00AD,0x1317,0x00AD,0x135B,0x00AD,0x135C,0x00AD,
0x135D,0x02D7,0x135E,0x02D6,0x135F,0x02D5,0x137D,0x00AD,0x137E,0x00AD,0x137F,0x00AD,0x1390,0x1390,0x1391,0x1391,
0x1392,0x1392,0x1393,0x1393,0x1394,0x1394,0x1395,0x1395,0x1396,0x1396,0x1397,0x1397,0x1398,0x1398,0x1399,0x1399,
0x139A,0x00AD,0x139B,0x00AD,0x139C,0x00AD,0x139D,0x00AD,0x139E,0x00AD,0x139F,0x00AD,0x13F5,0x00AD,0x13F6,0x00AD,
0x13F7,0x00AD,0x13F8,0x00AD,0x13F9,0x00AD,0x13FA,0x00AD,0x13FB,0x00AD,0x13FC,0x00AD,0x13FD,0x00AD,0x13FE,0x00AD,
0x13FF,0x00AD,0x169D,0x00AD,0x169E,0x00AD,0x169F,0x00AD,0x16EB,0x082C,0x16EC,0x0818,0x16ED,0x0819,0x16F1,0x00AD,
0x16F2,0x00AD,0x16F3,0x00AD,0x16F4,0x00AD,0x16F5,0x00AD,0x16F6,0x00AD,0x16F7,0x00AD,0x16F8,0x00AD,0x16F9,0x00AD,
0x16FA,0x00AD,0x16FB,0x00AD,0x16FC,0x00AD,0x16FD,0x00AD,0x16FE,0x00AD,0x16FF,0x00AD,0x170D,0x00AD,0x1715,0x00AD,
0x1716,0x00AD,0x1717,0x00AD,0x1718,0x00AD,0x1719,0x00AD,0x171A,0x00AD,0x171B,0x00AD,0x171C,0x00AD,0x171D,0x00AD,
0x171E,0x00AD,0x171F,0x00AD,0x1735,0x1735,0x1737,0x00AD,0x1738,0x00AD,0x1739,0x00AD,0x173A,0x00AD,0x173B,0x00AD,
0x173C,0x00AD,0x173D,0x00AD,0x173E,0x00AD,0x173F,0x00AD,0x1754,0x00AD,0x1755,0x00AD,0x1756,0x00AD,0x1757,0x00AD,
0x1758,0x00AD,0x1759,0x00AD,0x175A,0x00AD,0x175B,0x00AD,0x175C,0x00AD,0x175D,0x00AD,0x175E,0x00AD,0x175F,0x00AD,
0x176D,0x00AD,0x1771,0x00AD,0x1774,0x00AD,0x1775,0x00AD,0x1776,0x00AD,0x1777,0x00AD,0x1778,0x00AD,0x1779,0x00AD,
0x177A,0x00AD,0x177B,0x00AD,0x177C,0x00AD,0x177D,0x00AD,0x177E,0x00AD,0x177F,0x00AD,0x17A2,0x17A2,0x17A3,0x17A2,
0x17B1,0x17B1,0x17B2,0x17B1,0x17DB,0x17DB,0x17DD,0x17DD,0x17DE,0x00AD,0x17DF,0x00AD,0x17EA,0x00AD,0x17EB,0x00AD,
0x17EC,0x00AD,0x17ED,0x00AD,0x17EE,0x00AD,0x17EF,0x00AD,0x17FA,0x00AD,0x17FB,0x00AD,0x17FC,0x00AD,0x17FD,0x00AD,
0x17FE,0x00AD,0x17FF,0x00AD,0x1806,0x00AD,0x180B,0x00AD,0x180C,0x00AD,0x180D,0x00AD,0x180F,0x00AD,0x181A,0x00AD,
0x181B,0x00AD,0x181C,0x00AD,0x181D,0x00AD,0x181E,0x00AD,0x181F,0x00AD,0x1878,0x00AD,0x1879,0x00AD,0x187A,0x00AD,
0x187B,0x00AD,0x187C,0x00AD,0x187D,0x00AD,0x187E,0x00AD,0x187F,0x00AD,0x18AB,0x00AD,0x18AC,0x00AD,0x18AD,0x00AD,
0x18AE,0x00AD,0x18AF,0x00AD,0x18F6,0x00AD,0x18F7,0x00AD,0x18F8,0x00AD,0x18F9,0x00AD,0x18FA,0x00AD,0x18FB,0x00AD,
0x18FC,0x00AD,0x18FD,0x00AD,0x18FE,0x00AD,0x18FF,0x00AD,0x191D,0x00AD,0x191E,0x00AD,0x191F,0x00AD,0x192C,0x00AD,
0x192D,0x00AD,0x192E,0x00AD,0x192F,0x00AD,0x193C,0x00AD,0x193D,0x00AD,0x193E,0x00AD,0x193F,0x00AD,0x1941,0x00AD,
0x1942,0x00AD,0x1943,0x00AD,0x196E,0x00AD,0x196F,0x00AD,0x1975,0x00AD,0x1976,0x00AD,0x1977,0x00AD,0x1978,0x00AD,
0x1979,0x00AD,0x197A,0x00AD,0x197B,0x00AD,0x197C,0x00AD,0x197D,0x00AD,0x197E,0x00AD,0x197F,0x00AD,0x19AC,0x00AD,
0x19AD,0x00AD,0x19AE,0x00AD,0x19AF,0x00AD,0x19CA,0x00AD,0x19CB,0x00AD,0x19CC,0x00AD,0x19CD,0x00AD,0x19CE,0x00AD,
0x19CF,0x00AD,0x19DB,0x00AD,0x19DC,0x00AD,0x19DD,0x00AD,0x19DE,0x19DE,0x19DF,0x19DF,0x1A1C,0x00AD,0x1A1D,0x00AD,
0x1A58,0x1A58,0x1A59,0x1A58,0x1A5A,0x1A5A,0x1A5B,0x1A5A,0x1A5F,0x00AD,0x1A74,0x030D,0x1A75,0x0591,0x1A76,0x0592,
0x1A77,0x0593,0x1A78,0x0594,0x1A79,0x0595,0x1A7A,0x0596,0x1A7B,0x0597,0x1A7C,0x0598,0x1A7D,0x00AD,0x1A7E,0x00AD,
0x1A7F,0x02B9,0x1A8A,0x00AD,0x1A8B,0x00AD,0x1A8C,0x00AD,0x1A8D,0x00AD,0x1A8E,0x00AD,0x1A8F,0x00AD,0x1A9A,0x00AD,
0x1A9B,0x00AD,0x1A9C,0x00AD,0x1A9D,0x00AD,0x1A9E,0x00AD,0x1A9F,0x00AD,0x1AA0,0x0965,0x1AA1,0x0970,0x1AA2,0x0700,
0x1AA3,0x0701,0x1AA4,0x0702,0x1AA5,0x0703,0x1AA6,0x0704,0x1AA8,0x10FB,0x1AA9,0x0950,0x1AAA,0x1037,0x1AAB,0x0964,
0x1AAC,0x0705,0x1AAD,0x0706,0x1AAE,0x00AD,0x1AAF,0x00AD,0x1AB0,0x00AD,0x1AB1,0x00AD,0x1AB2,0x00AD,0x1AB3,0x00AD,
0x1AB4,0x00AD,0x1AB5,0x00AD,0x1AB6,0x00AD,0x1AB7,0x00AD,0x1AB8,0x00AD,0x1AB9,0x00AD,0x1ABA,0x00AD,0x1ABB,0x00AD,
0x1ABC,0x00AD,0x1ABD,0x00AD,0x1ABE,0x00AD,0x1ABF,0x00AD,0x1AC0,0x00AD,0x1AC1,0x00AD,0x1AC2,0x00AD,0x1AC3,0x00AD,
0x1AC4,0x00AD,0x1AC5,0x00AD,0x1AC6,0x00AD,0x1AC7,0x00AD,0x1AC8,0x00AD,0x1AC9,0x00AD,0x1ACA,0x00AD,0x1ACB,0x00AD,
0x1ACC,0x00AD,0x1ACD,0x00AD,0x1ACE,0x00AD,0x1ACF,0x00AD,0x1AD0,0x00AD,0x1AD1,0x00AD,0x1AD2,0x00AD,0x1AD3,0x00AD,
0x1AD4,0x00AD,0x1AD5,0x00AD,0x1AD6,0x00AD,0x1AD7,0x00AD,0x1AD8,0x00AD,0x1AD9,0x00AD,0x1ADA,0x00AD,0x1ADB,0x00AD,
0x1ADC,0x00AD,0x1ADD,0x00AD,0x1ADE,0x00AD,0x1ADF,0x00AD,0x1AE0,0x00AD,0x1AE1,0x00AD,0x1AE2,0x00AD,0x1AE3,0x00AD,
0x1AE4,0x00AD,0x1AE5,0x00AD,0x1AE6,0x00AD,0x1AE7,0x00AD,0x1AE8,0x00AD,0x1AE9,0x00AD,0x1AEA,0x00AD,0x1AEB,0x00AD,
0x1AEC,0x00AD,0x1AED,0x00AD,0x1AEE,0x00AD,0x1AEF,0x00AD,0x1AF0,0x00AD,0x1AF1,0x00AD,0x1AF2,0x00AD,0x1AF3,0x00AD,
0x1AF4,0x00AD,0x1AF5,0x00AD,0x1AF6,0x00AD,0x1AF7,0x00AD,0x1AF8,0x00AD,0x1AF9,0x00AD,0x1AFA,0x00AD,0x1AFB,0x00AD,
0x1AFC,0x00AD,0x1AFD,0x00AD,0x1AFE,0x00AD,0x1AFF,0x00AD,0x1B4C,0x00AD,0x1B4D,0x00AD,0x1B4E,0x00AD,0x1B4F,0x00AD,
0x1B5A,0x1B5A,0x1B5B,0x1B5B,0x1B5C,0x1B5C,0x1B5D,0x1B5D,0x1B6B,0x0611,0x1B6C,0x0612,0x1B6D,0x0613,0x1B6E,0x0614,
0x1B6F,0x1B6F,0x1B70,0x06DB,0x1B71,0x0656,0x1B72,0x0657,0x1B73,0x0610,0x1B7D,0x00AD,0x1B7E,0x00AD,0x1B7F,0x00AD,
0x1BAB,0x00AD,0x1BAC,0x00AD,0x1BAD,0x00AD,0x1BBA,0x00AD,0x1BBB,0x00AD,0x1BBC,0x00AD,0x1BBD,0x00AD,0x1BBE,0x00AD,
0x1BBF,0x00AD,0x1BC3,0x1BC3,0x1BC4,0x1BC3,0x1BCC,0x1BCC,0x1BCD,0x1BCC,0x1BD9,0x1BD9,0x1BDA,0x1BD9,0x1BE6,0x17DD,
0x1BF4,0x00AD,0x1BF5,0x00AD,0x1BF6,0x00AD,0x1BF7,0x00AD,0x1BF8,0x00AD,0x1BF9,0x00AD,0x1BFA,0x00AD,0x1BFB,0x00AD,
0x1C37,0x030D,0x1C38,0x00AD,0x1C39,0x00AD,0x1C3A,0x00AD,0x1C3B,0x0700,0x1C3C,0x0701,0x1C3D,0x0702,0x1C3E,0x0703,
0x1C3F,0x0704,0x1C4A,0x00AD,0x1C4B,0x00AD,0x1C4C,0x00AD,0x1C7E,0x0705,0x1C7F,0x0706,0x1C80,0x00AD,0x1C81,0x00AD,
0x1C82,0x00AD,0x1C83,0x00AD,0x1C84,0x00AD,0x1C85,0x00AD,0x1C86,0x00AD,0x1C87,0x00AD,0x1C88,0x00AD,0x1C89,0x00AD,
0x1C8A,0x00AD,0x1C8B,0x00AD,0x1C8C,0x00AD,0x1C8D,0x00AD,0x1C8E,0x00AD,0x1C8F,0x00AD,0x1C90,0x00AD,0x1C91,0x00AD,
0x1C92,0x00AD,0x1C93,0x00AD,0x1C94,0x00AD,0x1C95,0x00AD,0x1C96,0x00AD,0x1C97,0x00AD,0x1C98,0x00AD,0x1C99,0x00AD,
0x1C9A,0x00AD,0x1C9B,0x00AD,0x1C9C,0x00AD,0x1C9D,0x00AD,0x1C9E,0x00AD,0x1C9F,0x00AD,0x1CA0,0x00AD,0x1CA1,0x00AD,
0x1CA2,0x00AD,0x1CA3,0x00AD,0x1CA4,0x00AD,0x1CA5,0x00AD,0x1CA6,0x00AD,0x1CA7,0x00AD,0x1CA8,0x00AD,0x1CA9,0x00AD,
0x1CAA,0x00AD,0x1CAB,0x00AD,0x1CAC,0x00AD,0x1CAD,0x00AD,0x1CAE,0x00AD,0x1CAF,0x00AD,0x1CB0,0x00AD,0x1CB1,0x00AD,
0x1CB2,0x00AD,0x1CB3,0x00AD,0x1CB4,0x00AD,0x1CB5,0x00AD,0x1CB6,0x00AD,0x1CB7,0x00AD,0x1CB8,0x00AD,0x1CB9,0x00AD,
0x1CBA,0x00AD,0x1CBB,0x00AD,0x1CBC,0x00AD,0x1CBD,0x00AD,0x1CBE,0x00AD,0x1CBF,0x00AD,0x1CC0,0x00AD,0x1CC1,0x00AD,
0x1CC2,0x00AD,0x1CC3,0x00AD,0x1CC4,0x00AD,0x1CC5,0x00AD,0x1CC6,0x00AD,0x1CC7,0x00AD,0x1CC8,0x00AD,0x1CC9,0x00AD,
0x1CCA,0x00AD,0x1CCB,0x00AD,0x1CCC,0x00AD,0x1CCD,0x00AD,0x1CCE,0x00AD,0x1CCF,0x00AD,0x1CD0,0x1CD0,0x1CD1,0x1CD0,
0x1CD2,0x1CD0,0x1CD3,0x1CD0,0x1CD4,0x1CD0,0x1CD5,0x1CD0,0x1CD6,0x1CD0,0x1CD7,0x1CD0,0x1CD8,0x1CD0,0x1CD9,0x1CD0,
0x1CDA,0x1CD0,0x1CDB,0x1CD0,0x1CDC,0x1CD0,0x1CDD,0x1CD0,0x1CDE,0x1CD0,0x1CDF,0x1CD0,0x1CE0,0x1CD0,0x1CE1,0x1CD0,
0x1CE2,0x1CD0,0x1CE3,0x1CD0,0x1CE4,0x1CD0,0x1CE5,0x1CD0,0x1CE6,0x1CD0,0x1CE7,0x1CD0,0x1CE8,0x1CD0,0x1CEA,0x1CEA,
0x1CEB,0x1CEA,0x1CEC,0x1CEA,0x1CED,0x0902,0x1CEE,0x1CEA,0x1CEF,0x1CEA,0x1CF0,0x1CEA,0x1CF1,0x1CEA,0x1CF2,0x0903,
0x1CF3,0x00AD,0x1CF4,0x00AD,0x1CF5,0x00AD,0x1CF6,0x00AD,0x1CF7,0x00AD,0x1CF8,0x00AD,0x1CF9,0x00AD,0x1CFA,0x00AD,
0x1CFB,0x00AD,0x1CFC,0x00AD,0x1CFD,0x00AD,0x1CFE,0x00AD,0x1CFF,0x00AD,0x1D01,0x00C6,0x1D02,0x00C6,0x1D08,0x1D08,
0x1D09,0x1D09,0x1D16,0x1D16,0x1D17,0x1D17,0x1D1C,0x1D1C,0x1D1D,0x1D1D,0x1D25,0x1D25,0x1D2C,0x0041,0x1D2D,0x00C6,
0x1D2E,0x0042,0x1D2F,0x0180,0x1D30,0x0044,0x1D31,0x0045,0x1D32,0x018E,0x1D33,0x0047,0x1D34,0x0048,0x1D35,0x0049,
0x1D36,0x004A,0x1D37,0x004B,0x1D38,0x004C,0x1D39,0x004D,0x1D3A,0x004E,0x1D3C,0x004F,0x1D3D,0x0222,0x1D3E,0x0050,
0x1D3F,0x0052,0x1D40,0x0054,0x1D41,0x0055,0x1D42,0x0057,0x1D43,0x0041,0x1D44,0x0363,0x1D45,0x0391,0x1D46,0x00C6,
0x1D47,0x0042,0x1D48,0x0044,0x1D49,0x0045,0x1D4A,0x018F,0x1D4B,0x0190,0x1D4C,0x1D08,0x1D4D,0x0047,0x1D4E,0x1D09,
0x1D4F,0x004B,0x1D50,0x004D,0x1D51,0x014A,0x1D52,0x004F,0x1D53,0x0186,0x1D54,0x1D16,0x1D55,0x1D17,0x1D56,0x0050,
0x1D57,0x0054,0x1D58,0x0055,0x1D59,0x1D1D,0x1D5A,0x019C,0x1D5B,0x0056,0x1D5C,0x1D25,0x1D5D,0x0392,0x1D5E,0x1D5E,
0x1D5F,0x0394,0x1D60,0x03A6,0x1D61,0x03A7,0x1D77,0x1D77,0x1D78,0x041D,0x1D79,0x1D79,0x1D7B,0x1D7B,0x1D7D,0x1D7D,
0x1D85,0x1D85,0x1D9B,0x0252,0x1D9C,0x0043,0x1D9D,0x0255,0x1D9E,0x00D0,0x1D9F,0x025C,0x1DA0,0x0046,0x1DA1,0x025F,
0x1DA2,0x0261,0x1DA3,0x0265,0x1DA4,0x0197,0x1DA5,0x0196,0x1DA6,0x026A,0x1DA7,0x1D7B,0x1DA8,0x029D,0x1DA9,0x026D,
0x1DAA,0x1D85,0x1DAB,0x029F,0x1DAC,0x0271,0x1DAD,0x0270,0x1DAE,0x019D,0x1DAF,0x0273,0x1DB0,0x0274,0x1DB1,0x019F,
0x1DB2,0x0278,0x1DB3,0x0282,0x1DB4,0x01A9,0x1DB5,0x01AB,0x1DB6,0x0244,0x1DB7,0x01B1,0x1DB8,0x1D1C,0x1DB9,0x01B2,
0x1DBA,0x0245,0x1DBB,0x005A,0x1DBC,0x0290,0x1DBD,0x0291,0x1DBE,0x01B7,0x1DC0,0x02C2,0x1DC1,0x02C3,0x1DC2,0x02C4,
0x1DC3,0x02C5,0x1DC4,0x035B,0x1DC5,0x05AF,0x1DC6,0x05AF,0x1DC7,0x035B,0x1DC8,0x05B3,0x1DC9,0x05B2,0x1DCB,0x0362,
0x1DCC,0x0362,0x1DCD,0x035C,0x1DCE,0x05B6,0x1DCF,0x05B7,0x1DD0,0x05B8,0x1DD1,0x06EC,0x1DE7,0x00AD,0x1DE8,0x00AD,
0x1DE9,0x00AD,0x1DEA,0x00AD,0x1DEB,0x00AD,0x1DEC,0x00AD,0x1DED,0x00AD,0x1DEE,0x00AD,0x1DEF,0x00AD,0x1DF0,0x00AD,
0x1DF1,0x00AD,0x1DF2,0x00AD,0x1DF3,0x00AD,0x1DF4,0x00AD,0x1DF5,0x00AD,0x1DF6,0x00AD,0x1DF7,0x00AD,0x1DF8,0x00AD,
0x1DF9,0x00AD,0x1DFA,0x00AD,0x1DFB,0x00AD,0x1DFC,0x05B8,0x1DFD,0x05B8,0x1E00,0x1E00,0x1E01,0x1E00,0x1E02,0x1E02,
0x1E03,0x1E02,0x1E04,0x1E04,0x1E05,0x1E04,0x1E06,0x1E06,0x1E07,0x1E06,0x1E08,0x1E08,0x1E09,0x1E08,0x1E0A,0x1E0A,
0x1E0B,0x1E0A,0x1E0C,0x1E0C,0x1E0D,0x1E0C,0x1E0E,0x1E0E,0x1E0F,0x1E0E,0x1E10,0x1E10,0x1E11,0x1E10,0x1E12,0x1E12,
0x1E13,0x1E12,0x1E14,0x1E14,0x1E15,0x1E14,0x1E16,0x1E16,0x1E17,0x1E16,0x1E18,0x1E18,0x1E19,0x1E18,0x1E1A,0x1E1A,
0x1E1B,0x1E1A,0x1E1C,0x1E1C,0x1E1D,0x1E1C,0x1E1E,0x1E1E,0x1E1F,0x1E1E,0x1E20,0x1E20,0x1E21,0x1E20,0x1E22,0x1E22,
0x1E23,0x1E22,0x1E24,0x1E24,0x1E25,0x1E24,0x1E26,0x1E26,0x1E27,0x1E26,0x1E28,0x1E28,0x1E29,0x1E28,0x1E2A,0x1E2A,
0x1E2B,0x1E2A,0x1E2C,0x1E2C,0x1E2D,0x1E2C,0x1E2E,0x1E2E,0x1E2F,0x1E2E,0x1E30,0x1E30,0x1E31,0x1E30,0x1E32,0x1E32,
0x1E33,0x1E32,0x1E34,0x1E34,0x1E35,0x1E34,0x1E36,0x1E36,0x1E37,0x1E36,0x1E38,0x1E38,0x1E39,0x1E38,0x1E3A,0x1E3A,
0x1E3B,0x1E3A,0x1E3C,0x1E3C,0x1E3D,0x1E3C,0x1E3E,0x1E3E,0x1E3F,0x1E3E,0x1E40,0x1E40,0x1E41,0x1E40,0x1E42,0x1E42,
0x1E43,0x1E42,0x1E44,0x1E44,0x1E45,0x1E44,0x1E46,0x1E46,0x1E47,0x1E46,0x1E48,0x1E48,0x1E49,0x1E48,0x1E4A,0x1E4A,
0x1E4B,0x1E4A,0x1E4C,0x0230,0x1E4D,0x0230,0x1E4E,0x1E4E,0x1E4F,0x1E4E,0x1E50,0x1E50,0x1E51,0x1E50,0x1E52,0x1E52,
0x1E53,0x1E52,0x1E54,0x1E54,0x1E55,0x1E54,0x1E56,0x1E56,0x1E57,0x1E56,0x1E58,0x1E58,0x1E59,0x1E58,0x1E5A,0x1E5A,
0x1E5B,0x1E5A,0x1E5C,0x1E5C,0x1E5D,0x1E5C,0x1E5E,0x1E5E,0x1E5F,0x1E5E,0x1E60,0x1E60,0x1E61,0x1E60,0x1E62,0x1E62,
0x1E63,0x1E62,0x1E64,0x015E,0x1E65,0x015E,0x1E66,0x1E66,0x1E67,0x1E66,0x1E68,0x1E68,0x1E69,0x1E68,0x1E6A,0x1E6A,
0x1E6B,0x1E6A,0x1E6C,0x1E6C,0x1E6D,0x1E6C,0x1E6E,0x1E6E,0x1E6F,0x1E6E,0x1E70,0x1E70,0x1E71,0x1E70,0x1E72,0x1E72,
0x1E73,0x1E72,0x1E74,0x1E74,0x1E75,0x1E74,0x1E76,0x1E76,0x1E77,0x1E76,0x1E78,0x01D9,0x1E79,0x01D9,0x1E7A,0x01D5,
0x1E7B,0x01D5,0x1E7C,0x1E7C,0x1E7D,0x1E7C,0x1E7E,0x1E7E,0x1E7F,0x1E7E,0x1E80,0x1E80,0x1E81,0x1E80,0x1E82,0x1E82,
0x1E83,0x1E82,0x1E84,0x1E84,0x1E85,0x1E84,0x1E86,0x1E86,0x1E87,0x1E86,0x1E88,0x1E88,0x1E89,0x1E88,0x1E8A,0x1E8A,
0x1E8B,0x1E8A,0x1E8C,0x1E8C,0x1E8D,0x1E8C,0x1E8E,0x1E8E,0x1E8F,0x1E8E,0x1E90,0x1E90,0x1E91,0x1E90,0x1E92,0x1E92,
0x1E93,0x1E92,0x1E94,0x1E94,0x1E95,0x1E94,0x1E9E,0x00DF,0x1EA0,0x1EA0,0x1EA1,0x1EA0,0x1EA2,0x1EA2,0x1EA3,0x1EA2,
0x1EA4,0x1EA4,0x1EA5,0x1EA4,0x1EA6,0x1EA6,0x1EA7,0x1EA6,0x1EA8,0x1EA8,0x1EA9,0x1EA8,0x1EAA,0x1EAA,0x1EAB,0x1EAA,
0x1EAC,0x1EAC,0x1EAD,0x1EAC,0x1EAE,0x1EAE,0x1EAF,0x1EAE,0x1EB0,0x1EB0,0x1EB1,0x1EB0,0x1EB2,0x1EB2,0x1EB3,0x1EB2,
0x1EB4,0x1EB4,0x1EB5,0x1EB4,0x1EB6,0x1EB6,0x1EB7,0x1EB6,0x1EB8,0x1EB8,0x1EB9,0x1EB8,0x1EBA,0x1EBA,0x1EBB,0x1EBA,
0x1EBC,0x1EBC,0x1EBD,0x1EBC,0x1EBE,0x1EBE,0x1EBF,0x1EBE,0x1EC0,0x1EC0,0x1EC1,0x1EC0,0x1EC2,0x1EC2,0x1EC3,0x1EC2,
0x1EC4,0x1EC4,0x1EC5,0x1EC4,0x1EC6,0x1EC6,0x1EC7,0x1EC6,0x1EC8,0x1EC8,0x1EC9,0x1EC8,0x1ECA,0x1ECA,0x1ECB,0x1ECA,
0x1ECC,0x1ECC,0x1ECD,0x1ECC,0x1ECE,0x1ECE,0x1ECF,0x1ECE,0x1ED0,0x1ED0,0x1ED1,0x1ED0,0x1ED2,0x1ED2,0x1ED3,0x1ED2,
0x1ED4,0x1ED4,0x1ED5,0x1ED4,0x1ED6,0x1ED6,0x1ED7,0x1ED6,0x1ED8,0x1ED8,0x1ED9,0x1ED8,0x1EDA,0x1EDA,0x1EDB,0x1EDA,
0x1EDC,0x1EDC,0x1EDD,0x1EDC,0x1EDE,0x1EDE,0x1EDF,0x1EDE,0x1EE0,0x1EE0,0x1EE1,0x1EE0,0x1EE2,0x1EE2,0x1EE3,0x1EE2,
0x1EE4,0x1EE4,0x1EE5,0x1EE4,0x1EE6,0x1EE6,0x1EE7,0x1EE6,0x1EE8,0x1EE8,0x1EE9,0x1EE8,0x1EEA,0x1EEA,0x1EEB,0x1EEA,
0x1EEC,0x1EEC,0x1EED,0x1EEC,0x1EEE,0x1EEE,0x1EEF,0x1EEE,0x1EF0,0x1EF0,0x1EF1,0x1EF0,0x1EF2,0x1EF2,0x1EF3,0x1EF2,
0x1EF4,0x1EF4,0x1EF5,0x1EF4,0x1EF6,0x1EF6,0x1EF7,0x1EF6,0x1EF8,0x1EF8,0x1EF9,0x1EF8,0x1EFA,0x1EFA,0x1EFB,0x1EFA,
0x1EFC,0x1EFC,0x1EFD,0x1EFC,0x1EFE,0x1EFE,0x1EFF,0x1EFE,0x1F00,0x1F00,0x1F01,0x1F01,0x1F02,0x1F02,0x1F03,0x1F03,
0x1F04,0x1F04,0x1F05,0x1F02,0x1F06,0x1F06,0x1F07,0x1F07,0x1F08,0x1F00,0x1F09,0x1F01,0x1F0A,0x1F02,0x1F0B,0x1F03,
0x1F0C,0x1F04,0x1F0D,0x1F02,0x1F0E,0x1F06,0x1F0F,0x1F07,0x1F10,0x1F10,0x1F11,0x1F11,0x1F12,0x1F12,0x1F13,0x1F13,
0x1F14,0x1F14,0x1F15,0x1F12,0x1F16,0x00AD,0x1F17,0x00AD,0x1F18,0x1F10,0x1F19,0x1F11,0x1F1A,0x1F12,0x1F1B,0x1F13,
0x1F1C,0x1F14,0x1F1D,0x1F12,0x1F1E,0x00AD,0x1F1F,0x00AD,0x1F20,0x1F20,0x1F21,0x1F21,0x1F22,0x1F22,0x1F23,0x1F23,
0x1F24,0x1F24,0x1F25,0x1F22,0x1F26,0x1F26,0x1F27,0x1F27,0x1F28,0x1F20,0x1F29,0x1F21,0x1F2A,0x1F22,0x1F2B,0x1F23,
0x1F2C,0x1F24,0x1F2D,0x1F22,0x1F2E,0x1F26,0x1F2F,0x1F27,0x1F30,0x1F30,0x1F31,0x1F31,0x1F32,0x1F32,0x1F33,0x1F33,
0x1F34,0x1F34,0x1F35,0x1F32,0x1F36,0x1F36,0x1F37,0x1F37,0x1F38,0x1F30,0x1F39,0x1F31,0x1F3A,0x1F32,0x1F3B,0x1F33,
0x1F3C,0x1F34,0x1F3D,0x1F32,0x1F3E,0x1F36,0x1F3F,0x1F37,0x1F40,0x1F40,0x1F41,0x1F41,0x1F42,0x1F42,0x1F43,0x1F43,
0x1F44,0x1F44,0x1F45,0x1F42,0x1F46,0x00AD,0x1F47,0x00AD,0x1F48,0x1F40,0x1F49,0x1F41,0x1F4A,0x1F42,0x1F4B,0x1F43,
0x1F4C,0x1F44,0x1F4D,0x1F42,0x1F4E,0x00AD,0x1F4F,0x00AD,0x1F51,0x1F51,0x1F52,0x1F52,0x1F53,0x1F53,0x1F55,0x1F52,
0x1F57,0x1F57,0x1F58,0x00AD,0x1F59,0x1F51,0x1F5A,0x00AD,0x1F5B,0x1F53,0x1F5C,0x00AD,0x1F5D,0x1F52,0x1F5E,0x00AD,
0x1F5F,0x1F57,0x1F60,0x1F60,0x1F61,0x1F61,0x1F62,0x1F62,0x1F63,0x1F63,0x1F64,0x1F64,0x1F65,0x1F62,0x1F66,0x1F66,
0x1F67,0x1F67,0x1F68,0x1F60,0x1F69,0x1F61,0x1F6A,0x1F62,0x1F6B,0x1F63,0x1F6C,0x1F64,0x1F6D,0x1F62,0x1F6E,0x1F66,
0x1F6F,0x1F67,0x1F70,0x1F70,0x1F71,0x0386,0x1F72,0x1F72,0x1F73,0x0388,0x1F74,0x1F74,0x1F75,0x0389,0x1F76,0x1F76,
0x1F77,0x038A,0x1F78,0x1F78,0x1F79,0x038C,0x1F7A,0x1F7A,0x1F7B,0x038E,0x1F7C,0x1F7C,0x1F7D,0x038F,0x1F7E,0x00AD,
0x1F7F,0x00AD,0x1F80,0x1F80,0x1F81,0x1F81,0x1F82,0x1F82,0x1F83,0x1F83,0x1F84,0x1F84,0x1F85,0x1F82,0x1F86,0x1F86,
0x1F87,0x1F87,0x1F88,0x1F80,0x1F89,0x1F81,0x1F8A,0x1F82,0x1F8B,0x1F83,0x1F8C,0x1F84,0x1F8D,0x1F82,0x1F8E,0x1F86,
0x1F8F,0x1F87,0x1F90,0x1F90,0x1F91,0x1F91,0x1F92,0x1F92,0x1F93,0x1F93,0x1F94,0x1F94,0x1F95,0x1F92,0x1F96,0x1F96,
0x1F97,0x1F97,0x1F98,0x1F90,0x1F99,0x1F91,0x1F9A,0x1F92,0x1F9B,0x1F93,0x1F9C,0x1F94,0x1F9D,0x1F92,0x1F9E,0x1F96,
0x1F9F,0x1F97,0x1FA0,0x1FA0,0x1FA1,0x1FA1,0x1FA2,0x1FA2,0x1FA3,0x1FA3,0x1FA4,0x1FA4,0x1FA5,0x1FA2,0x1FA6,0x1FA6,
0x1FA7,0x1FA7,0x1FA8,0x1FA0,0x1FA9,0x1FA1,0x1FAA,0x1FA2,0x1FAB,0x1FA3,0x1FAC,0x1FA4,0x1FAD,0x1FA2,0x1FAE,0x1FA6,
0x1FAF,0x1FA7,0x1FB0,0x1FB0,0x1FB1,0x1FB1,0x1FB3,0x1FB3,0x1FB5,0x00AD,0x1FB8,0x1FB0,0x1FB9,0x1FB1,0x1FBA,0x1F70,
0x1FBB,0x0386,0x1FBC,0x1FB3,0x1FBE,0x0399,0x1FC3,0x1FC3,0x1FC5,0x00AD,0x1FC8,0x1F72,0x1FC9,0x0388,0x1FCA,0x1F74,
0x1FCB,0x0389,0x1FCC,0x1FC3,0x1FD0,0x1FD0,0x1FD1,0x1FD1,0x1FD3,0x0390,0x1FD4,0x00AD,0x1FD5,0x00AD,0x1FD8,0x1FD0,
0x1FD9,0x1FD1,0x1FDA,0x1F76,0x1FDB,0x038A,0x1FDC,0x00AD,0x1FE0,0x1FE0,0x1FE1,0x1FE1,0x1FE3,0x03B0,0x1FE5,0x1FE5,
0x1FE8,0x1FE0,0x1FE9,0x1FE1,0x1FEA,0x1F7A,0x1FEB,0x038E,0x1FEC,0x1FE5,0x1FEE,0x0385,0x1FEF,0x0060,0x1FF0,0x00AD,
0x1FF1,0x00AD,0x1FF3,0x1FF3,0x1FF5,0x00AD,0x1FF8,0x1F78,0x1FF9,0x038C,0x1FFA,0x1F7C,0x1FFB,0x038F,0x1FFC,0x1FF3,
0x1FFD,0x00B4,0x1FFF,0x00AD,0x2000,0x2000,0x2001,0x2001,0x2002,0x2000,0x2003,0x2001,0x200C,0x00AD,0x200D,0x00AD,
0x200E,0x00AD,0x200F,0x00AD,0x2014,0x2014,0x2017,0x19DE,0x2018,0x19DF,0x2024,0x002E,0x202A,0x00AD,0x202B,0x00AD,
0x202C,0x00AD,0x202D,0x00AD,0x202E,0x00AD,0x2038,0x2038,0x2039,0x2039,0x203A,0x1735,0x203E,0x203E,0x203F,0x0DF4,
0x204A,0x2038,0x204B,0x0026,0x204C,0x204C,0x204D,0x0022,0x204E,0x204E,0x204F,0x0025,0x2050,0x2050,0x2052,0x0024,
0x2053,0x2039,0x2054,0x2054,0x2057,0x0023,0x205F,0x0020,0x2060,0x00AD,0x2061,0x00AD,0x2062,0x00AD,0x2063,0x00AD,
0x2064,0x00AD,0x2065,0x00AD,0x2066,0x00AD,0x2067,0x00AD,0x2068,0x00AD,0x2069,0x00AD,0x206A,0x00AD,0x206B,0x00AD,
0x206C,0x00AD,0x206D,0x00AD,0x206E,0x00AD,0x206F,0x00AD,0x2070,0x2070,0x2071,0x026A,0x2072,0x00AD,0x2073,0x00AD,
0x2074,0x2074,0x2075,0x2075,0x2076,0x2076,0x2077,0x2077,0x2078,0x2078,0x2079,0x2079,0x207F,0x0274,0x2081,0x2081,
0x2082,0x2082,0x2083,0x2083,0x2084,0x2084,0x2085,0x2085,0x2086,0x2086,0x2087,0x2087,0x2088,0x2088,0x2089,0x2089,
0x208F,0x00AD,0x2095,0x2095,0x2096,0x2096,0x2097,0x2097,0x2098,0x2098,0x209A,0x209A,0x209B,0x209B,0x209C,0x209C,
0x209D,0x00AD,0x209E,0x00AD,0x209F,0x00AD,0x20A0,0x20A0,0x20A1,0x20A1,0x20A2,0x20A2,0x20A4,0x20A4,0x20A5,0x20A5,
0x20A6,0x20A6,0x20A7,0x20A7,0x20A8,0x20A8,0x20A9,0x20A9,0x20AC,0x20AC,0x20AD,0x20A5,0x20AE,0x20AE,0x20AF,0x20AF,
0x20B0,0x20B0,0x20B1,0x20B1,0x20B2,0x20B2,0x20B3,0x20B3,0x20B4,0x20B4,0x20B5,0x20B5,0x20B6,0x00AD,0x20B7,0x00AD,
0x20B8,0x00AD,0x20BB,0x00AD,0x20BC,0x00AD,0x20BD,0x00AD,0x20BE,0x00AD,0x20BF,0x00AD,0x20C0,0x00AD,0x20C1,0x00AD,
0x20C2,0x00AD,0x20C3,0x00AD,0x20C4,0x00AD,0x20C5,0x00AD,0x20C6,0x00AD,0x20C7,0x00AD,0x20C8,0x00AD,0x20C9,0x00AD,
0x20CA,0x00AD,0x20CB,0x00AD,0x20CC,0x00AD,0x20CD,0x00AD,0x20CE,0x00AD,0x20CF,0x00AD,0x20D0,0x064B,0x20D1,0x064C,
0x20D2,0x064D,0x20D3,0x064E,0x20D4,0x064F,0x20D5,0x0650,0x20D6,0x0652,0x20D7,0x0651,0x20D8,0x0670,0x20D9,0x0659,
0x20DA,0x065A,0x20DB,0x065B,0x20DC,0x065C,0x20DD,0x0616,0x20DE,0x0617,0x20DF,0x0618,0x20E0,0x0619,0x20E1,0x061A,
0x20E2,0x02F3,0x20E3,0x02F4,0x20E4,0x02F5,0x20E5,0x02F6,0x20E6,0x02F7,0x20E7,0x02F8,0x20E8,0x02F9,0x20E9,0x02FA,
0x20EA,0x02FB,0x20EB,0x02CE,0x20EE,0x0342,0x20EF,0x0741,0x20F0,0x0742,0x20F1,0x00AD,0x20F2,0x00AD,0x20F3,0x00AD,
0x20F4,0x00AD,0x20F5,0x00AD,0x20F6,0x00AD,0x20F7,0x00AD,0x20F8,0x00AD,0x20F9,0x00AD,0x20FA,0x00AD,0x20FB,0x00AD,
0x20FC,0x00AD,0x20FD,0x00AD,0x20FE,0x00AD,0x20FF,0x00AD,0x2112,0x2112,0x2113,0x2112,0x2126,0x03A9,0x212A,0x004B,
0x212B,0x00C5,0x212F,0x212F,0x2130,0x212F,0x2132,0x2132,0x213C,0x03A0,0x213D,0x1D5E,0x213E,0x1D5E,0x2141,0x1D77,
0x2145,0x2145,0x2146,0x2145,0x214D,0x214D,0x214E,0x2132,0x2160,0x2160,0x2161,0x2161,0x2162,0x2162,0x2163,0x2163,
0x2164,0x2164,0x2165,0x2165,0x2166,0x2166,0x2167,0x2167,0x2168,0x2168,0x2169,0x2169,0x216A,0x216A,0x216B,0x216B,
0x216C,0x216C,0x216D,0x216D,0x216E,0x216E,0x216F,0x216F,0x2170,0x2160,0x2171,0x2161,0x2172,0x2162,0x2173,0x2163,
0x2174,0x2164,0x2175,0x2165,0x2176,0x2166,0x2177,0x2167,0x2178,0x2168,0x2179,0x2169,0x217A,0x216A,0x217B,0x216B,
0x217C,0x216C,0x217D,0x216D,0x217E,0x216E,0x217F,0x216F,0x2180,0x216F,0x2183,0x2183,0x2184,0x2183,0x218A,0x00AD,
0x218B,0x00AD,0x218C,0x00AD,0x218D,0x00AD,0x218E,0x00AD,0x218F,0x00AD,0x21FA,0x21FA,0x2200,0x2200,0x2201,0x2201,
0x2216,0x2216,0x2296,0x2296,0x2297,0x2297,0x2299,0x2299,0x229A,0x229A,0x2313,0x1390,0x2314,0x1391,0x2315,0x1392,
0x2316,0x1393,0x2317,0x1394,0x2318,0x1395,0x2319,0x1396,0x231A,0x1397,0x231B,0x1398,0x231C,0x1399,0x2329,0x2329,
0x232A,0x232A,0x23B4,0x055C,0x23B5,0x055E,0x23D1,0x214D,0x23DC,0x0700,0x23DD,0x0701,0x23DE,0x0702,0x23DF,0x0703,
0x23E0,0x0704,0x23E1,0x0705,0x23E2,0x0706,0x23E3,0x0707,0x23E4,0x0708,0x23E5,0x0709,0x23E6,0x070A,0x23E7,0x070B,
0x23F4,0x00AD,0x23F5,0x00AD,0x23F6,0x00AD,0x23F7,0x00AD,0x23F8,0x00AD,0x23F9,0x00AD,0x23FA,0x00AD,0x23FB,0x00AD,
0x23FC,0x00AD,0x23FD,0x00AD,0x23FE,0x00AD,0x23FF,0x00AD,0x2427,0x00AD,0x2428,0x00AD,0x2429,0x00AD,0x242A,0x00AD,
0x242B,0x00AD,0x242C,0x00AD,0x242D,0x00AD,0x242E,0x00AD,0x242F,0x00AD,0x2430,0x00AD,0x2431,0x00AD,0x2432,0x00AD,
0x2433,0x00AD,0x2434,0x00AD,0x2435,0x00AD,0x2436,0x00AD,0x2437,0x00AD,0x2438,0x00AD,0x2439,0x00AD,0x243A,0x00AD,
0x243B,0x00AD,0x243C,0x00AD,0x243D,0x00AD,0x243E,0x00AD,0x243F,0x00AD,0x244B,0x00AD,0x244C,0x00AD,0x244D,0x00AD,
0x244E,0x00AD,0x244F,0x00AD,0x2450,0x00AD,0x2451,0x00AD,0x2452,0x00AD,0x2453,0x00AD,0x2454,0x00AD,0x2455,0x00AD,
0x2456,0x00AD,0x2457,0x00AD,0x2458,0x00AD,0x2459,0x00AD,0x245A,0x00AD,0x245B,0x00AD,0x245C,0x00AD,0x245D,0x00AD,
0x245E,0x00AD,0x245F,0x00AD,0x2460,0x00B9,0x2461,0x00B2,0x2462,0x00B3,0x2463,0x2074,0x2464,0x2075,0x2465,0x2076,
0x2466,0x2077,0x2467,0x2078,0x2468,0x2079,0x2469,0x2469,0x24B6,0x24B6,0x24B7,0x24B7,0x24B8,0x24B8,0x24B9,0x24B9,
0x24BA,0x24BA,0x24BB,0x24BB,0x24BC,0x24BC,0x24BD,0x24BD,0x24BE,0x24BE,0x24BF,0x24BF,0x24C0,0x24C0,0x24C1,0x24C1,
0x24C2,0x24C2,0x24C3,0x24C3,0x24C4,0x24C4,0x24C5,0x24C5,0x24C6,0x24C6,0x24C7,0x24C7,0x24C8,0x24C8,0x24C9,0x24C9,
0x24CA,0x24CA,0x24CB,0x24CB,0x24CC,0x24CC,0x24CD,0x24CD,0x24CE,0x24CE,0x24CF,0x24CF,0x24D0,0x24B6,0x24D1,0x24B7,
0x24D2,0x24B8,0x24D3,0x24B9,0x24D4,0x24BA,0x24D5,0x24BB,0x24D6,0x24BC,0x24D7,0x24BD,0x24D8,0x24BE,0x24D9,0x24BF,
0x24DA,0x24C0,0x24DB,0x24C1,0x24DC,0x24C2,0x24DD,0x24C3,0x24DE,0x24C4,0x24DF,0x24C5,0x24E0,0x24C6,0x24E1,0x24C7,
0x24E2,0x24C8,0x24E3,0x24C9,0x24E4,0x24CA,0x24E5,0x24CB,0x24E6,0x24CC,0x24E7,0x24CD,0x24E8,0x24CE,0x24E9,0x24CF,
0x24EA,0x2070,0x24F4,0x24F4,0x24FF,0x0030,0x261C,0x21FA,0x26BD,0x00AD,0x26BE,0x00AD,0x26BF,0x00AD,0x2700,0x00AD,
0x2776,0x2081,0x2777,0x2082,0x2778,0x2083,0x2779,0x2084,0x277A,0x2085,0x277B,0x2086,0x277C,0x2087,0x277D,0x2088,
0x277E,0x2089,0x2780,0x0031,0x2781,0x0032,0x2782,0x0033,0x2783,0x0034,0x2784,0x0035,0x2785,0x0036,0x2786,0x0037,
0x2787,0x0038,0x2788,0x0039,0x278A,0x00B9,0x278B,0x00B2,0x278C,0x00B3,0x278D,0x2074,0x278E,0x2075,0x278F,0x2076,
0x2790,0x2077,0x2791,0x2078,0x2792,0x2079,0x2793,0x2469,0x2795,0x00AD,0x2796,0x00AD,0x2797,0x00AD,0x27B0,0x00AD,
0x27BF,0x00AD,0x27C7,0x0080,0x27C8,0x0081,0x27C9,0x0082,0x27CA,0x0083,0x27CB,0x00AD,0x27CD,0x00AD,0x27F0,0x27F0,
0x27F1,0x27F0,0x27F8,0x27F8,0x27F9,0x27F8,0x27FA,0x27F8,0x27FD,0x27F8,0x2901,0x27F8,0x2903,0x27F8,0x2904,0x27F8,
0x2906,0x2906,0x2907,0x2906,0x290A,0x2906,0x290B,0x2906,0x290C,0x27F8,0x290D,0x27F8,0x290E,0x27F8,0x290F,0x2906,
0x2910,0x27F8,0x2915,0x27F8,0x291A,0x291A,0x291C,0x291A,0x291D,0x291D,0x291E,0x291E,0x291F,0x291D,0x2920,0x291E,
0x2970,0x27F8,0x2987,0x2987,0x2988,0x2988,0x2989,0x2987,0x298A,0x2988,0x29B5,0x2296,0x29BB,0x2297,0x29BC,0x29BC,
0x29BE,0x229A,0x29BF,0x2299,0x29F5,0x2216,0x2A19,0x2A19,0x2A38,0x29BC,0x2A41,0x2A41,0x2A48,0x2A41,0x2A4B,0x2A19,
0x2A7B,0x2A7B,0x2A7F,0x2A7B,0x2A81,0x2A81,0x2A83,0x2A83,0x2AA6,0x2A81,0x2AA8,0x2A83,0x2AFB,0x01C2,0x2AFC,0x2200,
0x2AFD,0x2201,0x2B1F,0x2B1F,0x2B4D,0x00AD,0x2B4E,0x00AD,0x2B4F,0x00AD,0x2B5A,0x00AD,0x2B5B,0x00AD,0x2B5C,0x00AD,
0x2B5D,0x00AD,0x2B5E,0x00AD,0x2B5F,0x00AD,0x2B60,0x00AD,0x2B61,0x00AD,0x2B62,0x00AD,0x2B63,0x00AD,0x2B64,0x00AD,
0x2B65,0x00AD,0x2B66,0x00AD,0x2B67,0x00AD,0x2B68,0x00AD,0x2B69,0x00AD,0x2B6A,0x00AD,0x2B6B,0x00AD,0x2B6C,0x00AD,
0x2B6D,0x00AD,0x2B6E,0x00AD,0x2B6F,0x00AD,0x2B70,0x00AD,0x2B71,0x00AD,0x2B72,0x00AD,0x2B73,0x00AD,0x2B74,0x00AD,
0x2B75,0x00AD,0x2B76,0x00AD,0x2B77,0x00AD,0x2B78,0x00AD,0x2B79,0x00AD,0x2B7A,0x00AD,0x2B7B,0x00AD,0x2B7C,0x00AD,
0x2B7D,0x00AD,0x2B7E,0x00AD,0x2B7F,0x00AD,0x2B80,0x00AD,0x2B81,0x00AD,0x2B82,0x00AD,0x2B83,0x00AD,0x2B84,0x00AD,
0x2B85,0x00AD,0x2B86,0x00AD,0x2B87,0x00AD,0x2B88,0x00AD,0x2B89,0x00AD,0x2B8A,0x00AD,0x2B8B,0x00AD,0x2B8C,0x00AD,
0x2B8D,0x00AD,0x2B8E,0x00AD,0x2B8F,0x00AD,0x2B90,0x00AD,0x2B91,0x00AD,0x2B92,0x00AD,0x2B93,0x00AD,0x2B94,0x00AD,
0x2B95,0x00AD,0x2B96,0x00AD,0x2B97,0x00AD,0x2B98,0x00AD,0x2B99,0x00AD,0x2B9A,0x00AD,0x2B9B,0x00AD,0x2B9C,0x00AD,
0x2B9D,0x00AD,0x2B9E,0x00AD,0x2B9F,0x00AD,0x2BA0,0x00AD,0x2BA1,0x00AD,0x2BA2,0x00AD,0x2BA3,0x00AD,0x2BA4,0x00AD,
0x2BA5,0x00AD,0x2BA6,0x00AD,0x2BA7,0x00AD,0x2BA8,0x00AD,0x2BA9,0x00AD,0x2BAA,0x00AD,0x2BAB,0x00AD,0x2BAC,0x00AD,
0x2BAD,0x00AD,0x2BAE,0x00AD,0x2BAF,0x00AD,0x2BB0,0x00AD,0x2BB1,0x00AD,0x2BB2,0x00AD,0x2BB3,0x00AD,0x2BB4,0x00AD,
0x2BB5,0x00AD,0x2BB6,0x00AD,0x2BB7,0x00AD,0x2BB8,0x00AD,0x2BB9,0x00AD,0x2BBA,0x00AD,0x2BBB,0x00AD,0x2BBC,0x00AD,
0x2BBD,0x00AD,0x2BBE,0x00AD,0x2BBF,0x00AD,0x2BC0,0x00AD,0x2BC1,0x00AD,0x2BC2,0x00AD,0x2BC3,0x00AD,0x2BC4,0x00AD,
0x2BC5,0x00AD,0x2BC6,0x00AD,0x2BC7,0x00AD,0x2BC8,0x00AD,0x2BC9,0x00AD,0x2BCA,0x00AD,0x2BCB,0x00AD,0x2BCC,0x00AD,
0x2BCD,0x00AD,0x2BCE,0x00AD,0x2BCF,0x00AD,0x2BD0,0x00AD,0x2BD1,0x00AD,0x2BD2,0x00AD,0x2BD3,0x00AD,0x2BD4,0x00AD,
0x2BD5,0x00AD,0x2BD6,0x00AD,0x2BD7,0x00AD,0x2BD8,0x00AD,0x2BD9,0x00AD,0x2BDA,0x00AD,0x2BDB,0x00AD,0x2BDC,0x00AD,
0x2BDD,0x00AD,0x2BDE,0x00AD,0x2BDF,0x00AD,0x2BE0,0x00AD,0x2BE1,0x00AD,0x2BE2,0x00AD,0x2BE3,0x00AD,0x2BE4,0x00AD,
0x2BE5,0x00AD,0x2BE6,0x00AD,0x2BE7,0x00AD,0x2BE8,0x00AD,0x2BE9,0x00AD,0x2BEA,0x00AD,0x2BEB,0x00AD,0x2BEC,0x00AD,
0x2BED,0x00AD,0x2BEE,0x00AD,0x2BEF,0x00AD,0x2BF0,0x00AD,0x2BF1,0x00AD,0x2BF2,0x00AD,0x2BF3,0x00AD,0x2BF4,0x00AD,
0x2BF5,0x00AD,0x2BF6,0x00AD,0x2BF7,0x00AD,0x2BF8,0x00AD,0x2BF9,0x00AD,0x2BFA,0x00AD,0x2BFB,0x00AD,0x2BFC,0x00AD,
0x2BFD,0x00AD,0x2BFE,0x00AD,0x2BFF,0x00AD,0x2C00,0x2C00,0x2C01,0x2C01,0x2C02,0x2C02,0x2C03,0x2C03,0x2C04,0x2C04,
0x2C05,0x2C05,0x2C06,0x2C06,0x2C07,0x2C07,0x2C08,0x2C08,0x2C09,0x2C09,0x2C0A,0x2C0A,0x2C0B,0x2C0B,0x2C0C,0x2C0C,
0x2C0D,0x2C0D,0x2C0E,0x2C0E,0x2C0F,0x2C0F,0x2C10,0x2C10,0x2C11,0x2C11,0x2C12,0x2C12,0x2C13,0x2C13,0x2C14,0x2C14,
0x2C15,0x2C15,0x2C16,0x2C16,0x2C17,0x2C17,0x2C18,0x2C18,0x2C19,0x2C19,0x2C1A,0x2C1A,0x2C1B,0x2C1B,0x2C1C,0x2C1C,
0x2C1D,0x2C1D,0x2C1E,0x2C1E,0x2C1F,0x2C1F,0x2C20,0x2C20,0x2C21,0x2C21,0x2C22,0x2C22,0x2C23,0x2C23,0x2C24,0x2C24,
0x2C25,0x2C25,0x2C26,0x2C26,0x2C27,0x2C27,0x2C28,0x2C28,0x2C29,0x2C29,0x2C2A,0x2C2A,0x2C2B,0x2C2B,0x2C2C,0x2C2C,
0x2C2D,0x2C2D,0x2C2E,0x2C2E,0x2C2F,0x00AD,0x2C30,0x2C00,0x2C31,0x2C01,0x2C32,0x2C02,0x2C33,0x2C03,0x2C34,0x2C04,
0x2C35,0x2C05,0x2C36,0x2C06,0x2C37,0x2C07,0x2C38,0x2C08,0x2C39,0x2C09,0x2C3A,0x2C0A,0x2C3B,0x2C0B,0x2C3C,0x2C0C,
0x2C3D,0x2C0D,0x2C3E,0x2C0E,0x2C3F,0x2C0F,0x2C40,0x2C10,0x2C41,0x2C11,0x2C42,0x2C12,0x2C43,0x2C13,0x2C44,0x2C14,
0x2C45,0x2C15,0x2C46,0x2C16,0x2C47,0x2C17,0x2C48,0x2C18,0x2C49,0x2C19,0x2C4A,0x2C1A,0x2C4B,0x2C1B,0x2C4C,0x2C1C,
0x2C4D,0x2C1D,0x2C4E,0x2C1E,0x2C4F,0x2C1F,0x2C50,0x2C20,0x2C51,0x2C21,0x2C52,0x2C22,0x2C53,0x2C23,0x2C54,0x2C24,
0x2C55,0x2C25,0x2C56,0x2C26,0x2C57,0x2C27,0x2C58,0x2C28,0x2C59,0x2C29,0x2C5A,0x2C2A,0x2C5B,0x2C2B,0x2C5C,0x2C2C,
0x2C5D,0x2C2D,0x2C5E,0x2C2E,0x2C5F,0x00AD,0x2C60,0x2C60,0x2C61,0x2C60,0x2C62,0x026B,0x2C63,0x1D7D,0x2C64,0x027D,
0x2C65,0x023A,0x2C66,0x023E,0x2C67,0x2C67,0x2C68,0x2C67,0x2C69,0x2C69,0x2C6A,0x2C69,0x2C6B,0x2C6B,0x2C6C,0x2C6B,
0x2C6D,0x0251,0x2C6E,0x0271,0x2C6F,0x0250,0x2C72,0x2C72,0x2C73,0x2C72,0x2C75,0x2C75,0x2C76,0x2C75,0x2C7D,0x0056,
0x2C7E,0x023F,0x2C7F,0x0240,0x2C80,0x2C80,0x2C81,0x2C80,0x2C82,0x2C82,0x2C83,0x2C82,0x2C84,0x2C84,0x2C85,0x2C84,
0x2C86,0x2C86,0x2C87,0x2C86,0x2C88,0x2C88,0x2C89,0x2C88,0x2C8A,0x2C8A,0x2C8B,0x2C8A,0x2C8C,0x2C8C,0x2C8D,0x2C8C,
0x2C8E,0x2C8E,0x2C8F,0x2C8E,0x2C90,0x2C90,0x2C91,0x2C90,0x2C92,0x2C92,0x2C93,0x2C92,0x2C94,0x2C94,0x2C95,0x2C94,
0x2C96,0x2C96,0x2C97,0x2C96,0x2C98,0x2C98,0x2C99,0x2C98,0x2C9A,0x2C9A,0x2C9B,0x2C9A,0x2C9C,0x2C9C,0x2C9D,0x2C9C,
0x2C9E,0x2C9E,0x2C9F,0x2C9E,0x2CA0,0x2CA0,0x2CA1,0x2CA0,0x2CA2,0x2CA2,0x2CA3,0x2CA2,0x2CA4,0x2CA4,0x2CA5,0x2CA4,
0x2CA6,0x2CA6,0x2CA7,0x2CA6,0x2CA8,0x2CA8,0x2CA9,0x2CA8,0x2CAA,0x2CAA,0x2CAB,0x2CAA,0x2CAC,0x2CAC,0x2CAD,0x2CAC,
0x2CAE,0x2CAE,0x2CAF,0x2CAE,0x2CB0,0x2CB0,0x2CB1,0x2CB0,0x2CB2,0x2CB2,0x2CB3,0x2CB2,0x2CB4,0x2CB4,0x2CB5,0x2CB4,
0x2CB6,0x2CB6,0x2CB7,0x2CB6,0x2CB8,0x2CB8,0x2CB9,0x2CB8,0x2CBA,0x2CBA,0x2CBB,0x2CBA,0x2CBC,0x2CBC,0x2CBD,0x2CBC,
0x2CBE,0x2CBE,0x2CBF,0x2CBE,0x2CC0,0x2CC0,0x2CC1,0x2CC0,0x2CC2,0x2CC2,0x2CC3,0x2CC2,0x2CC4,0x2CC4,0x2CC5,0x2CC4,
0x2CC6,0x2CC6,0x2CC7,0x2CC6,0x2CC8,0x2CC8,0x2CC9,0x2CC8,0x2CCA,0x2CCA,0x2CCB,0x2CCA,0x2CCC,0x2CCC,0x2CCD,0x2CCC,
0x2CCE,0x2CCE,0x2CCF,0x2CCE,0x2CD0,0x2CD0,0x2CD1,0x2CD0,0x2CD2,0x2CD2,0x2CD3,0x2CD2,0x2CD4,0x2CD4,0x2CD5,0x2CD4,
0x2CD6,0x2CD6,0x2CD7,0x2CD6,0x2CD8,0x2CD8,0x2CD9,0x2CD8,0x2CDA,0x2CDA,0x2CDB,0x2CDA,0x2CDC,0x2CDC,0x2CDD,0x2CDC,
0x2CDE,0x2CDE,0x2CDF,0x2CDE,0x2CE0,0x2CE0,0x2CE1,0x2CE0,0x2CE2,0x2CE2,0x2CE3,0x2CE2,0x2CE4,0x2CE4,0x2CE5,0x2CE5,
0x2CE6,0x2CE6,0x2CE7,0x2CE7,0x2CEB,0x2CEB,0x2CEC,0x2CEB,0x2CED,0x2CED,0x2CEE,0x2CED,0x2CEF,0x0742,0x2CF0,0x0485,
0x2CF1,0x0486,0x2CF2,0x00AD,0x2CF3,0x00AD,0x2CF4,0x00AD,0x2CF5,0x00AD,0x2CF6,0x00AD,0x2CF7,0x00AD,0x2CF8,0x00AD,
0x2D00,0x10A0,0x2D01,0x10A1,0x2D02,0x10A2,0x2D03,0x10A3,0x2D04,0x10A4,0x2D05,0x10A5,0x2D06,0x10A6,0x2D07,0x10A7,
0x2D08,0x10A8,0x2D09,0x10A9,0x2D0A,0x10AA,0x2D0B,0x10AB,0x2D0C,0x10AC,0x2D0D,0x10AD,0x2D0E,0x10AE,0x2D0F,0x10AF,
0x2D10,0x10B0,0x2D11,0x10B1,0x2D12,0x10B2,0x2D13,0x10B3,0x2D14,0x10B4,0x2D15,0x10B5,0x2D16,0x10B6,0x2D17,0x10B7,
0x2D18,0x10B8,0x2D19,0x10B9,0x2D1A,0x10BA,0x2D1B,0x10BB,0x2D1C,0x10BC,0x2D1D,0x10BD,0x2D1E,0x10BE,0x2D1F,0x10BF,
0x2D20,0x10C0,0x2D21,0x10C1,0x2D22,0x10C2,0x2D23,0x10C3,0x2D24,0x10C4,0x2D25,0x10C5,0x2D26,0x00AD,0x2D27,0x00AD,
0x2D28,0x00AD,0x2D29,0x00AD,0x2D2A,0x00AD,0x2D2B,0x00AD,0x2D2C,0x00AD,0x2D2D,0x00AD,0x2D2E,0x00AD,0x2D2F,0x00AD,
0x2D66,0x00AD,0x2D67,0x00AD,0x2D68,0x00AD,0x2D69,0x00AD,0x2D6A,0x00AD,0x2D6B,0x00AD,0x2D6C,0x00AD,0x2D6D,0x00AD,
0x2D6E,0x00AD,0x2D71,0x00AD,0x2D72,0x00AD,0x2D73,0x00AD,0x2D74,0x00AD,0x2D75,0x00AD,0x2D76,0x00AD,0x2D77,0x00AD,
0x2D78,0x00AD,0x2D79,0x00AD,0x2D7A,0x00AD,0x2D7B,0x00AD,0x2D7C,0x00AD,0x2D7D,0x00AD,0x2D7E,0x00AD,0x2D7F,0x0598,
0x2D97,0x00AD,0x2D98,0x00AD,0x2D99,0x00AD,0x2D9A,0x00AD,0x2D9B,0x00AD,0x2D9C,0x00AD,0x2D9D,0x00AD,0x2D9E,0x00AD,
0x2D9F,0x00AD,0x2DA7,0x00AD,0x2DAF,0x00AD,0x2DB7,0x00AD,0x2DBF,0x00AD,0x2DC7,0x00AD,0x2DCF,0x00AD,0x2DD7,0x00AD,
0x2DDF,0x00AD,0x2E11,0x2E11,0x2E12,0x2B1F,0x2E13,0x02D0,0x2E14,0x10FB,0x2E15,0x0950,0x2E16,0x1037,0x2E17,0x0964,
0x2E19,0x070C,0x2E1A,0x070F,0x2E1C,0x0965,0x2E1D,0x0970,0x2E30,0x070D,0x2E32,0x00AD,0x2E33,0x00AD,0x2E34,0x00AD,
0x2E35,0x00AD,0x2E36,0x00AD,0x2E37,0x00AD,0x2E38,0x00AD,0x2E39,0x00AD,0x2E3A,0x00AD,0x2E3B,0x00AD,0x2E3C,0x00AD,
0x2E3D,0x00AD,0x2E3E,0x00AD,0x2E3F,0x00AD,0x2E40,0x00AD,0x2E41,0x00AD,0x2E42,0x00AD,0x2E43,0x00AD,0x2E44,0x00AD,
0x2E45,0x00AD,0x2E46,0x00AD,0x2E47,0x00AD,0x2E48,0x00AD,0x2E49,0x00AD,0x2E4A,0x00AD,0x2E4B,0x00AD,0x2E4C,0x00AD,
0x2E4D,0x00AD,0x2E4E,0x00AD,0x2E4F,0x00AD,0x2E50,0x00AD,0x2E51,0x00AD,0x2E52,0x00AD,0x2E53,0x00AD,0x2E54,0x00AD,
0x2E55,0x00AD,0x2E56,0x00AD,0x2E57,0x00AD,0x2E58,0x00AD,0x2E59,0x00AD,0x2E5A,0x00AD,0x2E5B,0x00AD,0x2E5C,0x00AD,
0x2E5D,0x00AD,0x2E5E,0x00AD,0x2E5F,0x00AD,0x2E60,0x00AD,0x2E61,0x00AD,0x2E62,0x00AD,0x2E63,0x00AD,0x2E64,0x00AD,
0x2E65,0x00AD,0x2E66,0x00AD,0x2E67,0x00AD,0x2E68,0x00AD,0x2E69,0x00AD,0x2E6A,0x00AD,0x2E6B,0x00AD,0x2E6C,0x00AD,
0x2E6D,0x00AD,0x2E6E,0x00AD,0x2E6F,0x00AD,0x2E70,0x00AD,0x2E71,0x00AD,0x2E72,0x00AD,0x2E73,0x00AD,0x2E74,0x00AD,
0x2E75,0x00AD,0x2E76,0x00AD,0x2E77,0x00AD,0x2E78,0x00AD,0x2E79,0x00AD,0x2E7A,0x00AD,0x2E7B,0x00AD,0x2E7C,0x00AD,
0x2E7D,0x00AD,0x2E7E,0x00AD,0x2E7F,0x00AD,0x2E9A,0x00AD,0x2E9F,0x2E9F,0x2EF3,0x2EF3,0x2EF4,0x00AD,0x2EF5,0x00AD,
0x2EF6,0x00AD,0x2EF7,0x00AD,0x2EF8,0x00AD,0x2EF9,0x00AD,0x2EFA,0x00AD,0x2EFB,0x00AD,0x2EFC,0x00AD,0x2EFD,0x00AD,
0x2EFE,0x00AD,0x2EFF,0x00AD,0x2F00,0x2F00,0x2F01,0x2F01,0x2F02,0x2F02,0x2F03,0x2F03,0x2F04,0x2F04,0x2F05,0x2F05,
0x2F06,0x2F06,0x2F07,0x2F07,0x2F08,0x2F08,0x2F09,0x2F09,0x2F0A,0x2F0A,0x2F0B,0x2F0B,0x2F0C,0x2F0C,0x2F0D,0x2F0D,
0x2F0E,0x2F0E,0x2F0F,0x2F0F,0x2F10,0x2F10,0x2F11,0x2F11,0x2F12,0x2F12,0x2F13,0x2F13,0x2F14,0x2F14,0x2F15,0x2F15,
0x2F16,0x2F16,0x2F17,0x2F17,0x2F18,0x2F18,0x2F19,0x2F19,0x2F1A,0x2F1A,0x2F1B,0x2F1B,0x2F1C,0x2F1C,0x2F1D,0x2F1D,
0x2F1E,0x2F1E,0x2F1F,0x2F1F,0x2F20,0x2F20,0x2F21,0x2F21,0x2F22,0x2F22,0x2F23,0x2F23,0x2F24,0x2F24,0x2F25,0x2F25,
0x2F26,0x2F26,0x2F27,0x2F27,0x2F28,0x2F28,0x2F29,0x2F29,0x2F2A,0x2F2A,0x2F2B,0x2F2B,0x2F2C,0x2F2C,0x2F2D,0x2F2D,
0x2F2E,0x2F2E,0x2F2F,0x2F2F,0x2F30,0x2F30,0x2F31,0x2F31,0x2F32,0x2F32,0x2F33,0x2F33,0x2F34,0x2F34,0x2F35,0x2F35,
0x2F36,0x2F36,0x2F37,0x2F37,0x2F38,0x2F38,0x2F39,0x2F39,0x2F3A,0x2F3A,0x2F3B,0x2F3B,0x2F3C,0x2F3C,0x2F3D,0x2F3D,
0x2F3E,0x2F3E,0x2F3F,0x2F3F,0x2F40,0x2F40,0x2F41,0x2F41,0x2F42,0x2F42,0x2F43,0x2F43,0x2F44,0x2F44,0x2F45,0x2F45,
0x2F46,0x2F46,0x2F47,0x2F47,0x2F48,0x2F48,0x2F49,0x2F49,0x2F4A,0x2F4A,0x2F4B,0x2F4B,0x2F4C,0x2F4C,0x2F4D,0x2F4D,
0x2F4E,0x2F4E,0x2F4F,0x2F4F,0x2F50,0x2F50,0x2F51,0x2F51,0x2F52,0x2F52,0x2F53,0x2F53,0x2F54,0x2F54,0x2F55,0x2F55,
0x2F56,0x2F56,0x2F57,0x2F57,0x2F58,0x2F58,0x2F59,0x2F59,0x2F5A,0x2F5A,0x2F5B,0x2F5B,0x2F5C,0x2F5C,0x2F5D,0x2F5D,
0x2F5E,0x2F5E,0x2F5F,0x2F5F,0x2F60,0x2F60,0x2F61,0x2F61,0x2F62,0x2F62,0x2F63,0x2F63,0x2F64,0x2F64,0x2F65,0x2F65,
0x2F66,0x2F66,0x2F67,0x2F67,0x2F68,0x2F68,0x2F69,0x2F69,0x2F6A,0x2F6A,0x2F6B,0x2F6B,0x2F6C,0x2F6C,0x2F6D,0x2F6D,
0x2F6E,0x2F6E,0x2F6F,0x2F6F,0x2F70,0x2F70,0x2F71,0x2F71,0x2F72,0x2F72,0x2F73,0x2F73,0x2F74,0x2F74,0x2F75,0x2F75,
0x2F76,0x2F76,0x2F77,0x2F77,0x2F78,0x2F78,0x2F79,0x2F79,0x2F7A,0x2F7A,0x2F7B,0x2F7B,0x2F7C,0x2F7C,0x2F7D,0x2F7D,
0x2F7E,0x2F7E,0x2F7F,0x2F7F,0x2F80,0x2F80,0x2F81,0x2F81,0x2F82,0x2F82,0x2F83,0x2F83,0x2F84,0x2F84,0x2F85,0x2F85,
0x2F86,0x2F86,0x2F87,0x2F87,0x2F88,0x2F88,0x2F89,0x2F89,0x2F8A,0x2F8A,0x2F8B,0x2F8B,0x2F8C,0x2F8C,0x2F8D,0x2F8D,
0x2F8E,0x2F8E,0x2F8F,0x2F8F,0x2F90,0x2F90,0x2F91,0x2F91,0x2F92,0x2F92,0x2F93,0x2F93,0x2F94,0x2F94,0x2F95,0x2F95,
0x2F96,0x2F96,0x2F97,0x2F97,0x2F98,0x2F98,0x2F99,0x2F99,0x2F9A,0x2F9A,0x2F9B,0x2F9B,0x2F9C,0x2F9C,0x2F9D,0x2F9D,
0x2F9E,0x2F9E,0x2F9F,0x2F9F,0x2FA0,0x2FA0,0x2FA1,0x2FA1,0x2FA2,0x2FA2,0x2FA3,0x2FA3,0x2FA4,0x2FA4,0x2FA5,0x2FA5,
0x2FA6,0x2FA6,0x2FA7,0x2FA7,0x2FA8,0x2FA8,0x2FA9,0x2FA9,0x2FAA,0x2FAA,0x2FAB,0x2FAB,0x2FAC,0x2FAC,0x2FAD,0x2FAD,
0x2FAE,0x2FAE,0x2FAF,0x2FAF,0x2FB0,0x2FB0,0x2FB1,0x2FB1,0x2FB2,0x2FB2,0x2FB3,0x2FB3,0x2FB4,0x2FB4,0x2FB5,0x2FB5,
0x2FB6,0x2FB6,0x2FB7,0x2FB7,0x2FB8,0x2FB8,0x2FB9,0x2FB9,0x2FBA,0x2FBA,0x2FBB,0x2FBB,0x2FBC,0x2FBC,0x2FBD,0x2FBD,
0x2FBE,0x2FBE,0x2FBF,0x2FBF,0x2FC0,0x2FC0,0x2FC1,0x2FC1,0x2FC2,0x2FC2,0x2FC3,0x2FC3,0x2FC4,0x2FC4,0x2FC5,0x2FC5,
0x2FC6,0x2FC6,0x2FC7,0x2FC7,0x2FC8,0x2FC8,0x2FC9,0x2FC9,0x2FCA,0x2FCA,0x2FCB,0x2FCB,0x2FCC,0x2FCC,0x2FCD,0x2FCD,
0x2FCE,0x2FCE,0x2FCF,0x2FCF,0x2FD0,0x2FD0,0x2FD1,0x2FD1,0x2FD2,0x2FD2,0x2FD3,0x2FD3,0x2FD4,0x2FD4,0x2FD5,0x2FD5,
0x2FD6,0x00AD,0x2FD7,0x00AD,0x2FD8,0x00AD,0x2FD9,0x00AD,0x2FDA,0x00AD,0x2FDB,0x00AD,0x2FDC,0x00AD,0x2FDD,0x00AD,
0x2FDE,0x00AD,0x2FDF,0x00AD,0x2FE0,0x00AD,0x2FE1,0x00AD,0x2FE2,0x00AD,0x2FE3,0x00AD,0x2FE4,0x00AD,0x2FE5,0x00AD,
0x2FE6,0x00AD,0x2FE7,0x00AD,0x2FE8,0x00AD,0x2FE9,0x00AD,0x2FEA,0x00AD,0x2FEB,0x00AD,0x2FEC,0x00AD,0x2FED,0x00AD,
0x2FEE,0x00AD,0x2FEF,0x00AD,0x3003,0x2E11,0x3005,0x3005,0x3006,0x2B1F,0x3008,0x2329,0x3009,0x232A,0x300A,0x00A2,
0x300B,0x00A4,0x300E,0x20A4,0x300F,0x20A6,0x3010,0x20A8,0x3011,0x20AF,0x3014,0x20A2,0x3015,0x20A1,0x3016,0x09F3,
0x3017,0x0AF1,0x3018,0x0BF9,0x3019,0x17DB,0x301A,0x060B,0x301B,0x20B2,0x301D,0x20B3,0x301E,0x20B4,0x301F,0x20B5,
0x302A,0x0594,0x302B,0x0595,0x302C,0x0596,0x302D,0x0598,0x302E,0x0594,0x302F,0x0595,0x3031,0x3005,0x3032,0x3005,
0x3033,0x3005,0x3034,0x3005,0x3035,0x3005,0x303B,0x3005,0x303C,0x030D,0x303D,0x030D,0x303E,0x030D,0x3040,0x00AD,
0x3097,0x00AD,0x3098,0x00AD,0x3099,0x030D,0x309A,0x0591,0x309B,0x030D,0x309C,0x0591,0x309D,0x3005,0x309E,0x3005,
0x30A0,0x3005,0x30FC,0x3005,0x30FD,0x3005,0x30FE,0x3005,0x3100,0x00AD,0x3101,0x00AD,0x3102,0x00AD,0x3103,0x00AD,
0x3104,0x00AD,0x312E,0x00AD,0x312F,0x00AD,0x3130,0x00AD,0x318F,0x00AD,0x3190,0x00AD,0x3191,0x00AD,0x31BB,0x00AD,
0x31BC,0x00AD,0x31BD,0x00AD,0x31BE,0x00AD,0x31BF,0x00AD,0x31E4,0x00AD,0x31E5,0x00AD,0x31E6,0x00AD,0x31E7,0x00AD,
0x31E8,0x00AD,0x31E9,0x00AD,0x31EA,0x00AD,0x31EB,0x00AD,0x31EC,0x00AD,0x31ED,0x00AD,0x31EE,0x00AD,0x321D,0x321D,
0x321E,0x321D,0x321F,0x00AD,0x3246,0x2F42,0x3248,0x2469,0x3249,0x24F4,0x3250,0x108D,0x32C9,0x32C9,0x32CA,0x32C9,
0x32CF,0x32CF,0x32FF,0x00AD,0x3373,0x3373,0x3380,0x3380,0x3386,0x3386,0x339E,0x339E,0x33A9,0x3380,0x33B7,0x33B7,
0x33B9,0x33B7,0x33BD,0x33BD,0x33BF,0x33BD,0x33C8,0x0238,0x33CE,0x339E,0x33D4,0x3386,0x3B9D,0x3B9D,0x4018,0x4018,
0x4039,0x4039,0x4E00,0x2F00,0x4E0D,0x4E0D,0x4E26,0x4E26,0x4E28,0x2F01,0x4E32,0x4E32,0x4E36,0x2F02,0x4E39,0x4E39,
0x4E3F,0x2F03,0x4E59,0x2F04,0x4E82,0x4E82,0x4E85,0x2F05,0x4E86,0x4E86,0x4E8C,0x2F06,0x4EA0,0x2F07,0x4EAE,0x4EAE,
0x4EBA,0x2F08,0x4EC0,0x4EC0,0x4EE4,0x4EE4,0x4F80,0x4F80,0x4F86,0x4F86,0x4F8B,0x4F8B,0x4FAE,0x4FAE,0x4FBF,0x4FBF,
0x502B,0x502B,0x50DA,0x50DA,0x50E7,0x50E7,0x513F,0x2F09,0x5140,0x5140,0x5145,0x5145,0x514D,0x514D,0x5165,0x2F0A,
0x5168,0x5168,0x5169,0x5169,0x516B,0x2F0B,0x516D,0x516D,0x5180,0x5180,0x5182,0x2F0C,0x5196,0x2F0D,0x51AB,0x2F0E,
0x51B5,0x51B5,0x51B7,0x51B7,0x51C9,0x51C9,0x51CC,0x51CC,0x51DC,0x51DC,0x51DE,0x51DE,0x51E0,0x2F0F,0x51F5,0x2F10,
0x5200,0x2F11,0x5207,0x5207,0x5217,0x5217,0x5229,0x5229,0x523A,0x523A,0x5289,0x5289,0x529B,0x2F12,0x52A3,0x52A3,
0x52C7,0x52C7,0x52C9,0x52C9,0x52D2,0x52D2,0x52DE,0x52DE,0x52E4,0x52E4,0x52F5,0x52F5,0x52F9,0x2F13,0x52FA,0x52FA,
0x5315,0x2F14,0x5317,0x5317,0x531A,0x2F15,0x5338,0x2F16,0x533F,0x533F,0x5341,0x2F17,0x5351,0x5351,0x535C,0x2F18,
0x5369,0x2F19,0x5375,0x5375,0x5382,0x2F1A,0x53B6,0x2F1B,0x53C3,0x53C3,0x53C8,0x2F1C,0x53E3,0x2F1D,0x53E5,0x53E5,
0x540F,0x540F,0x541D,0x541D,0x5442,0x5442,0x54BD,0x54BD,0x5555,0x5555,0x5587,0x5587,0x5599,0x5599,0x559D,0x559D,
0x55C0,0x55C0,0x55E2,0x55E2,0x5606,0x5606,0x5668,0x5668,0x56D7,0x2F1E,0x56F9,0x56F9,0x571F,0x2F1F,0x5840,0x5840,
0x585A,0x585A,0x585E,0x585E,0x58A8,0x58A8,0x58B3,0x58B3,0x58D8,0x58D8,0x58DF,0x58DF,0x58EB,0x2F20,0x5902,0x2F21,
0x590A,0x2F22,0x5915,0x2F23,0x5927,0x2F24,0x5944,0x5944,0x5948,0x5948,0x5951,0x5951,0x5954,0x5954,0x5973,0x2F25,
0x5A62,0x5A62,0x5B28,0x5B28,0x5B50,0x2F26,0x5B80,0x2F27,0x5B85,0x5B85,0x5BE7,0x5BE7,0x5BEE,0x5BEE,0x5BF8,0x2F28,
0x5C0F,0x2F29,0x5C22,0x2F2A,0x5C38,0x2F2B,0x5C3F,0x5C3F,0x5C62,0x5C62,0x5C64,0x5C64,0x5C65,0x5C65,0x5C6E,0x2F2C,
0x5C71,0x2F2D,0x5D19,0x5D19,0x5D50,0x5D50,0x5DBA,0x5DBA,0x5DDB,0x2F2E,0x5DE5,0x2F2F,0x5DF1,0x2F30,0x5DFE,0x2F31,
0x5E72,0x2F32,0x5E74,0x5E74,0x5E7A,0x2F33,0x5E7F,0x2F34,0x5EA6,0x5EA6,0x5EC9,0x5EC9,0x5ECA,0x5ECA,0x5ED2,0x5ED2,
0x5ED3,0x5ED3,0x5ED9,0x5ED9,0x5EEC,0x5EEC,0x5EF4,0x2F35,0x5EFE,0x2F36,0x5F04,0x5F04,0x5F0B,0x2F37,0x5F13,0x2F38,
0x5F50,0x2F39,0x5F61,0x2F3A,0x5F69,0x5F69,0x5F73,0x2F3B,0x5F8B,0x5F8B,0x5FA9,0x5FA9,0x5FAD,0x5FAD,0x5FC3,0x2F3C,
0x5FF5,0x5FF5,0x6012,0x6012,0x601C,0x601C,0x6094,0x6094,0x60D8,0x60D8,0x60E1,0x60E1,0x6108,0x6108,0x6144,0x6144,
0x614E,0x614E,0x6160,0x6160,0x6168,0x6168,0x618E,0x618E,0x6190,0x6190,0x61F2,0x61F2,0x61F6,0x61F6,0x6200,0x6200,
0x6208,0x2F3D,0x622E,0x622E,0x6234,0x6234,0x6236,0x2F3E,0x624B,0x2F3F,0x62C9,0x62C9,0x62CF,0x62CF,0x62D3,0x62D3,
0x62FE,0x62FE,0x637B,0x637B,0x63A0,0x63A0,0x63C4,0x63C4,0x641C,0x641C,0x6452,0x6452,0x649A,0x649A,0x64C4,0x64C4,
0x652F,0x2F40,0x6534,0x2F41,0x654F,0x654F,0x6556,0x6556,0x6578,0x6578,0x6587,0x2F42,0x6597,0x2F43,0x6599,0x6599,
0x65A4,0x2F44,0x65B9,0x2F45,0x65C5,0x65C5,0x65E0,0x2F46,0x65E2,0x65E2,0x65E5,0x2F47,0x6613,0x6613,0x6674,0x6674,
0x6688,0x6688,0x6691,0x6691,0x66B4,0x66B4,0x66C6,0x66C6,0x66F0,0x2F48,0x66F4,0x66F4,0x6708,0x2F49,0x6717,0x6717,
0x671B,0x671B,0x6728,0x2F4A,0x674E,0x674E,0x6756,0x6756,0x677B,0x677B,0x6797,0x6797,0x67F3,0x67F3,0x6817,0x6817,
0x6881,0x6881,0x6885,0x6885,0x68A8,0x68A8,0x6A02,0x6A02,0x6A13,0x6A13,0x6AD3,0x6AD3,0x6B04,0x6B04,0x6B20,0x2F4B,
0x6B62,0x2F4C,0x6B77,0x6B77,0x6B79,0x2F4D,0x6BAE,0x6BAE,0x6BB3,0x2F4E,0x6BBA,0x6BBA,0x6BCB,0x2F4F,0x6BCD,0x2E9F,
0x6BD4,0x2F50,0x6BDB,0x2F51,0x6C0F,0x2F52,0x6C14,0x2F53,0x6C34,0x2F54,0x6C88,0x6C88,0x6CCC,0x6CCC,0x6CE5,0x6CE5,
0x6D1B,0x6D1B,0x6D1E,0x6D1E,0x6D41,0x6D41,0x6D6A,0x6D6A,0x6D77,0x6D77,0x6DCB,0x6DCB,0x6DDA,0x6DDA,0x6DEA,0x6DEA,
0x6E1A,0x6E1A,0x6E9C,0x6E9C,0x6EBA,0x6EBA,0x6ECB,0x6ECB,0x6ED1,0x6ED1,0x6EDB,0x6EDB,0x6F0F,0x6F0F,0x6F22,0x6F22,
0x6F23,0x6F23,0x6FEB,0x6FEB,0x6FFE,0x6FFE,0x701E,0x701E,0x706B,0x2F55,0x7099,0x7099,0x70C8,0x70C8,0x70D9,0x70D9,
0x7149,0x7149,0x716E,0x716E,0x71CE,0x71CE,0x71D0,0x71D0,0x7210,0x7210,0x721B,0x721B,0x722A,0x2F56,0x722B,0x722B,
0x7235,0x7235,0x7236,0x2F57,0x723B,0x2F58,0x723F,0x2F59,0x7247,0x2F5A,0x7259,0x2F5B,0x725B,0x2F5C,0x7262,0x7262,
0x72AC,0x2F5D,0x72AF,0x72AF,0x72C0,0x72C0,0x72FC,0x72FC,0x732A,0x732A,0x7375,0x7375,0x7384,0x2F5E,0x7387,0x7387,
0x7389,0x2F5F,0x73B2,0x73B2,0x73DE,0x73DE,0x7406,0x7406,0x7409,0x7409,0x7422,0x7422,0x7469,0x7469,0x7471,0x7471,
0x7489,0x7489,0x7498,0x7498,0x74DC,0x2F60,0x74E6,0x2F61,0x7506,0x7506,0x7518,0x2F62,0x751F,0x2F63,0x7528,0x2F64,
0x7530,0x2F65,0x753B,0x753B,0x7559,0x7559,0x7565,0x7565,0x7570,0x7570,0x758B,0x2F66,0x7592,0x2F67,0x75E2,0x75E2,
0x761D,0x761D,0x761F,0x761F,0x7642,0x7642,0x7669,0x7669,0x7676,0x2F68,0x767D,0x2F69,0x76AE,0x2F6A,0x76BF,0x2F6B,
0x76CA,0x76CA,0x76DB,0x76DB,0x76E7,0x76E7,0x76EE,0x2F6C,0x76F4,0x76F4,0x7701,0x7701,0x7740,0x7740,0x774A,0x774A,
0x77A7,0x77A7,0x77DB,0x2F6D,0x77E2,0x2F6E,0x77F3,0x2F6F,0x786B,0x786B,0x788C,0x788C,0x7891,0x7891,0x78CA,0x78CA,
0x78CC,0x78CC,0x78FB,0x78FB,0x792A,0x792A,0x793A,0x2F70,0x793C,0x793C,0x793E,0x793E,0x7948,0x7948,0x7949,0x7949,
0x7950,0x7950,0x7956,0x7956,0x795D,0x795D,0x795E,0x795E,0x7965,0x7965,0x797F,0x797F,0x798D,0x798D,0x798E,0x798E,
0x798F,0x798F,0x79AE,0x79AE,0x79B8,0x2F71,0x79BE,0x2F72,0x79CA,0x79CA,0x7A1C,0x7A1C,0x7A40,0x7A40,0x7A74,0x2F73,
0x7A81,0x7A81,0x7AB1,0x7AB1,0x7ACB,0x2F74,0x7AF9,0x2F75,0x7B20,0x7B20,0x7BC0,0x7BC0,0x7C3E,0x7C3E,0x7C60,0x7C60,
0x7C73,0x2F76,0x7C7B,0x7C7B,0x7C92,0x7C92,0x7CBE,0x7CBE,0x7CD6,0x7CD6,0x7CE7,0x7CE7,0x7CF8,0x2F77,0x7D10,0x7D10,
0x7D22,0x7D22,0x7D2F,0x7D2F,0x7D5B,0x7D5B,0x7DA0,0x7DA0,0x7DBE,0x7DBE,0x7DF4,0x7DF4,0x7E09,0x7E09,0x7E37,0x7E37,
0x7E41,0x7E41,0x7F36,0x2F78,0x7F3E,0x7F3E,0x7F51,0x2F79,0x7F72,0x7F72,0x7F79,0x7F79,0x7F85,0x7F85,0x7F8A,0x2F7A,
0x7F9A,0x7F9A,0x7FBD,0x2F7B,0x8001,0x2F7C,0x8005,0x8005,0x800C,0x2F7D,0x8012,0x2F7E,0x8033,0x2F7F,0x8046,0x8046,
0x806F,0x806F,0x807E,0x807E,0x807F,0x2F80,0x8089,0x2F81,0x808B,0x808B,0x81D8,0x81D8,0x81E3,0x2F82,0x81E8,0x81E8,
0x81EA,0x2F83,0x81ED,0x81ED,0x81F3,0x2F84,0x81FC,0x2F85,0x820C,0x2F86,0x821B,0x2F87,0x821F,0x2F88,0x826E,0x2F89,
0x826F,0x826F,0x8272,0x2F8A,0x8278,0x2F8B,0x8279,0x8279,0x82E5,0x82E5,0x8336,0x8336,0x8352,0x8352,0x83C9,0x83C9,
0x83EF,0x83EF,0x83F1,0x83F1,0x843D,0x843D,0x8449,0x8449,0x8457,0x8457,0x84EE,0x84EE,0x84FC,0x84FC,0x85CD,0x85CD,
0x85FA,0x85FA,0x8606,0x8606,0x8612,0x8612,0x862D,0x862D,0x863F,0x863F,0x864D,0x2F8C,0x865C,0x865C,0x866B,0x2F8D,
0x8779,0x8779,0x87BA,0x87BA,0x881F,0x881F,0x8840,0x2F8E,0x884C,0x2F8F,0x8863,0x2F90,0x88C2,0x88C2,0x88CF,0x88CF,
0x88E1,0x88E1,0x88F8,0x88F8,0x8910,0x8910,0x8941,0x8941,0x8964,0x8964,0x897E,0x2F91,0x8986,0x8986,0x898B,0x2F92,
0x8996,0x8996,0x89D2,0x2F93,0x8A00,0x2F94,0x8AAA,0x8AAA,0x8ABF,0x8ABF,0x8ACB,0x8ACB,0x8AD2,0x8AD2,0x8AD6,0x8AD6,
0x8AED,0x8AED,0x8AF8,0x8AF8,0x8AFE,0x8AFE,0x8B01,0x8B01,0x8B39,0x8B39,0x8B58,0x8B58,0x8B80,0x8B80,0x8B8A,0x8B8A,
0x8C37,0x2F95,0x8C46,0x2F96,0x8C48,0x8C48,0x8C55,0x2F97,0x8C78,0x2F98,0x8C9D,0x2F99,0x8CC2,0x8CC2,0x8CC8,0x8CC8,
0x8CD3,0x8CD3,0x8D08,0x8D08,0x8D64,0x2F9A,0x8D70,0x2F9B,0x8DB3,0x2F9C,0x8DEF,0x8DEF,0x8EAB,0x2F9D,0x8ECA,0x2F9E,
0x8F26,0x8F26,0x8F2A,0x8F2A,0x8F38,0x8F38,0x8F3B,0x8F3B,0x8F62,0x8F62,0x8F9B,0x2F9F,0x8FB0,0x2FA0,0x8FB5,0x2FA1,
0x8FB6,0x8FB6,0x9023,0x9023,0x9038,0x9038,0x9072,0x9072,0x907C,0x907C,0x908F,0x908F,0x9091,0x2FA2,0x90CE,0x90CE,
0x90FD,0x90FD,0x9149,0x2FA3,0x916A,0x916A,0x9199,0x9199,0x91B4,0x91B4,0x91C6,0x2FA4,0x91CC,0x2FA5,0x91CF,0x91CF,
0x91D1,0x2FA6,0x9234,0x9234,0x9276,0x9276,0x9304,0x9304,0x934A,0x934A,0x9577,0x2FA7,0x9580,0x2FA8,0x95AD,0x95AD,
0x961C,0x2FA9,0x962E,0x962E,0x964B,0x964B,0x964D,0x964D,0x9675,0x9675,0x9678,0x9678,0x967C,0x967C,0x9686,0x9686,
0x96A3,0x96A3,0x96B6,0x2FAA,0x96B8,0x96B8,0x96B9,0x2FAB,0x96E2,0x96E2,0x96E3,0x96E3,0x96E8,0x2FAC,0x96F6,0x96F6,
0x96F7,0x96F7,0x9732,0x9732,0x9748,0x9748,0x9751,0x2FAD,0x9756,0x9756,0x975E,0x2FAE,0x9762,0x2FAF,0x9769,0x2FB0,
0x97CB,0x2FB1,0x97DB,0x97DB,0x97ED,0x2FB2,0x97F3,0x2FB3,0x97FF,0x97FF,0x9801,0x2FB4,0x980B,0x980B,0x9818,0x9818,
0x983B,0x983B,0x985E,0x985E,0x98A8,0x2FB5,0x98DB,0x2FB6,0x98DF,0x2FB7,0x98EF,0x98EF,0x98FC,0x98FC,0x9928,0x9928,
0x9996,0x2FB8,0x9999,0x2FB9,0x99AC,0x2FBA,0x99F1,0x99F1,0x9A6A,0x9A6A,0x9AA8,0x2FBB,0x9AD8,0x2FBC,0x9ADF,0x2FBD,
0x9B12,0x9B12,0x9B25,0x2FBE,0x9B2F,0x2FBF,0x9B32,0x2FC0,0x9B3C,0x2FC1,0x9B5A,0x2FC2,0x9B6F,0x9B6F,0x9C57,0x9C57,
0x9CE5,0x2FC3,0x9DB4,0x9DB4,0x9DFA,0x9DFA,0x9E1E,0x9E1E,0x9E75,0x2FC4,0x9E7F,0x2FC5,0x9E97,0x9E97,0x9E9F,0x9E9F,
0x9EA5,0x2FC6,0x9EBB,0x2FC7,0x9EC3,0x2FC8,0x9ECD,0x2FC9,0x9ECE,0x9ECE,0x9ED1,0x2FCA,0x9EF9,0x2FCB,0x9EFD,0x2FCC,
0x9F0E,0x2FCD,0x9F13,0x2FCE,0x9F20,0x2FCF,0x9F3B,0x2FD0,0x9F43,0x9F43,0x9F4A,0x2FD1,0x9F52,0x2FD2,0x9F8D,0x2FD3,
0x9F8E,0x9F8E,0x9F9C,0x2FD4,0x9F9F,0x2EF3,0x9FA0,0x2FD5,0xA015,0x3005,0xA0B8,0xA0B8,0xA0B9,0xA0B8,0xA484,0xA484,
0xA485,0xA484,0xA48D,0x00AD,0xA48E,0x00AD,0xA48F,0x00AD,0xA4C7,0x00AD,0xA4C8,0x00AD,0xA4C9,0x00AD,0xA4CA,0x00AD,
0xA4CB,0x00AD,0xA4CC,0x00AD,0xA4CD,0x00AD,0xA4CE,0x00AD,0xA4CF,0x00AD,0xA4FE,0x10FB,0xA4FF,0x0950,0xA62C,0x00AD,
0xA62D,0x00AD,0xA62E,0x00AD,0xA62F,0x00AD,0xA630,0x00AD,0xA631,0x00AD,0xA632,0x00AD,0xA633,0x00AD,0xA634,0x00AD,
0xA635,0x00AD,0xA636,0x00AD,0xA637,0x00AD,0xA638,0x00AD,0xA639,0x00AD,0xA63A,0x00AD,0xA63B,0x00AD,0xA63C,0x00AD,
0xA63D,0x00AD,0xA63E,0x00AD,0xA63F,0x00AD,0xA640,0xA640,0xA641,0xA640,0xA642,0xA642,0xA643,0xA642,0xA644,0xA644,
0xA645,0xA644,0xA646,0xA646,0xA647,0xA646,0xA648,0xA648,0xA649,0xA648,0xA64A,0xA64A,0xA64B,0xA64A,0xA64C,0xA64C,
0xA64D,0xA64C,0xA64E,0xA64E,0xA64F,0xA64E,0xA650,0xA650,0xA651,0xA650,0xA652,0xA652,0xA653,0xA652,0xA654,0xA654,
0xA655,0xA654,0xA656,0xA656,0xA657,0xA656,0xA658,0xA658,0xA659,0xA658,0xA65A,0xA65A,0xA65B,0xA65A,0xA65C,0xA65C,
0xA65D,0xA65C,0xA65E,0xA65E,0xA65F,0xA65E,0xA660,0x00AD,0xA661,0x00AD,0xA662,0xA662,0xA663,0xA662,0xA664,0xA664,
0xA665,0xA664,0xA666,0xA666,0xA667,0xA666,0xA668,0xA668,0xA669,0xA668,0xA66A,0xA66A,0xA66B,0xA66A,0xA66C,0xA66C,
0xA66D,0xA66C,0xA66F,0x055A,0xA674,0x00AD,0xA675,0x00AD,0xA676,0x00AD,0xA677,0x00AD,0xA678,0x00AD,0xA679,0x00AD,
0xA67A,0x00AD,0xA67B,0x00AD,0xA67C,0x0711,0xA67D,0x0743,0xA680,0xA680,0xA681,0xA680,0xA682,0xA682,0xA683,0xA682,
0xA684,0xA684,0xA685,0xA684,0xA686,0xA686,0xA687,0xA686,0xA688,0xA688,0xA689,0xA688,0xA68A,0xA68A,0xA68B,0xA68A,
0xA68C,0xA68C,0xA68D,0xA68C,0xA68E,0xA68E,0xA68F,0xA68E,0xA690,0xA690,0xA691,0xA690,0xA692,0xA692,0xA693,0xA692,
0xA694,0xA694,0xA695,0xA694,0xA696,0xA696,0xA697,0xA696,0xA698,0x00AD,0xA699,0x00AD,0xA69A,0x00AD,0xA69B,0x00AD,
0xA69C,0x00AD,0xA69D,0x00AD,0xA69E,0x00AD,0xA69F,0x00AD,0xA6F0,0x02D5,0xA6F1,0x02D6,0xA6F8,0x00AD,0xA6F9,0x00AD,
0xA6FA,0x00AD,0xA6FB,0x00AD,0xA6FC,0x00AD,0xA6FD,0x00AD,0xA6FE,0x00AD,0xA6FF,0x00AD,0xA722,0xA722,0xA723,0xA722,
0xA724,0xA724,0xA725,0xA724,0xA726,0xA726,0xA727,0xA726,0xA728,0xA728,0xA729,0xA728,0xA72A,0xA72A,0xA72B,0xA72A,
0xA72C,0xA72C,0xA72D,0xA72C,0xA72E,0xA72E,0xA72F,0xA72E,0xA732,0xA732,0xA733,0xA732,0xA734,0xA734,0xA735,0xA734,
0xA736,0x3373,0xA737,0x3373,0xA738,0xA738,0xA739,0xA738,0xA73A,0xA738,0xA73B,0xA738,0xA73C,0xA73C,0xA73D,0xA73C,
0xA73E,0xA73E,0xA73F,0xA73E,0xA740,0xA740,0xA741,0xA740,0xA742,0xA742,0xA743,0xA742,0xA744,0xA744,0xA745,0xA744,
0xA746,0xA746,0xA747,0xA746,0xA748,0xA748,0xA749,0xA748,0xA74A,0xA74A,0xA74B,0xA74A,0xA74C,0xA74C,0xA74D,0xA74C,
0xA74E,0xA74E,0xA74F,0xA74E,0xA750,0xA750,0xA751,0xA750,0xA752,0xA752,0xA753,0xA752,0xA754,0xA754,0xA755,0xA754,
0xA756,0xA756,0xA757,0xA756,0xA758,0xA758,0xA759,0xA758,0xA75A,0xA75A,0xA75B,0xA75A,0xA75C,0xA75C,0xA75D,0xA75C,
0xA75E,0xA75E,0xA75F,0xA75E,0xA760,0xA760,0xA761,0xA760,0xA762,0xA762,0xA763,0xA762,0xA764,0x00DE,0xA765,0x00DE,
0xA766,0x00DE,0xA767,0x00DE,0xA768,0xA768,0xA769,0xA768,0xA76A,0xA76A,0xA76B,0xA76A,0xA76C,0xA76C,0xA76D,0xA76C,
0xA76E,0xA76E,0xA76F,0xA76E,0xA770,0xA76E,0xA779,0xA779,0xA77A,0xA779,0xA77B,0xA77B,0xA77C,0xA77B,0xA77D,0x1D79,
0xA77E,0xA77E,0xA77F,0xA77E,0xA780,0xA780,0xA781,0xA780,0xA782,0xA782,0xA783,0xA782,0xA784,0xA784,0xA785,0xA784,
0xA786,0xA786,0xA787,0xA786,0xA78B,0xA78B,0xA78C,0xA78B,0xA78F,0x00AD,0xA790,0xA790,0xA791,0xA790,0xA792,0x00AD,
0xA793,0x00AD,0xA794,0x00AD,0xA795,0x00AD,0xA796,0x00AD,0xA797,0x00AD,0xA798,0x00AD,0xA799,0x00AD,0xA79A,0x00AD,
0xA79B,0x00AD,0xA79C,0x00AD,0xA79D,0x00AD,0xA79E,0x00AD,0xA79F,0x00AD,0xA7A0,0xA7A0,0xA7A1,0xA7A0,0xA7A2,0xA7A2,
0xA7A3,0xA7A2,0xA7A4,0xA7A4,0xA7A5,0xA7A4,0xA7A6,0xA7A6,0xA7A7,0xA7A6,0xA7A8,0xA7A8,0xA7A9,0xA7A8,0xA7AA,0x00AD,
0xA7AB,0x00AD,0xA7AC,0x00AD,0xA7AD,0x00AD,0xA7AE,0x00AD,0xA7AF,0x00AD,0xA7B0,0x00AD,0xA7B1,0x00AD,0xA7B2,0x00AD,
0xA7B3,0x00AD,0xA7B4,0x00AD,0xA7B5,0x00AD,0xA7B6,0x00AD,0xA7B7,0x00AD,0xA7B8,0x00AD,0xA7B9,0x00AD,0xA7BA,0x00AD,
0xA7BB,0x00AD,0xA7BC,0x00AD,0xA7BD,0x00AD,0xA7BE,0x00AD,0xA7BF,0x00AD,0xA7C0,0x00AD,0xA7C1,0x00AD,0xA7C2,0x00AD,
0xA7C3,0x00AD,0xA7C4,0x00AD,0xA7C5,0x00AD,0xA7C6,0x00AD,0xA7C7,0x00AD,0xA7C8,0x00AD,0xA7C9,0x00AD,0xA7CA,0x00AD,
0xA7CB,0x00AD,0xA7CC,0x00AD,0xA7CD,0x00AD,0xA7CE,0x00AD,0xA7CF,0x00AD,0xA7D0,0x00AD,0xA7D1,0x00AD,0xA7D2,0x00AD,
0xA7D3,0x00AD,0xA7D4,0x00AD,0xA7D5,0x00AD,0xA7D6,0x00AD,0xA7D7,0x00AD,0xA7D8,0x00AD,0xA7D9,0x00AD,0xA7DA,0x00AD,
0xA7DB,0x00AD,0xA7DC,0x00AD,0xA7DD,0x00AD,0xA7DE,0x00AD,0xA7DF,0x00AD,0xA7E0,0x00AD,0xA7E1,0x00AD,0xA7E2,0x00AD,
0xA7E3,0x00AD,0xA7E4,0x00AD,0xA7E5,0x00AD,0xA7E6,0x00AD,0xA7E7,0x00AD,0xA7E8,0x00AD,0xA7E9,0x00AD,0xA7EA,0x00AD,
0xA7EB,0x00AD,0xA7EC,0x00AD,0xA7ED,0x00AD,0xA7EE,0x00AD,0xA7EF,0x00AD,0xA7F0,0x00AD,0xA7F1,0x00AD,0xA7F2,0x00AD,
0xA7F3,0x00AD,0xA7F4,0x00AD,0xA7F5,0x00AD,0xA7F6,0x00AD,0xA7F7,0x00AD,0xA7F8,0x00AD,0xA7F9,0x00AD,0xA828,0x2CE4,
0xA829,0x2CE5,0xA82A,0x2CE6,0xA82B,0x2CE7,0xA82C,0x00AD,0xA82D,0x00AD,0xA82E,0x00AD,0xA82F,0x00AD,0xA836,0x00AD,
0xA837,0x00AD,0xA838,0x00AD,0xA839,0x00AD,0xA83A,0x00AD,0xA83B,0x00AD,0xA83C,0x00AD,0xA83D,0x00AD,0xA83E,0x00AD,
0xA83F,0x00AD,0xA874,0x1B5A,0xA875,0x1B5B,0xA876,0x1B5C,0xA877,0x1B5D,0xA878,0x00AD,0xA879,0x00AD,0xA87A,0x00AD,
0xA87B,0x00AD,0xA87C,0x00AD,0xA87D,0x00AD,0xA87E,0x00AD,0xA87F,0x00AD,0xA8C5,0x00AD,0xA8C6,0x00AD,0xA8C7,0x00AD,
0xA8C8,0x00AD,0xA8C9,0x00AD,0xA8CA,0x00AD,0xA8CB,0x00AD,0xA8CC,0x00AD,0xA8CD,0x00AD,0xA8CE,0x0964,0xA8CF,0x0965,
0xA8DA,0x00AD,0xA8DB,0x00AD,0xA8DC,0x00AD,0xA8DD,0x00AD,0xA8DE,0x00AD,0xA8DF,0x00AD,0xA8E0,0x00AD,0xA8E1,0x00AD,
0xA8E2,0x00AD,0xA8E3,0x00AD,0xA8E4,0x00AD,0xA8E5,0x00AD,0xA8E6,0x00AD,0xA8E7,0x00AD,0xA8E8,0x00AD,0xA8E9,0x00AD,
0xA8EA,0x00AD,0xA8EB,0x00AD,0xA8EC,0x00AD,0xA8ED,0x00AD,0xA8EE,0x00AD,0xA8EF,0x00AD,0xA8F0,0x00AD,0xA8F1,0x00AD,
0xA8F3,0xA8F3,0xA8F4,0xA8F3,0xA8F5,0xA8F3,0xA8F6,0xA8F3,0xA8F7,0xA8F3,0xA8F8,0x00AD,0xA8F9,0x00AD,0xA8FA,0x00AD,
0xA8FC,0x00AD,0xA8FD,0x00AD,0xA8FE,0x00AD,0xA8FF,0x00AD,0xA92B,0x030D,0xA92C,0x0591,0xA92D,0x0592,0xA92E,0x0CF1,
0xA92F,0x0CF2,0xA954,0x00AD,0xA955,0x00AD,0xA956,0x00AD,0xA957,0x00AD,0xA958,0x00AD,0xA959,0x00AD,0xA95A,0x00AD,
0xA95B,0x00AD,0xA95C,0x00AD,0xA95D,0x00AD,0xA95E,0x00AD,0xA95F,0x32CF,0xA979,0xA979,0xA97D,0x00AD,0xA97E,0x00AD,
0xA97F,0x00AD,0xA984,0xA984,0xA9CE,0x00AD,0xA9CF,0xA984,0xA9DA,0x00AD,0xA9DB,0x00AD,0xA9DC,0x00AD,0xA9DD,0x00AD,
0xA9E0,0x00AD,0xA9E1,0x00AD,0xA9E2,0x00AD,0xA9E3,0x00AD,0xA9E4,0x00AD,0xA9E5,0x00AD,0xA9E6,0x00AD,0xA9E7,0x00AD,
0xA9E8,0x00AD,0xA9E9,0x00AD,0xA9EA,0x00AD,0xA9EB,0x00AD,0xA9EC,0x00AD,0xA9ED,0x00AD,0xA9EE,0x00AD,0xA9EF,0x00AD,
0xA9F0,0x00AD,0xA9F1,0x00AD,0xA9F2,0x00AD,0xA9F3,0x00AD,0xA9F4,0x00AD,0xA9F5,0x00AD,0xA9F6,0x00AD,0xA9F7,0x00AD,
0xA9F8,0x00AD,0xA9F9,0x00AD,0xA9FA,0x00AD,0xA9FB,0x00AD,0xA9FC,0x00AD,0xA9FD,0x00AD,0xA9FE,0x00AD,0xA9FF,0x00AD,
0xAA37,0x00AD,0xAA38,0x00AD,0xAA39,0x00AD,0xAA3A,0x00AD,0xAA3B,0x00AD,0xAA3C,0x00AD,0xAA3D,0x00AD,0xAA3E,0x00AD,
0xAA3F,0x00AD,0xAA4E,0x00AD,0xAA4F,0x00AD,0xAA5A,0x00AD,0xAA5B,0x00AD,0xAA5C,0x1037,0xAA5D,0x0964,0xAA5E,0x0965,
0xAA5F,0x0970,0xAA7C,0x00AD,0xAA7D,0x00AD,0xAA7E,0x00AD,0xAA7F,0x00AD,0xAA80,0xAA80,0xAAC3,0x00AD,0xAAC4,0x00AD,
0xAAC5,0x00AD,0xAAC6,0x00AD,0xAAC7,0x00AD,0xAAC8,0x00AD,0xAAC9,0x00AD,0xAACA,0x00AD,0xAACB,0x00AD,0xAACC,0x00AD,
0xAACD,0x00AD,0xAACE,0x00AD,0xAACF,0x00AD,0xAAD0,0x00AD,0xAAD1,0x00AD,0xAAD2,0x00AD,0xAAD3,0x00AD,0xAAD4,0x00AD,
0xAAD5,0x00AD,0xAAD6,0x00AD,0xAAD7,0x00AD,0xAAD8,0x00AD,0xAAD9,0x00AD,0xAADA,0x00AD,0xAADD,0xAA80,0xAAE0,0x00AD,
0xAAE1,0x00AD,0xAAE2,0x00AD,0xAAE3,0x00AD,0xAAE4,0x00AD,0xAAE5,0x00AD,0xAAE6,0x00AD,0xAAE7,0x00AD,0xAAE8,0x00AD,
0xAAE9,0x00AD,0xAAEA,0x00AD,0xAAEB,0x00AD,0xAAEC,0x00AD,0xAAED,0x00AD,0xAAEE,0x00AD,0xAAEF,0x00AD,0xAAF0,0x00AD,
0xAAF1,0x00AD,0xAAF2,0x00AD,0xAAF3,0x00AD,0xAAF4,0x00AD,0xAAF5,0x00AD,0xAAF6,0x00AD,0xAAF7,0x00AD,0xAAF8,0x00AD,
0xAAF9,0x00AD,0xAAFA,0x00AD,0xAAFB,0x00AD,0xAAFC,0x00AD,0xAAFD,0x00AD,0xAAFE,0x00AD,0xAAFF,0x00AD,0xAB00,0x00AD,
0xAB07,0x00AD,0xAB08,0x00AD,0xAB0F,0x00AD,0xAB10,0x00AD,0xAB17,0x00AD,0xAB18,0x00AD,0xAB19,0x00AD,0xAB1A,0x00AD,
0xAB1B,0x00AD,0xAB1C,0x00AD,0xAB1D,0x00AD,0xAB1E,0x00AD,0xAB1F,0x00AD,0xAB27,0x00AD,0xAB2F,0x00AD,0xAB30,0x00AD,
0xAB31,0x00AD,0xAB32,0x00AD,0xAB33,0x00AD,0xAB34,0x00AD,0xAB35,0x00AD,0xAB36,0x00AD,0xAB37,0x00AD,0xAB38,0x00AD,
0xAB39,0x00AD,0xAB3A,0x00AD,0xAB3B,0x00AD,0xAB3C,0x00AD,0xAB3D,0x00AD,0xAB3E,0x00AD,0xAB3F,0x00AD,0xAB40,0x00AD,
0xAB41,0x00AD,0xAB42,0x00AD,0xAB43,0x00AD,0xAB44,0x00AD,0xAB45,0x00AD,0xAB46,0x00AD,0xAB47,0x00AD,0xAB48,0x00AD,
0xAB49,0x00AD,0xAB4A,0x00AD,0xAB4B,0x00AD,0xAB4C,0x00AD,0xAB4D,0x00AD,0xAB4E,0x00AD,0xAB4F,0x00AD,0xAB50,0x00AD,
0xAB51,0x00AD,0xAB52,0x00AD,0xAB53,0x00AD,0xAB54,0x00AD,0xAB55,0x00AD,0xAB56,0x00AD,0xAB57,0x00AD,0xAB58,0x00AD,
0xAB59,0x00AD,0xAB5A,0x00AD,0xAB5B,0x00AD,0xAB5C,0x00AD,0xAB5D,0x00AD,0xAB5E,0x00AD,0xAB5F,0x00AD,0xAB60,0x00AD,
0xAB61,0x00AD,0xAB62,0x00AD,0xAB63,0x00AD,0xAB64,0x00AD,0xAB65,0x00AD,0xAB66,0x00AD,0xAB67,0x00AD,0xAB68,0x00AD,
0xAB69,0x00AD,0xAB6A,0x00AD,0xAB6B,0x00AD,0xAB6C,0x00AD,0xAB6D,0x00AD,0xAB6E,0x00AD,0xAB6F,0x00AD,0xAB70,0x00AD,
0xAB71,0x00AD,0xAB72,0x00AD,0xAB73,0x00AD,0xAB74,0x00AD,0xAB75,0x00AD,0xAB76,0x00AD,0xAB77,0x00AD,0xAB78,0x00AD,
0xAB79,0x00AD,0xAB7A,0x00AD,0xAB7B,0x00AD,0xAB7C,0x00AD,0xAB7D,0x00AD,0xAB7E,0x00AD,0xAB7F,0x00AD,0xAB80,0x00AD,
0xAB81,0x00AD,0xAB82,0x00AD,0xAB83,0x00AD,0xAB84,0x00AD,0xAB85,0x00AD,0xAB86,0x00AD,0xAB87,0x00AD,0xAB88,0x00AD,
0xAB89,0x00AD,0xAB8A,0x00AD,0xAB8B,0x00AD,0xAB8C,0x00AD,0xAB8D,0x00AD,0xAB8E,0x00AD,0xAB8F,0x00AD,0xAB90,0x00AD,
0xAB91,0x00AD,0xAB92,0x00AD,0xAB93,0x00AD,0xAB94,0x00AD,0xAB95,0x00AD,0xAB96,0x00AD,0xAB97,0x00AD,0xAB98,0x00AD,
0xAB99,0x00AD,0xAB9A,0x00AD,0xAB9B,0x00AD,0xAB9C,0x00AD,0xAB9D,0x00AD,0xAB9E,0x00AD,0xAB9F,0x00AD,0xABA0,0x00AD,
0xABA1,0x00AD,0xABA2,0x00AD,0xABA3,0x00AD,0xABA4,0x00AD,0xABA5,0x00AD,0xABA6,0x00AD,0xABA7,0x00AD,0xABA8,0x00AD,
0xABA9,0x00AD,0xABAA,0x00AD,0xABAB,0x00AD,0xABAC,0x00AD,0xABAD,0x00AD,0xABAE,0x00AD,0xABAF,0x00AD,0xABB0,0x00AD,
0xABB1,0x00AD,0xABB2,0x00AD,0xABB3,0x00AD,0xABB4,0x00AD,0xABB5,0x00AD,0xABB6,0x00AD,0xABB7,0x00AD,0xABB8,0x00AD,
0xABB9,0x00AD,0xABBA,0x00AD,0xABBB,0x00AD,0xABBC,0x00AD,0xABBD,0x00AD,0xABBE,0x00AD,0xABBF,0x00AD,0xABEE,0x00AD,
0xABEF,0x00AD,0xABFA,0x00AD,0xABFB,0x00AD,0xABFC,0x00AD,0xABFD,0x00AD,0xABFE,0x00AD,0xABFF,0x00AD,0xAE4B,0x1101,
0xB096,0x115A,0xB097,0x1102,0xB2E2,0x1113,0xB2E3,0x1103,0xB52E,0x1117,0xB52F,0x1104,0xB77A,0x115E,0xB77B,0x1105,
0xB9C6,0x1118,0xB9C7,0x1106,0xBC12,0x111C,0xBC13,0x1107,0xBE5E,0x111E,0xBE5F,0x1108,0xC0AA,0x1121,0xC0AB,0x1109,
0xC2F6,0x112D,0xC2F7,0x110A,0xC542,0x1134,0xC543,0x110B,0xC78E,0x1141,0xC78F,0x110C,0xC9DA,0x114D,0xC9DB,0x110D,
0xCC26,0x114E,0xCC27,0x110E,0xCE72,0x1152,0xCE73,0x110F,0xD0BF,0x1110,0xD30A,0xA979,0xD30B,0x1111,0xD556,0x1156,
0xD557,0x1112,0xD7A2,0x1158,0xD7A4,0x00AD,0xD7A5,0x00AD,0xD7A6,0x00AD,0xD7A7,0x00AD,0xD7A8,0x00AD,0xD7A9,0x00AD,
0xD7AA,0x00AD,0xD7AB,0x00AD,0xD7AC,0x00AD,0xD7AD,0x00AD,0xD7AE,0x00AD,0xD7AF,0x00AD,0xD7B0,0xD7A2,0xD7B1,0xD7A2,
0xD7B2,0xD7A2,0xD7B3,0x1184,0xD7B4,0xD7A2,0xD7B5,0xD7A2,0xD7B6,0xD7A2,0xD7B7,0x1190,0xD7B8,0xD7A2,0xD7B9,0xD7A2,
0xD7BA,0xD7A2,0xD7BB,0xD7A2,0xD7BC,0x1195,0xD7BD,0xD7A2,0xD7BE,0xD7A2,0xD7BF,0xD7A2,0xD7C0,0xD7A2,0xD7C1,0xD7A2,
0xD7C2,0x119B,0xD7C3,0xD7A2,0xD7C4,0xD7A2,0xD7C5,0xD7A2,0xD7C6,0x11A0,0xD7C7,0x00AD,0xD7C8,0x00AD,0xD7C9,0x00AD,
0xD7CA,0x00AD,0xD7CB,0xD7A2,0xD7CC,0xD7A2,0xD7CD,0xD7A2,0xD7CE,0xD7A2,0xD7CF,0xD7A2,0xD7D0,0xD7A2,0xD7D1,0xD7A2,
0xD7D2,0xD7A2,0xD7D3,0xD7A2,0xD7D4,0xD7A2,0xD7D5,0xD7A2,0xD7D6,0xD7A2,0xD7D7,0xD7A2,0xD7D8,0xD7A2,0xD7D9,0xD7A2,
0xD7DA,0xD7A2,0xD7DB,0xD7A2,0xD7DC,0xD7A2,0xD7DD,0x11D9,0xD7DE,0xD7A2,0xD7DF,0xD7A2,0xD7E0,0xD7A2,0xD7E1,0xD7A2,
0xD7E2,0xD7A2,0xD7E3,0xD7A2,0xD7E4,0xD7A2,0xD7E5,0xD7A2,0xD7E6,0xD7A2,0xD7E7,0xD7A2,0xD7E8,0xD7A2,0xD7E9,0xD7A2,
0xD7EA,0xD7A2,0xD7EB,0xD7A2,0xD7EC,0xD7A2,0xD7ED,0xD7A2,0xD7EE,0xD7A2,0xD7EF,0xD7A2,0xD7F0,0xD7A2,0xD7F1,0xD7A2,
0xD7F2,0xD7A2,0xD7F3,0xD7A2,0xD7F4,0xD7A2,0xD7F5,0xD7A2,0xD7F6,0xD7A2,0xD7F7,0xD7A2,0xD7F8,0xD7A2,0xD7F9,0xD7A2,
0xD7FA,0xD7A2,0xD7FB,0xD7A2,0xD7FC,0x00AD,0xD7FD,0x00AD,0xD7FE,0x00AD,0xD7FF,0x00AD,0xD8C0,0x00AD,0xD8C1,0x00AD,
0xD8C2,0x00AD,0xD8C3,0x00AD,0xD8C4,0x00AD,0xD8C5,0x00AD,0xD8C6,0x00AD,0xD8C7,0x00AD,0xD8C8,0x00AD,0xD8C9,0x00AD,
0xD8CA,0x00AD,0xD8CB,0x00AD,0xD8CC,0x00AD,0xD8CD,0x00AD,0xD8CE,0x00AD,0xD8CF,0x00AD,0xD8D0,0x00AD,0xD8D1,0x00AD,
0xD8D2,0x00AD,0xD8D3,0x00AD,0xD8D4,0x00AD,0xD8D5,0x00AD,0xD8D6,0x00AD,0xD8D7,0x00AD,0xD8D8,0x00AD,0xD8D9,0x00AD,
0xD8DA,0x00AD,0xD8DB,0x00AD,0xD8DC,0x00AD,0xD8DD,0x00AD,0xD8DE,0x00AD,0xD8DF,0x00AD,0xD8E0,0x00AD,0xD8E1,0x00AD,
0xD8E2,0x00AD,0xD8E3,0x00AD,0xD8E4,0x00AD,0xD8E5,0x00AD,0xD8E6,0x00AD,0xD8E7,0x00AD,0xD8E8,0x00AD,0xD8E9,0x00AD,
0xD8EA,0x00AD,0xD8EB,0x00AD,0xD8EC,0x00AD,0xD8ED,0x00AD,0xD8EE,0x00AD,0xD8EF,0x00AD,0xD8F0,0x00AD,0xD8F1,0x00AD,
0xD8F2,0x00AD,0xD8F3,0x00AD,0xD8F4,0x00AD,0xD8F5,0x00AD,0xD8F6,0x00AD,0xD8F7,0x00AD,0xD8F8,0x00AD,0xD8F9,0x00AD,
0xD8FA,0x00AD,0xD8FB,0x00AD,0xD8FC,0x00AD,0xD8FD,0x00AD,0xD8FE,0x00AD,0xD8FF,0x00AD,0xD900,0x00AD,0xD901,0x00AD,
0xD902,0x00AD,0xD903,0x00AD,0xD904,0x00AD,0xD905,0x00AD,0xD906,0x00AD,0xD907,0x00AD,0xD908,0x00AD,0xD909,0x00AD,
0xD90A,0x00AD,0xD90B,0x00AD,0xD90C,0x00AD,0xD90D,0x00AD,0xD90E,0x00AD,0xD90F,0x00AD,0xD910,0x00AD,0xD911,0x00AD,
0xD912,0x00AD,0xD913,0x00AD,0xD914,0x00AD,0xD915,0x00AD,0xD916,0x00AD,0xD917,0x00AD,0xD918,0x00AD,0xD919,0x00AD,
0xD91A,0x00AD,0xD91B,0x00AD,0xD91C,0x00AD,0xD91D,0x00AD,0xD91E,0x00AD,0xD91F,0x00AD,0xD920,0x00AD,0xD921,0x00AD,
0xD922,0x00AD,0xD923,0x00AD,0xD924,0x00AD,0xD925,0x00AD,0xD926,0x00AD,0xD927,0x00AD,0xD928,0x00AD,0xD929,0x00AD,
0xD92A,0x00AD,0xD92B,0x00AD,0xD92C,0x00AD,0xD92D,0x00AD,0xD92E,0x00AD,0xD92F,0x00AD,0xD930,0x00AD,0xD931,0x00AD,
0xD932,0x00AD,0xD933,0x00AD,0xD934,0x00AD,0xD935,0x00AD,0xD936,0x00AD,0xD937,0x00AD,0xD938,0x00AD,0xD939,0x00AD,
0xD93A,0x00AD,0xD93B,0x00AD,0xD93C,0x00AD,0xD93D,0x00AD,0xD93E,0x00AD,0xD93F,0x00AD,0xD940,0x00AD,0xD941,0x00AD,
0xD942,0x00AD,0xD943,0x00AD,0xD944,0x00AD,0xD945,0x00AD,0xD946,0x00AD,0xD947,0x00AD,0xD948,0x00AD,0xD949,0x00AD,
0xD94A,0x00AD,0xD94B,0x00AD,0xD94C,0x00AD,0xD94D,0x00AD,0xD94E,0x00AD,0xD94F,0x00AD,0xD950,0x00AD,0xD951,0x00AD,
0xD952,0x00AD,0xD953,0x00AD,0xD954,0x00AD,0xD955,0x00AD,0xD956,0x00AD,0xD957,0x00AD,0xD958,0x00AD,0xD959,0x00AD,
0xD95A,0x00AD,0xD95B,0x00AD,0xD95C,0x00AD,0xD95D,0x00AD,0xD95E,0x00AD,0xD95F,0x00AD,0xD960,0x00AD,0xD961,0x00AD,
0xD962,0x00AD,0xD963,0x00AD,0xD964,0x00AD,0xD965,0x00AD,0xD966,0x00AD,0xD967,0x00AD,0xD968,0x00AD,0xD969,0x00AD,
0xD96A,0x00AD,0xD96B,0x00AD,0xD96C,0x00AD,0xD96D,0x00AD,0xD96E,0x00AD,0xD96F,0x00AD,0xD970,0x00AD,0xD971,0x00AD,
0xD972,0x00AD,0xD973,0x00AD,0xD974,0x00AD,0xD975,0x00AD,0xD976,0x00AD,0xD977,0x00AD,0xD978,0x00AD,0xD979,0x00AD,
0xD97A,0x00AD,0xD97B,0x00AD,0xD97C,0x00AD,0xD97D,0x00AD,0xD97E,0x00AD,0xD97F,0x00AD,0xD980,0x00AD,0xD981,0x00AD,
0xD982,0x00AD,0xD983,0x00AD,0xD984,0x00AD,0xD985,0x00AD,0xD986,0x00AD,0xD987,0x00AD,0xD988,0x00AD,0xD989,0x00AD,
0xD98A,0x00AD,0xD98B,0x00AD,0xD98C,0x00AD,0xD98D,0x00AD,0xD98E,0x00AD,0xD98F,0x00AD,0xD990,0x00AD,0xD991,0x00AD,
0xD992,0x00AD,0xD993,0x00AD,0xD994,0x00AD,0xD995,0x00AD,0xD996,0x00AD,0xD997,0x00AD,0xD998,0x00AD,0xD999,0x00AD,
0xD99A,0x00AD,0xD99B,0x00AD,0xD99C,0x00AD,0xD99D,0x00AD,0xD99E,0x00AD,0xD99F,0x00AD,0xD9A0,0x00AD,0xD9A1,0x00AD,
0xD9A2,0x00AD,0xD9A3,0x00AD,0xD9A4,0x00AD,0xD9A5,0x00AD,0xD9A6,0x00AD,0xD9A7,0x00AD,0xD9A8,0x00AD,0xD9A9,0x00AD,
0xD9AA,0x00AD,0xD9AB,0x00AD,0xD9AC,0x00AD,0xD9AD,0x00AD,0xD9AE,0x00AD,0xD9AF,0x00AD,0xD9B0,0x00AD,0xD9B1,0x00AD,
0xD9B2,0x00AD,0xD9B3,0x00AD,0xD9B4,0x00AD,0xD9B5,0x00AD,0xD9B6,0x00AD,0xD9B7,0x00AD,0xD9B8,0x00AD,0xD9B9,0x00AD,
0xD9BA,0x00AD,0xD9BB,0x00AD,0xD9BC,0x00AD,0xD9BD,0x00AD,0xD9BE,0x00AD,0xD9BF,0x00AD,0xD9C0,0x00AD,0xD9C1,0x00AD,
0xD9C2,0x00AD,0xD9C3,0x00AD,0xD9C4,0x00AD,0xD9C5,0x00AD,0xD9C6,0x00AD,0xD9C7,0x00AD,0xD9C8,0x00AD,0xD9C9,0x00AD,
0xD9CA,0x00AD,0xD9CB,0x00AD,0xD9CC,0x00AD,0xD9CD,0x00AD,0xD9CE,0x00AD,0xD9CF,0x00AD,0xD9D0,0x00AD,0xD9D1,0x00AD,
0xD9D2,0x00AD,0xD9D3,0x00AD,0xD9D4,0x00AD,0xD9D5,0x00AD,0xD9D6,0x00AD,0xD9D7,0x00AD,0xD9D8,0x00AD,0xD9D9,0x00AD,
0xD9DA,0x00AD,0xD9DB,0x00AD,0xD9DC,0x00AD,0xD9DD,0x00AD,0xD9DE,0x00AD,0xD9DF,0x00AD,0xD9E0,0x00AD,0xD9E1,0x00AD,
0xD9E2,0x00AD,0xD9E3,0x00AD,0xD9E4,0x00AD,0xD9E5,0x00AD,0xD9E6,0x00AD,0xD9E7,0x00AD,0xD9E8,0x00AD,0xD9E9,0x00AD,
0xD9EA,0x00AD,0xD9EB,0x00AD,0xD9EC,0x00AD,0xD9ED,0x00AD,0xD9EE,0x00AD,0xD9EF,0x00AD,0xD9F0,0x00AD,0xD9F1,0x00AD,
0xD9F2,0x00AD,0xD9F3,0x00AD,0xD9F4,0x00AD,0xD9F5,0x00AD,0xD9F6,0x00AD,0xD9F7,0x00AD,0xD9F8,0x00AD,0xD9F9,0x00AD,
0xD9FA,0x00AD,0xD9FB,0x00AD,0xD9FC,0x00AD,0xD9FD,0x00AD,0xD9FE,0x00AD,0xD9FF,0x00AD,0xDA00,0x00AD,0xDA01,0x00AD,
0xDA02,0x00AD,0xDA03,0x00AD,0xDA04,0x00AD,0xDA05,0x00AD,0xDA06,0x00AD,0xDA07,0x00AD,0xDA08,0x00AD,0xDA09,0x00AD,
0xDA0A,0x00AD,0xDA0B,0x00AD,0xDA0C,0x00AD,0xDA0D,0x00AD,0xDA0E,0x00AD,0xDA0F,0x00AD,0xDA10,0x00AD,0xDA11,0x00AD,
0xDA12,0x00AD,0xDA13,0x00AD,0xDA14,0x00AD,0xDA15,0x00AD,0xDA16,0x00AD,0xDA17,0x00AD,0xDA18,0x00AD,0xDA19,0x00AD,
0xDA1A,0x00AD,0xDA1B,0x00AD,0xDA1C,0x00AD,0xDA1D,0x00AD,0xDA1E,0x00AD,0xDA1F,0x00AD,0xDA20,0x00AD,0xDA21,0x00AD,
0xDA22,0x00AD,0xDA23,0x00AD,0xDA24,0x00AD,0xDA25,0x00AD,0xDA26,0x00AD,0xDA27,0x00AD,0xDA28,0x00AD,0xDA29,0x00AD,
0xDA2A,0x00AD,0xDA2B,0x00AD,0xDA2C,0x00AD,0xDA2D,0x00AD,0xDA2E,0x00AD,0xDA2F,0x00AD,0xDA30,0x00AD,0xDA31,0x00AD,
0xDA32,0x00AD,0xDA33,0x00AD,0xDA34,0x00AD,0xDA35,0x00AD,0xDA36,0x00AD,0xDA37,0x00AD,0xDA38,0x00AD,0xDA39,0x00AD,
0xDA3A,0x00AD,0xDA3B,0x00AD,0xDA3C,0x00AD,0xDA3D,0x00AD,0xDA3E,0x00AD,0xDA3F,0x00AD,0xDA40,0x00AD,0xDA41,0x00AD,
0xDA42,0x00AD,0xDA43,0x00AD,0xDA44,0x00AD,0xDA45,0x00AD,0xDA46,0x00AD,0xDA47,0x00AD,0xDA48,0x00AD,0xDA49,0x00AD,
0xDA4A,0x00AD,0xDA4B,0x00AD,0xDA4C,0x00AD,0xDA4D,0x00AD,0xDA4E,0x00AD,0xDA4F,0x00AD,0xDA50,0x00AD,0xDA51,0x00AD,
0xDA52,0x00AD,0xDA53,0x00AD,0xDA54,0x00AD,0xDA55,0x00AD,0xDA56,0x00AD,0xDA57,0x00AD,0xDA58,0x00AD,0xDA59,0x00AD,
0xDA5A,0x00AD,0xDA5B,0x00AD,0xDA5C,0x00AD,0xDA5D,0x00AD,0xDA5E,0x00AD,0xDA5F,0x00AD,0xDA60,0x00AD,0xDA61,0x00AD,
0xDA62,0x00AD,0xDA63,0x00AD,0xDA64,0x00AD,0xDA65,0x00AD,0xDA66,0x00AD,0xDA67,0x00AD,0xDA68,0x00AD,0xDA69,0x00AD,
0xDA6A,0x00AD,0xDA6B,0x00AD,0xDA6C,0x00AD,0xDA6D,0x00AD,0xDA6E,0x00AD,0xDA6F,0x00AD,0xDA70,0x00AD,0xDA71,0x00AD,
0xDA72,0x00AD,0xDA73,0x00AD,0xDA74,0x00AD,0xDA75,0x00AD,0xDA76,0x00AD,0xDA77,0x00AD,0xDA78,0x00AD,0xDA79,0x00AD,
0xDA7A,0x00AD,0xDA7B,0x00AD,0xDA7C,0x00AD,0xDA7D,0x00AD,0xDA7E,0x00AD,0xDA7F,0x00AD,0xDA80,0x00AD,0xDA81,0x00AD,
0xDA82,0x00AD,0xDA83,0x00AD,0xDA84,0x00AD,0xDA85,0x00AD,0xDA86,0x00AD,0xDA87,0x00AD,0xDA88,0x00AD,0xDA89,0x00AD,
0xDA8A,0x00AD,0xDA8B,0x00AD,0xDA8C,0x00AD,0xDA8D,0x00AD,0xDA8E,0x00AD,0xDA8F,0x00AD,0xDA90,0x00AD,0xDA91,0x00AD,
0xDA92,0x00AD,0xDA93,0x00AD,0xDA94,0x00AD,0xDA95,0x00AD,0xDA96,0x00AD,0xDA97,0x00AD,0xDA98,0x00AD,0xDA99,0x00AD,
0xDA9A,0x00AD,0xDA9B,0x00AD,0xDA9C,0x00AD,0xDA9D,0x00AD,0xDA9E,0x00AD,0xDA9F,0x00AD,0xDAA0,0x00AD,0xDAA1,0x00AD,
0xDAA2,0x00AD,0xDAA3,0x00AD,0xDAA4,0x00AD,0xDAA5,0x00AD,0xDAA6,0x00AD,0xDAA7,0x00AD,0xDAA8,0x00AD,0xDAA9,0x00AD,
0xDAAA,0x00AD,0xDAAB,0x00AD,0xDAAC,0x00AD,0xDAAD,0x00AD,0xDAAE,0x00AD,0xDAAF,0x00AD,0xDAB0,0x00AD,0xDAB1,0x00AD,
0xDAB2,0x00AD,0xDAB3,0x00AD,0xDAB4,0x00AD,0xDAB5,0x00AD,0xDAB6,0x00AD,0xDAB7,0x00AD,0xDAB8,0x00AD,0xDAB9,0x00AD,
0xDABA,0x00AD,0xDABB,0x00AD,0xDABC,0x00AD,0xDABD,0x00AD,0xDABE,0x00AD,0xDABF,0x00AD,0xDAC0,0x00AD,0xDAC1,0x00AD,
0xDAC2,0x00AD,0xDAC3,0x00AD,0xDAC4,0x00AD,0xDAC5,0x00AD,0xDAC6,0x00AD,0xDAC7,0x00AD,0xDAC8,0x00AD,0xDAC9,0x00AD,
0xDACA,0x00AD,0xDACB,0x00AD,0xDACC,0x00AD,0xDACD,0x00AD,0xDACE,0x00AD,0xDACF,0x00AD,0xDAD0,0x00AD,0xDAD1,0x00AD,
0xDAD2,0x00AD,0xDAD3,0x00AD,0xDAD4,0x00AD,0xDAD5,0x00AD,0xDAD6,0x00AD,0xDAD7,0x00AD,0xDAD8,0x00AD,0xDAD9,0x00AD,
0xDADA,0x00AD,0xDADB,0x00AD,0xDADC,0x00AD,0xDADD,0x00AD,0xDADE,0x00AD,0xDADF,0x00AD,0xDAE0,0x00AD,0xDAE1,0x00AD,
0xDAE2,0x00AD,0xDAE3,0x00AD,0xDAE4,0x00AD,0xDAE5,0x00AD,0xDAE6,0x00AD,0xDAE7,0x00AD,0xDAE8,0x00AD,0xDAE9,0x00AD,
0xDAEA,0x00AD,0xDAEB,0x00AD,0xDAEC,0x00AD,0xDAED,0x00AD,0xDAEE,0x00AD,0xDAEF,0x00AD,0xDAF0,0x00AD,0xDAF1,0x00AD,
0xDAF2,0x00AD,0xDAF3,0x00AD,0xDAF4,0x00AD,0xDAF5,0x00AD,0xDAF6,0x00AD,0xDAF7,0x00AD,0xDAF8,0x00AD,0xDAF9,0x00AD,
0xDAFA,0x00AD,0xDAFB,0x00AD,0xDAFC,0x00AD,0xDAFD,0x00AD,0xDAFE,0x00AD,0xDAFF,0x00AD,0xDB00,0x00AD,0xDB01,0x00AD,
0xDB02,0x00AD,0xDB03,0x00AD,0xDB04,0x00AD,0xDB05,0x00AD,0xDB06,0x00AD,0xDB07,0x00AD,0xDB08,0x00AD,0xDB09,0x00AD,
0xDB0A,0x00AD,0xDB0B,0x00AD,0xDB0C,0x00AD,0xDB0D,0x00AD,0xDB0E,0x00AD,0xDB0F,0x00AD,0xDB10,0x00AD,0xDB11,0x00AD,
0xDB12,0x00AD,0xDB13,0x00AD,0xDB14,0x00AD,0xDB15,0x00AD,0xDB16,0x00AD,0xDB17,0x00AD,0xDB18,0x00AD,0xDB19,0x00AD,
0xDB1A,0x00AD,0xDB1B,0x00AD,0xDB1C,0x00AD,0xDB1D,0x00AD,0xDB1E,0x00AD,0xDB1F,0x00AD,0xDB20,0x00AD,0xDB21,0x00AD,
0xDB22,0x00AD,0xDB23,0x00AD,0xDB24,0x00AD,0xDB25,0x00AD,0xDB26,0x00AD,0xDB27,0x00AD,0xDB28,0x00AD,0xDB29,0x00AD,
0xDB2A,0x00AD,0xDB2B,0x00AD,0xDB2C,0x00AD,0xDB2D,0x00AD,0xDB2E,0x00AD,0xDB2F,0x00AD,0xDB30,0x00AD,0xDB31,0x00AD,
0xDB32,0x00AD,0xDB33,0x00AD,0xDB34,0x00AD,0xDB35,0x00AD,0xDB36,0x00AD,0xDB37,0x00AD,0xDB38,0x00AD,0xDB39,0x00AD,
0xDB3A,0x00AD,0xDB3B,0x00AD,0xDB3C,0x00AD,0xDB3D,0x00AD,0xDB3E,0x00AD,0xDB3F,0x00AD,0xDB40,0x00AD,0xDB41,0x00AD,
0xDB42,0x00AD,0xDB43,0x00AD,0xDB44,0x00AD,0xDB45,0x00AD,0xDB46,0x00AD,0xDB47,0x00AD,0xDB48,0x00AD,0xDB49,0x00AD,
0xDB4A,0x00AD,0xDB4B,0x00AD,0xDB4C,0x00AD,0xDB4D,0x00AD,0xDB4E,0x00AD,0xDB4F,0x00AD,0xDB50,0x00AD,0xDB51,0x00AD,
0xDB52,0x00AD,0xDB53,0x00AD,0xDB54,0x00AD,0xDB55,0x00AD,0xDB56,0x00AD,0xDB57,0x00AD,0xDB58,0x00AD,0xDB59,0x00AD,
0xDB5A,0x00AD,0xDB5B,0x00AD,0xDB5C,0x00AD,0xDB5D,0x00AD,0xDB5E,0x00AD,0xDB5F,0x00AD,0xDB60,0x00AD,0xDB61,0x00AD,
0xDB62,0x00AD,0xDB63,0x00AD,0xDB64,0x00AD,0xDB65,0x00AD,0xDB66,0x00AD,0xDB67,0x00AD,0xDB68,0x00AD,0xDB69,0x00AD,
0xDB6A,0x00AD,0xDB6B,0x00AD,0xDB6C,0x00AD,0xDB6D,0x00AD,0xDB6E,0x00AD,0xDB6F,0x00AD,0xDB70,0x00AD,0xDB71,0x00AD,
0xDB72,0x00AD,0xDB73,0x00AD,0xDB74,0x00AD,0xDB75,0x00AD,0xDB76,0x00AD,0xDB77,0x00AD,0xDB78,0x00AD,0xDB79,0x00AD,
0xDB7A,0x00AD,0xDB7B,0x00AD,0xDB7C,0x00AD,0xDB7D,0x00AD,0xDB7E,0x00AD,0xDB7F,0x00AD,0xF900,0x8C48,0xF901,0x66F4,
0xF902,0x2F9E,0xF903,0x8CC8,0xF904,0x6ED1,0xF905,0x4E32,0xF906,0x53E5,0xF907,0x2FD4,0xF908,0x2FD4,0xF909,0x5951,
0xF90A,0x2FA6,0xF90B,0x5587,0xF90C,0x5948,0xF90D,0x61F6,0xF90E,0x7669,0xF90F,0x7F85,0xF910,0x863F,0xF911,0x87BA,
0xF912,0x88F8,0xF913,0x908F,0xF914,0x6A02,0xF915,0x6D1B,0xF916,0x70D9,0xF917,0x73DE,0xF918,0x843D,0xF919,0x916A,
0xF91A,0x99F1,0xF91B,0x4E82,0xF91C,0x5375,0xF91D,0x6B04,0xF91E,0x721B,0xF91F,0x862D,0xF920,0x9E1E,0xF921,0x5D50,
0xF922,0x6FEB,0xF923,0x85CD,0xF924,0x8964,0xF925,0x62C9,0xF926,0x81D8,0xF927,0x881F,0xF928,0x5ECA,0xF929,0x6717,
0xF92A,0x6D6A,0xF92B,0x72FC,0xF92C,0x90CE,0xF92D,0x4F86,0xF92E,0x51B7,0xF92F,0x52DE,0xF930,0x64C4,0xF931,0x6AD3,
0xF932,0x7210,0xF933,0x76E7,0xF934,0x2F7C,0xF935,0x8606,0xF936,0x865C,0xF937,0x8DEF,0xF938,0x9732,0xF939,0x9B6F,
0xF93A,0x9DFA,0xF93B,0x788C,0xF93C,0x797F,0xF93D,0x7DA0,0xF93E,0x83C9,0xF93F,0x9304,0xF940,0x2FC5,0xF941,0x8AD6,
0xF942,0x58DF,0xF943,0x5F04,0xF944,0x7C60,0xF945,0x807E,0xF946,0x7262,0xF947,0x78CA,0xF948,0x8CC2,0xF949,0x96F7,
0xF94A,0x58D8,0xF94B,0x5C62,0xF94C,0x6A13,0xF94D,0x6DDA,0xF94E,0x6F0F,0xF94F,0x7D2F,0xF950,0x7E37,0xF951,0x964B,
0xF952,0x52D2,0xF953,0x808B,0xF954,0x51DC,0xF955,0x51CC,0xF956,0x7A1C,0xF957,0x7DBE,0xF958,0x83F1,0xF959,0x9675,
0xF95A,0x8B80,0xF95B,0x62CF,0xF95C,0x6A02,0xF95D,0x8AFE,0xF95E,0x4E39,0xF95F,0x5BE7,0xF960,0x6012,0xF961,0x7387,
0xF962,0x7570,0xF963,0x5317,0xF964,0x78FB,0xF965,0x4FBF,0xF966,0x5FA9,0xF967,0x4E0D,0xF968,0x6CCC,0xF969,0x6578,
0xF96A,0x7D22,0xF96B,0x53C3,0xF96C,0x585E,0xF96D,0x7701,0xF96E,0x8449,0xF96F,0x8AAA,0xF970,0x6BBA,0xF971,0x2FA0,
0xF972,0x6C88,0xF973,0x62FE,0xF974,0x82E5,0xF975,0x63A0,0xF976,0x7565,0xF977,0x4EAE,0xF978,0x5169,0xF979,0x51C9,
0xF97A,0x6881,0xF97B,0x7CE7,0xF97C,0x826F,0xF97D,0x8AD2,0xF97E,0x91CF,0xF97F,0x52F5,0xF980,0x5442,0xF981,0x2F25,
0xF982,0x5EEC,0xF983,0x65C5,0xF984,0x6FFE,0xF985,0x792A,0xF986,0x95AD,0xF987,0x9A6A,0xF988,0x9E97,0xF989,0x9ECE,
0xF98A,0x2F12,0xF98B,0x66C6,0xF98C,0x6B77,0xF98D,0x8F62,0xF98E,0x5E74,0xF98F,0x6190,0xF990,0x6200,0xF991,0x649A,
0xF992,0x6F23,0xF993,0x7149,0xF994,0x7489,0xF995,0x79CA,0xF996,0x7DF4,0xF997,0x806F,0xF998,0x8F26,0xF999,0x84EE,
0xF99A,0x9023,0xF99B,0x934A,0xF99C,0x5217,0xF99D,0x52A3,0xF99E,0x54BD,0xF99F,0x70C8,0xF9A0,0x88C2,0xF9A1,0x8AAA,
0xF9A2,0x5EC9,0xF9A3,0x5FF5,0xF9A4,0x637B,0xF9A5,0x6BAE,0xF9A6,0x7C3E,0xF9A7,0x7375,0xF9A8,0x4EE4,0xF9A9,0x56F9,
0xF9AA,0x5BE7,0xF9AB,0x5DBA,0xF9AC,0x601C,0xF9AD,0x73B2,0xF9AE,0x7469,0xF9AF,0x7F9A,0xF9B0,0x8046,0xF9B1,0x9234,
0xF9B2,0x96F6,0xF9B3,0x9748,0xF9B4,0x9818,0xF9B5,0x4F8B,0xF9B6,0x79AE,0xF9B7,0x91B4,0xF9B8,0x96B8,0xF9B9,0x60E1,
0xF9BA,0x4E86,0xF9BB,0x50DA,0xF9BC,0x5BEE,0xF9BD,0x5C3F,0xF9BE,0x6599,0xF9BF,0x6A02,0xF9C0,0x71CE,0xF9C1,0x7642,
0xF9C2,0x84FC,0xF9C3,0x907C,0xF9C4,0x2FD3,0xF9C5,0x6688,0xF9C6,0x962E,0xF9C7,0x5289,0xF9C8,0x677B,0xF9C9,0x67F3,
0xF9CA,0x6D41,0xF9CB,0x6E9C,0xF9CC,0x7409,0xF9CD,0x7559,0xF9CE,0x786B,0xF9CF,0x7D10,0xF9D0,0x985E,0xF9D1,0x516D,
0xF9D2,0x622E,0xF9D3,0x9678,0xF9D4,0x502B,0xF9D5,0x5D19,0xF9D6,0x6DEA,0xF9D7,0x8F2A,0xF9D8,0x5F8B,0xF9D9,0x6144,
0xF9DA,0x6817,0xF9DB,0x7387,0xF9DC,0x9686,0xF9DD,0x5229,0xF9DE,0x540F,0xF9DF,0x5C65,0xF9E0,0x6613,0xF9E1,0x674E,
0xF9E2,0x68A8,0xF9E3,0x6CE5,0xF9E4,0x7406,0xF9E5,0x75E2,0xF9E6,0x7F79,0xF9E7,0x88CF,0xF9E8,0x88E1,0xF9E9,0x2FA5,
0xF9EA,0x96E2,0xF9EB,0x533F,0xF9EC,0x6EBA,0xF9ED,0x541D,0xF9EE,0x71D0,0xF9EF,0x7498,0xF9F0,0x85FA,0xF9F1,0x96A3,
0xF9F2,0x9C57,0xF9F3,0x9E9F,0xF9F4,0x6797,0xF9F5,0x6DCB,0xF9F6,0x81E8,0xF9F7,0x2F74,0xF9F8,0x7B20,0xF9F9,0x7C92,
0xF9FA,0x72C0,0xF9FB,0x7099,0xF9FC,0x8B58,0xF9FD,0x4EC0,0xF9FE,0x8336,0xF9FF,0x523A,0xFA00,0x5207,0xFA01,0x5EA6,
0xFA02,0x62D3,0xFA03,0x7CD6,0xFA04,0x5B85,0xFA05,0x6D1E,0xFA06,0x66B4,0xFA07,0x8F3B,0xFA08,0x2F8F,0xFA09,0x964D,
0xFA0A,0x2F92,0xFA0B,0x5ED3,0xFA0C,0x5140,0xFA0D,0x55C0,0xFA0E,0x6613,0xFA0F,0x7F85,0xFA10,0x585A,0xFA11,0x87BA,
0xFA12,0x6674,0xFA13,0x908F,0xFA14,0x6A02,0xFA15,0x51DE,0xFA16,0x732A,0xFA17,0x76CA,0xFA18,0x793C,0xFA19,0x795E,
0xFA1A,0x7965,0xFA1B,0x798F,0xFA1C,0x9756,0xFA1D,0x7CBE,0xFA1E,0x2F7B,0xFA1F,0x862D,0xFA20,0x8612,0xFA21,0x5D50,
0xFA22,0x8AF8,0xFA23,0x85CD,0xFA24,0x8964,0xFA25,0x9038,0xFA26,0x90FD,0xFA27,0x881F,0xFA28,0x5ECA,0xFA29,0x6717,
0xFA2A,0x98EF,0xFA2B,0x98FC,0xFA2C,0x9928,0xFA2D,0x9DB4,0xFA30,0x4FAE,0xFA31,0x50E7,0xFA32,0x514D,0xFA33,0x52C9,
0xFA34,0x52E4,0xFA35,0x5351,0xFA36,0x559D,0xFA37,0x5606,0xFA38,0x5668,0xFA39,0x5840,0xFA3A,0x58A8,0xFA3B,0x5C64,
0xFA3C,0x2F2C,0xFA3D,0x6094,0xFA3E,0x6168,0xFA3F,0x618E,0xFA40,0x61F2,0xFA41,0x654F,0xFA42,0x65E2,0xFA43,0x6691,
0xFA44,0x6885,0xFA45,0x6D77,0xFA46,0x6E1A,0xFA47,0x6F22,0xFA48,0x716E,0xFA49,0x722B,0xFA4A,0x7422,0xFA4B,0x7891,
0xFA4C,0x793E,0xFA4D,0x7949,0xFA4E,0x7948,0xFA4F,0x7950,0xFA50,0x7956,0xFA51,0x795D,0xFA52,0x798D,0xFA53,0x798E,
0xFA54,0x7A40,0xFA55,0x7A81,0xFA56,0x7BC0,0xFA57,0x7DF4,0xFA58,0x7E09,0xFA59,0x7E41,0xFA5A,0x7F72,0xFA5B,0x8005,
0xFA5C,0x81ED,0xFA5D,0x8279,0xFA5E,0x8279,0xFA5F,0x8457,0xFA60,0x8910,0xFA61,0x8996,0xFA62,0x8B01,0xFA63,0x8B39,
0xFA64,0x8CD3,0xFA65,0x8D08,0xFA66,0x8FB6,0xFA67,0x9038,0xFA68,0x96E3,0xFA69,0x97FF,0xFA6A,0x983B,0xFA6E,0x00AD,
0xFA6F,0x00AD,0xFA70,0x4E26,0xFA71,0x51B5,0xFA72,0x5168,0xFA73,0x4F80,0xFA74,0x5145,0xFA75,0x5180,0xFA76,0x52C7,
0xFA77,0x52FA,0xFA78,0x559D,0xFA79,0x5555,0xFA7A,0x5599,0xFA7B,0x55E2,0xFA7C,0x585A,0xFA7D,0x58B3,0xFA7E,0x5944,
0xFA7F,0x5954,0xFA80,0x5A62,0xFA81,0x5B28,0xFA82,0x5ED2,0xFA83,0x5ED9,0xFA84,0x5F69,0xFA85,0x5FAD,0xFA86,0x60D8,
0xFA87,0x614E,0xFA88,0x6108,0xFA89,0x618E,0xFA8A,0x6160,0xFA8B,0x61F2,0xFA8C,0x6234,0xFA8D,0x63C4,0xFA8E,0x641C,
0xFA8F,0x6452,0xFA90,0x6556,0xFA91,0x6674,0xFA92,0x6717,0xFA93,0x671B,0xFA94,0x6756,0xFA95,0x2F4D,0xFA96,0x6BBA,
0xFA97,0x6D41,0xFA98,0x6EDB,0xFA99,0x6ECB,0xFA9A,0x6F22,0xFA9B,0x701E,0xFA9C,0x716E,0xFA9D,0x77A7,0xFA9E,0x7235,
0xFA9F,0x72AF,0xFAA0,0x732A,0xFAA1,0x7471,0xFAA2,0x7506,0xFAA3,0x753B,0xFAA4,0x761D,0xFAA5,0x761F,0xFAA6,0x76CA,
0xFAA7,0x76DB,0xFAA8,0x76F4,0xFAA9,0x774A,0xFAAA,0x7740,0xFAAB,0x78CC,0xFAAC,0x7AB1,0xFAAD,0x7BC0,0xFAAE,0x7C7B,
0xFAAF,0x7D5B,0xFAB0,0x7DF4,0xFAB1,0x7F3E,0xFAB2,0x8005,0xFAB3,0x8352,0xFAB4,0x83EF,0xFAB5,0x8779,0xFAB6,0x8941,
0xFAB7,0x8986,0xFAB8,0x8996,0xFAB9,0x8ABF,0xFABA,0x8AF8,0xFABB,0x8ACB,0xFABC,0x8B01,0xFABD,0x8AFE,0xFABE,0x8AED,
0xFABF,0x8B39,0xFAC0,0x8B8A,0xFAC1,0x8D08,0xFAC2,0x8F38,0xFAC3,0x9072,0xFAC4,0x9199,0xFAC5,0x9276,0xFAC6,0x967C,
0xFAC7,0x96E3,0xFAC8,0x9756,0xFAC9,0x97DB,0xFACA,0x97FF,0xFACB,0x980B,0xFACC,0x983B,0xFACD,0x9B12,0xFACE,0x2FD4,
0xFAD2,0x3B9D,0xFAD3,0x4018,0xFAD4,0x4039,0xFAD8,0x9F43,0xFAD9,0x9F8E,0xFADA,0x00AD,0xFADB,0x00AD,0xFADC,0x00AD,
0xFADD,0x00AD,0xFADE,0x00AD,0xFADF,0x00AD,0xFAE0,0x00AD,0xFAE1,0x00AD,0xFAE2,0x00AD,0xFAE3,0x00AD,0xFAE4,0x00AD,
0xFAE5,0x00AD,0xFAE6,0x00AD,0xFAE7,0x00AD,0xFAE8,0x00AD,0xFAE9,0x00AD,0xFAEA,0x00AD,0xFAEB,0x00AD,0xFAEC,0x00AD,
0xFAED,0x00AD,0xFAEE,0x00AD,0xFAEF,0x00AD,0xFAF0,0x00AD,0xFAF1,0x00AD,0xFAF2,0x00AD,0xFAF3,0x00AD,0xFAF4,0x00AD,
0xFAF5,0x00AD,0xFAF6,0x00AD,0xFAF7,0x00AD,0xFAF8,0x00AD,0xFAF9,0x00AD,0xFAFA,0x00AD,0xFAFB,0x00AD,0xFAFC,0x00AD,
0xFAFD,0x00AD,0xFAFE,0x00AD,0xFAFF,0x00AD,0xFB07,0x00AD,0xFB08,0x00AD,0xFB09,0x00AD,0xFB0A,0x00AD,0xFB0B,0x00AD,
0xFB0C,0x00AD,0xFB0D,0x00AD,0xFB0E,0x00AD,0xFB0F,0x00AD,0xFB10,0x00AD,0xFB11,0x00AD,0xFB12,0x00AD,0xFB18,0x00AD,
0xFB19,0x00AD,0xFB1A,0x00AD,0xFB1B,0x00AD,0xFB1C,0x00AD,0xFB1E,0x05C0,0xFB29,0x002B,0xFB37,0x00AD,0xFB3A,0xFB3A,
0xFB3B,0xFB3A,0xFB3D,0x00AD,0xFB3F,0x00AD,0xFB42,0x00AD,0xFB43,0xFB43,0xFB44,0xFB43,0xFB45,0x00AD,0xFB50,0x0671,
0xFB51,0x0671,0xFB52,0x067B,0xFB53,0x067B,0xFB54,0x067B,0xFB55,0x067B,0xFB56,0x067E,0xFB57,0x067E,0xFB58,0x067E,
0xFB59,0x067E,0xFB5A,0x0680,0xFB5B,0x0680,0xFB5C,0x0680,0xFB5D,0x0680,0xFB5E,0x067A,0xFB5F,0x067A,0xFB60,0x067A,
0xFB61,0x067A,0xFB62,0x067F,0xFB63,0x067F,0xFB64,0x067F,0xFB65,0x067F,0xFB66,0x0679,0xFB67,0x0679,0xFB68,0x0679,
0xFB69,0x0679,0xFB6A,0x06A4,0xFB6B,0x06A4,0xFB6C,0x06A4,0xFB6D,0x06A4,0xFB6E,0x06A6,0xFB6F,0x06A6,0xFB70,0x06A6,
0xFB71,0x06A6,0xFB72,0x0684,0xFB73,0x0684,0xFB74,0x0684,0xFB75,0x0684,0xFB76,0x0683,0xFB77,0x0683,0xFB78,0x0683,
0xFB79,0x0683,0xFB7A,0x0686,0xFB7B,0x0686,0xFB7C,0x0686,0xFB7D,0x0686,0xFB7E,0x0687,0xFB7F,0x0687,0xFB80,0x0687,
0xFB81,0x0687,0xFB82,0x068D,0xFB83,0x068D,0xFB84,0x068C,0xFB85,0x068C,0xFB86,0x068E,0xFB87,0x068E,0xFB88,0x0688,
0xFB89,0x0688,0xFB8A,0x0698,0xFB8B,0x0698,0xFB8C,0x0691,0xFB8D,0x0691,0xFB8E,0x06A9,0xFB8F,0x06A9,0xFB90,0x06A9,
0xFB91,0x06A9,0xFB92,0x06AF,0xFB93,0x06AF,0xFB94,0x06AF,0xFB95,0x06AF,0xFB96,0x06B3,0xFB97,0x06B3,0xFB98,0x06B3,
0xFB99,0x06B3,0xFB9A,0x06B1,0xFB9B,0x06B1,0xFB9C,0x06B1,0xFB9D,0x06B1,0xFB9E,0x06BA,0xFB9F,0x06BA,0xFBA0,0x06BB,
0xFBA1,0x06BB,0xFBA2,0x06BB,0xFBA3,0x06BB,0xFBA4,0x06C0,0xFBA5,0x06C0,0xFBA6,0x06C1,0xFBA7,0x06C1,0xFBA8,0x06C1,
0xFBA9,0x06C1,0xFBAA,0x06BE,0xFBAB,0x06BE,0xFBAC,0x06BE,0xFBAD,0x06BE,0xFBAE,0x06D2,0xFBAF,0x06D2,0xFBB0,0x06D3,
0xFBB1,0x06D3,0xFBB2,0x00AD,0xFBB3,0x00AD,0xFBB4,0x00AD,0xFBB5,0x00AD,0xFBB6,0x00AD,0xFBB7,0x00AD,0xFBB8,0x00AD,
0xFBB9,0x00AD,0xFBBA,0x00AD,0xFBBB,0x00AD,0xFBBC,0x00AD,0xFBBD,0x00AD,0xFBBE,0x00AD,0xFBBF,0x00AD,0xFBC0,0x00AD,
0xFBC1,0x00AD,0xFBC2,0x00AD,0xFBC3,0x00AD,0xFBC4,0x00AD,0xFBC5,0x00AD,0xFBC6,0x00AD,0xFBC7,0x00AD,0xFBC8,0x00AD,
0xFBC9,0x00AD,0xFBCA,0x00AD,0xFBCB,0x00AD,0xFBCC,0x00AD,0xFBCD,0x00AD,0xFBCE,0x00AD,0xFBCF,0x00AD,0xFBD0,0x00AD,
0xFBD1,0x00AD,0xFBD2,0x00AD,0xFBD3,0x06AD,0xFBD4,0x06AD,0xFBD5,0x06AD,0xFBD6,0x06AD,0xFBD7,0x06C7,0xFBD8,0x06C7,
0xFBD9,0x06C6,0xFBDA,0x06C6,0xFBDB,0x06C8,0xFBDC,0x06C8,0xFBDD,0x0677,0xFBDE,0x06CB,0xFBDF,0x06CB,0xFBE0,0x06C5,
0xFBE1,0x06C5,0xFBE2,0x06C9,0xFBE3,0x06C9,0xFBE4,0x06D0,0xFBE5,0x06D0,0xFBE6,0x06D0,0xFBE7,0x06D0,0xFBE8,0x0649,
0xFBE9,0x0649,0xFBEA,0xFBEA,0xFBEB,0xFBEA,0xFBEC,0xFBEC,0xFBED,0xFBEC,0xFBEE,0xFBEE,0xFBEF,0xFBEE,0xFBF0,0xFBF0,
0xFBF1,0xFBF0,0xFBF2,0xFBF2,0xFBF3,0xFBF2,0xFBF4,0xFBF4,0xFBF5,0xFBF4,0xFBF6,0xFBF6,0xFBF7,0xFBF6,0xFBF8,0xFBF6,
0xFBF9,0xFBF9,0xFBFA,0xFBF9,0xFBFB,0xFBF9,0xFBFC,0x06CC,0xFBFD,0x06CC,0xFBFE,0x06CC,0xFBFF,0x06CC,0xFC00,0xFC00,
0xFC01,0xFC01,0xFC02,0xFC02,0xFC03,0xFBF9,0xFC04,0xFC04,0xFC05,0xFC05,0xFC06,0xFC06,0xFC07,0xFC07,0xFC08,0xFC08,
0xFC09,0xFC09,0xFC0A,0xFC0A,0xFC0B,0xFC0B,0xFC0C,0xFC0C,0xFC0D,0xFC0D,0xFC0E,0xFC0E,0xFC0F,0xFC0F,0xFC10,0xFC10,
0xFC12,0xFC12,0xFC13,0xFC13,0xFC14,0xFC14,0xFC15,0xFC15,0xFC16,0xFC16,0xFC17,0xFC17,0xFC18,0xFC18,0xFC19,0xFC19,
0xFC1B,0xFC1B,0xFC1C,0xFC1C,0xFC1D,0xFC1D,0xFC1E,0xFC1E,0xFC1F,0xFC1F,0xFC20,0xFC20,0xFC21,0xFC21,0xFC22,0xFC22,
0xFC23,0xFC23,0xFC24,0xFC24,0xFC25,0xFC25,0xFC26,0xFC26,0xFC27,0xFC27,0xFC28,0xFC28,0xFC29,0xFC29,0xFC2A,0xFC2A,
0xFC2B,0xFC2B,0xFC2C,0xFC2C,0xFC2D,0xFC2D,0xFC2E,0xFC2E,0xFC2F,0xFC2F,0xFC30,0xFC30,0xFC31,0xFC31,0xFC32,0xFC32,
0xFC33,0xFC33,0xFC34,0xFC34,0xFC35,0xFC35,0xFC36,0xFC36,0xFC37,0xFC37,0xFC38,0xFC38,0xFC39,0xFC39,0xFC3A,0xFC3A,
0xFC3B,0xFC3B,0xFC3C,0xFC3C,0xFC3D,0xFC3D,0xFC3E,0xFC3E,0xFC3F,0xFC3F,0xFC40,0xFC40,0xFC41,0xFC41,0xFC42,0xFC42,
0xFC43,0xFC43,0xFC44,0xFC44,0xFC45,0xFC45,0xFC46,0xFC46,0xFC47,0xFC47,0xFC48,0xFC48,0xFC4B,0xFC4B,0xFC4C,0xFC4C,
0xFC4D,0xFC4D,0xFC4E,0xFC4E,0xFC4F,0xFC4F,0xFC50,0xFC50,0xFC51,0xFC51,0xFC52,0xFC52,0xFC55,0xFC55,0xFC56,0xFC56,
0xFC57,0xFC57,0xFC58,0xFC58,0xFC59,0xFC59,0xFC5A,0xFC5A,0xFC5D,0xFC5D,0xFC5E,0x0614,0xFC5F,0x1B6F,0xFC60,0x06DB,
0xFC61,0x0656,0xFC62,0x0657,0xFC63,0x06E5,0xFC66,0xFC02,0xFC68,0xFBF9,0xFC69,0xFC04,0xFC6C,0xFC08,0xFC6E,0xFC09,
0xFC6F,0xFC0A,0xFC72,0xFC0E,0xFC74,0xFC0F,0xFC75,0xFC10,0xFC78,0xFC12,0xFC7A,0xFC13,0xFC7B,0xFC14,0xFC7C,0xFC31,
0xFC7D,0xFC32,0xFC7E,0xFC35,0xFC7F,0xFC36,0xFC80,0xFC37,0xFC81,0xFC3B,0xFC82,0xFC3C,0xFC83,0xFC3D,0xFC84,0xFC3E,
0xFC85,0xFC42,0xFC86,0xFC43,0xFC87,0xFC44,0xFC89,0xFC48,0xFC8C,0xFC4E,0xFC8E,0xFC4F,0xFC8F,0xFC50,0xFC90,0xFC5D,
0xFC93,0xFC58,0xFC95,0xFC59,0xFC96,0xFC5A,0xFC97,0xFC00,0xFC98,0xFC01,0xFC9A,0xFC02,0xFC9B,0xFC9B,0xFC9C,0xFC05,
0xFC9D,0xFC06,0xFC9E,0xFC07,0xFC9F,0xFC08,0xFCA0,0xFCA0,0xFCA1,0xFC0B,0xFCA2,0xFC0C,0xFCA3,0xFC0D,0xFCA4,0xFC0E,
0xFCA5,0xFCA5,0xFCA6,0xFC12,0xFCA7,0xFC15,0xFCA8,0xFC16,0xFCA9,0xFC17,0xFCAA,0xFC18,0xFCAB,0xFC19,0xFCAC,0xFC1B,
0xFCAD,0xFC1C,0xFCAE,0xFC1D,0xFCAF,0xFC1E,0xFCB0,0xFC1F,0xFCB1,0xFC20,0xFCB3,0xFC21,0xFCB4,0xFC22,0xFCB5,0xFC23,
0xFCB6,0xFC24,0xFCB7,0xFC25,0xFCB8,0xFC26,0xFCB9,0xFC28,0xFCBA,0xFC29,0xFCBB,0xFC2A,0xFCBC,0xFC2B,0xFCBD,0xFC2C,
0xFCBE,0xFC2D,0xFCBF,0xFC2E,0xFCC0,0xFC2F,0xFCC1,0xFC30,0xFCC2,0xFC33,0xFCC3,0xFC34,0xFCC4,0xFC38,0xFCC5,0xFC39,
0xFCC6,0xFC3A,0xFCC7,0xFC3B,0xFCC8,0xFC3C,0xFCC9,0xFC3F,0xFCCA,0xFC40,0xFCCB,0xFC41,0xFCCC,0xFC42,0xFCCE,0xFC45,
0xFCCF,0xFC46,0xFCD0,0xFC47,0xFCD1,0xFC48,0xFCD2,0xFC4B,0xFCD3,0xFC4C,0xFCD4,0xFC4D,0xFCD5,0xFC4E,0xFCD6,0xFCD6,
0xFCD7,0xFC51,0xFCD8,0xFC52,0xFCD9,0x06C2,0xFCDA,0xFC55,0xFCDB,0xFC56,0xFCDC,0xFC57,0xFCDD,0xFC58,0xFCDE,0xFCDE,
0xFCDF,0xFC02,0xFCE0,0xFC9B,0xFCE1,0xFC08,0xFCE2,0xFCA0,0xFCE3,0xFC0E,0xFCE4,0xFCA5,0xFCE5,0xFC12,0xFCE7,0xFC1F,
0xFCE8,0xFCE8,0xFCE9,0xFCE9,0xFCEA,0xFCEA,0xFCEB,0xFC3B,0xFCEC,0xFC3C,0xFCED,0xFC42,0xFCEE,0xFC4E,0xFCEF,0xFCD6,
0xFCF0,0xFC58,0xFCF1,0xFCDE,0xFCF2,0x06DB,0xFCF3,0x0656,0xFCF4,0x0657,0xFCF5,0xFCF5,0xFCF6,0xFCF6,0xFCF7,0xFCF7,
0xFCF8,0xFCF8,0xFCF9,0xFCF9,0xFCFA,0xFCFA,0xFCFB,0xFCFB,0xFCFC,0xFCFC,0xFCFD,0xFCFD,0xFCFE,0xFCFE,0xFCFF,0xFCFF,
0xFD00,0xFD00,0xFD01,0xFD01,0xFD02,0xFD02,0xFD03,0xFD03,0xFD04,0xFD04,0xFD05,0xFD05,0xFD06,0xFD06,0xFD07,0xFD07,
0xFD08,0xFD08,0xFD09,0xFD09,0xFD0A,0xFD0A,0xFD0B,0xFD0B,0xFD0C,0xFCE9,0xFD0D,0xFD0D,0xFD0E,0xFD0E,0xFD0F,0xFD0F,
0xFD10,0xFD10,0xFD11,0xFCF5,0xFD12,0xFCF6,0xFD13,0xFCF7,0xFD14,0xFCF8,0xFD15,0xFCF9,0xFD16,0xFCFA,0xFD17,0xFCFB,
0xFD18,0xFCFC,0xFD19,0xFCFD,0xFD1A,0xFCFE,0xFD1B,0xFCFF,0xFD1C,0xFD00,0xFD1D,0xFD01,0xFD1E,0xFD02,0xFD1F,0xFD03,
0xFD20,0xFD04,0xFD21,0xFD05,0xFD22,0xFD06,0xFD23,0xFD07,0xFD24,0xFD08,0xFD25,0xFD09,0xFD26,0xFD0A,0xFD27,0xFD0B,
0xFD28,0xFCE9,0xFD29,0xFD0D,0xFD2A,0xFD0E,0xFD2B,0xFD0F,0xFD2C,0xFD10,0xFD2D,0xFD09,0xFD2E,0xFD0A,0xFD2F,0xFD0B,
0xFD30,0xFCE9,0xFD31,0xFCE8,0xFD32,0xFCEA,0xFD33,0xFC27,0xFD34,0xFC1C,0xFD35,0xFC1D,0xFD36,0xFC1E,0xFD37,0xFD09,
0xFD38,0xFD0A,0xFD39,0xFD0B,0xFD3A,0xFC27,0xFD3B,0xFC28,0xFD3C,0xFD3C,0xFD3D,0xFD3C,0xFD40,0x00AD,0xFD41,0x00AD,
0xFD42,0x00AD,0xFD43,0x00AD,0xFD44,0x00AD,0xFD45,0x00AD,0xFD46,0x00AD,0xFD47,0x00AD,0xFD48,0x00AD,0xFD49,0x00AD,
0xFD4A,0x00AD,0xFD4B,0x00AD,0xFD4C,0x00AD,0xFD4D,0x00AD,0xFD4E,0x00AD,0xFD4F,0x00AD,0xFD51,0xFD51,0xFD52,0xFD51,
0xFD58,0xFD58,0xFD59,0xFD58,0xFD5F,0xFD5F,0xFD60,0xFD5F,0xFD62,0xFD62,0xFD63,0xFD62,0xFD64,0xFD64,0xFD65,0xFD64,
0xFD67,0xFD67,0xFD68,0xFD67,0xFD6A,0xFD6A,0xFD6B,0xFD6A,0xFD6C,0xFD6C,0xFD6D,0xFD6C,0xFD6F,0xFD6F,0xFD70,0xFD6F,
0xFD71,0xFD71,0xFD72,0xFD71,0xFD75,0xFD75,0xFD76,0xFD76,0xFD77,0xFD76,0xFD7C,0xFD7C,0xFD7D,0xFD7C,0xFD7E,0xFD7E,
0xFD80,0xFD80,0xFD83,0xFD83,0xFD84,0xFD83,0xFD85,0xFD85,0xFD86,0xFD85,0xFD87,0xFD87,0xFD88,0xFD87,0xFD90,0x00AD,
0xFD91,0x00AD,0xFD97,0xFD97,0xFD98,0xFD97,0xFD9C,0xFD9C,0xFD9D,0xFD9C,0xFDB4,0xFD7E,0xFDB5,0xFD80,0xFDB8,0xFDB8,
0xFDBA,0xFDBA,0xFDBB,0xFDBB,0xFDBC,0xFDBA,0xFDBD,0xFDB8,0xFDC3,0xFDBB,0xFDC4,0xFD75,0xFDC8,0x00AD,0xFDC9,0x00AD,
0xFDCA,0x00AD,0xFDCB,0x00AD,0xFDCC,0x00AD,0xFDCD,0x00AD,0xFDCE,0x00AD,0xFDCF,0x00AD,0xFDD0,0x00AD,0xFDD1,0x00AD,
0xFDD2,0x00AD,0xFDD3,0x00AD,0xFDD4,0x00AD,0xFDD5,0x00AD,0xFDD6,0x00AD,0xFDD7,0x00AD,0xFDD8,0x00AD,0xFDD9,0x00AD,
0xFDDA,0x00AD,0xFDDB,0x00AD,0xFDDC,0x00AD,0xFDDD,0x00AD,0xFDDE,0x00AD,0xFDDF,0x00AD,0xFDE0,0x00AD,0xFDE1,0x00AD,
0xFDE2,0x00AD,0xFDE3,0x00AD,0xFDE4,0x00AD,0xFDE5,0x00AD,0xFDE6,0x00AD,0xFDE7,0x00AD,0xFDE8,0x00AD,0xFDE9,0x00AD,
0xFDEA,0x00AD,0xFDEB,0x00AD,0xFDEC,0x00AD,0xFDED,0x00AD,0xFDEE,0x00AD,0xFDEF,0x00AD,0xFDF9,0x06D6,0xFDFC,0xFDFC,
0xFDFE,0x00AD,0xFDFF,0x00AD,0xFE00,0x00AD,0xFE01,0x00AD,0xFE02,0x00AD,0xFE03,0x00AD,0xFE04,0x00AD,0xFE05,0x00AD,
0xFE06,0x00AD,0xFE07,0x00AD,0xFE08,0x00AD,0xFE09,0x00AD,0xFE0A,0x00AD,0xFE0B,0x00AD,0xFE0C,0x00AD,0xFE0D,0x00AD,
0xFE0E,0x00AD,0xFE0F,0x00AD,0xFE1A,0x00AD,0xFE1B,0x00AD,0xFE1C,0x00AD,0xFE1D,0x00AD,0xFE1E,0x00AD,0xFE1F,0x00AD,
0xFE20,0x0303,0xFE21,0x0303,0xFE22,0x0303,0xFE23,0x0303,0xFE24,0x030A,0xFE25,0x02BA,0xFE26,0x0327,0xFE27,0x00AD,
0xFE28,0x00AD,0xFE29,0x00AD,0xFE2A,0x00AD,0xFE2B,0x00AD,0xFE2C,0x00AD,0xFE2D,0x00AD,0xFE2E,0x00AD,0xFE2F,0x00AD,
0xFE33,0x0DF4,0xFE39,0x20AC,0xFE3A,0x09F2,0xFE3B,0x20A9,0xFE3C,0x20B0,0xFE3D,0x00A3,0xFE3E,0x00A5,0xFE41,0xFDFC,
0xFE43,0x20A5,0xFE44,0x20A7,0xFE49,0x203E,0xFE4A,0x203E,0xFE4B,0x203E,0xFE4C,0x203E,0xFE4D,0x05C6,0xFE53,0x00AD,
0xFE58,0x2014,0xFE5D,0x20AE,0xFE5E,0x0E3F,0xFE5F,0x204E,0xFE60,0x204C,0xFE62,0x002B,0xFE63,0x002D,0xFE64,0x003C,
0xFE65,0x003E,0xFE66,0x003D,0xFE67,0x00AD,0xFE69,0x2054,0xFE6A,0x2050,0xFE6C,0x00AD,0xFE6D,0x00AD,0xFE6E,0x00AD,
0xFE6F,0x00AD,0xFE71,0x064B,0xFE75,0x00AD,0xFE77,0x064E,0xFE79,0x064F,0xFE7B,0x0650,0xFE7D,0x0651,0xFE7F,0x0652,
0xFE80,0x0621,0xFE81,0x0622,0xFE82,0x0622,0xFE83,0x0623,0xFE84,0x0623,0xFE85,0x0624,0xFE86,0x0624,0xFE87,0x0625,
0xFE88,0x0625,0xFE89,0x0626,0xFE8A,0x0626,0xFE8B,0x0626,0xFE8C,0x0626,0xFE8D,0x0627,0xFE8E,0x0627,0xFE8F,0x0628,
0xFE90,0x0628,0xFE91,0x0628,0xFE92,0x0628,0xFE93,0x0629,0xFE94,0x0629,0xFE95,0x062A,0xFE96,0x062A,0xFE97,0x062A,
0xFE98,0x062A,0xFE99,0x062B,0xFE9A,0x062B,0xFE9B,0x062B,0xFE9C,0x062B,0xFE9D,0x062C,0xFE9E,0x062C,0xFE9F,0x062C,
0xFEA0,0x062C,0xFEA1,0x062D,0xFEA2,0x062D,0xFEA3,0x062D,0xFEA4,0x062D,0xFEA5,0x062E,0xFEA6,0x062E,0xFEA7,0x062E,
0xFEA8,0x062E,0xFEA9,0x062F,0xFEAA,0x062F,0xFEAB,0x0630,0xFEAC,0x0630,0xFEAD,0x0631,0xFEAE,0x0631,0xFEAF,0x0632,
0xFEB0,0x0632,0xFEB1,0x0633,0xFEB2,0x0633,0xFEB3,0x0633,0xFEB4,0x0633,0xFEB5,0x0634,0xFEB6,0x0634,0xFEB7,0x0634,
0xFEB8,0x0634,0xFEB9,0x0635,0xFEBA,0x0635,0xFEBB,0x0635,0xFEBC,0x0635,0xFEBD,0x0636,0xFEBE,0x0636,0xFEBF,0x0636,
0xFEC0,0x0636,0xFEC1,0x0637,0xFEC2,0x0637,0xFEC3,0x0637,0xFEC4,0x0637,0xFEC5,0x0638,0xFEC6,0x0638,0xFEC7,0x0638,
0xFEC8,0x0638,0xFEC9,0x0639,0xFECA,0x0639,0xFECB,0x0639,0xFECC,0x0639,0xFECD,0x063A,0xFECE,0x063A,0xFECF,0x063A,
0xFED0,0x063A,0xFED1,0x0641,0xFED2,0x0641,0xFED3,0x0641,0xFED4,0x0641,0xFED5,0x0642,0xFED6,0x0642,0xFED7,0x0642,
0xFED8,0x0642,0xFED9,0x0643,0xFEDA,0x0643,0xFEDB,0x0643,0xFEDC,0x0643,0xFEDD,0x0644,0xFEDE,0x0644,0xFEDF,0x0644,
0xFEE0,0x0644,0xFEE1,0x0645,0xFEE2,0x0645,0xFEE3,0x0645,0xFEE4,0x0645,0xFEE5,0x0646,0xFEE6,0x0646,0xFEE7,0x0646,
0xFEE8,0x0646,0xFEE9,0x0647,0xFEEA,0x0647,0xFEEB,0x0647,0xFEEC,0x0647,0xFEED,0x0648,0xFEEE,0x0648,0xFEEF,0x0649,
0xFEF0,0x0649,0xFEF1,0x064A,0xFEF2,0x064A,0xFEF3,0x064A,0xFEF4,0x064A,0xFEF5,0xFEF5,0xFEF6,0xFEF5,0xFEF7,0xFEF7,
0xFEF8,0xFEF7,0xFEF9,0xFEF9,0xFEFA,0xFEF9,0xFEFB,0xFEFB,0xFEFC,0xFEFB,0xFEFD,0x00AD,0xFEFE,0x00AD,0xFEFF,0x00AD,
0xFF00,0x00AD,0xFF21,0xFF21,0xFF22,0xFF22,0xFF23,0xFF23,0xFF24,0xFF24,0xFF25,0xFF25,0xFF26,0xFF26,0xFF27,0xFF27,
0xFF28,0x2095,0xFF29,0xFF29,0xFF2A,0xFF2A,0xFF2B,0x2096,0xFF2C,0x2097,0xFF2D,0x2098,0xFF2E,0xFF2E,0xFF2F,0xFF2F,
0xFF30,0x209A,0xFF31,0xFF31,0xFF32,0xFF32,0xFF33,0x209B,0xFF34,0x209C,0xFF35,0xFF35,0xFF36,0xFF36,0xFF37,0xFF37,
0xFF38,0xFF38,0xFF39,0xFF39,0xFF3A,0xFF3A,0xFF41,0xFF21,0xFF42,0xFF22,0xFF43,0xFF23,0xFF44,0xFF24,0xFF45,0xFF25,
0xFF46,0xFF26,0xFF47,0xFF27,0xFF48,0x2095,0xFF49,0xFF29,0xFF4A,0xFF2A,0xFF4B,0x2096,0xFF4C,0x2097,0xFF4D,0x2098,
0xFF4E,0xFF2E,0xFF4F,0xFF2F,0xFF50,0x209A,0xFF51,0xFF31,0xFF52,0xFF32,0xFF53,0x209B,0xFF54,0x209C,0xFF55,0xFF35,
0xFF56,0xFF36,0xFF57,0xFF37,0xFF58,0xFF38,0xFF59,0xFF39,0xFF5A,0xFF3A,0xFF62,0x20B1,0xFF63,0x20A0,0xFF70,0x3005,
0xFF9E,0x030D,0xFF9F,0x0591,0xFFBF,0x00AD,0xFFC0,0x00AD,0xFFC1,0x00AD,0xFFC8,0x00AD,0xFFC9,0x00AD,0xFFD0,0x00AD,
0xFFD1,0x00AD,0xFFD8,0x00AD,0xFFD9,0x00AD,0xFFDD,0x00AD,0xFFDE,0x00AD,0xFFDF,0x00AD,0xFFE7,0x00AD,0xFFEF,0x00AD,
0xFFF0,0x00AD,0xFFF1,0x00AD,0xFFF2,0x00AD,0xFFF3,0x00AD,0xFFF4,0x00AD,0xFFF5,0x00AD,0xFFF6,0x00AD,0xFFF7,0x00AD,
0xFFF8,0x00AD,0xFFF9,0x00AD,0xFFFA,0x00AD,0xFFFB,0x00AD,0xFFFC,0x00AD,0xFFFD,0x00AD,0xFFFE,0x00AD,0xFFFF,0x00AD,

};
const unsigned wia_sci_npairs = 8472;
